fecha,merval_cierre_ma_3,emae_tendencia_ciclo_ma_5,merval_apertura,emae_desestacionalizado_lag2,badlar_ma_3,emae_tendencia_ciclo_lag3,emae_tendencia_ciclo_hp_ema20,inflacion_lag2,emae_desestacionalizado_lag3,badlar_ma_5,base_monetaria_std20,tasa_prestamos_personales_ma_5,emae_desestacionalizado_hp_ema20,tc_mayorista_std20,emae_desestacionalizado_diff10,tasa_prestamos_personales_ma_3,merval_maximo_hp_rm20,emae_desestacionalizado_hp_rm20,emae_desestacionalizado_std20,emae_original_std20,tasa_prestamos_personales_std20,m1_std20,merval_minimo_spec_centroid,tc_minorista_std20,m2_transaccional_std20,emae_tendencia_ciclo_diff10,inflacion_diff10,merval_maximo_diff10,merval_cierre_hp_rm20,badlar_spec_centroid,badlar_std20,inflacion_hp_ema20,merval_cierre_diff3,merval_minimo_pct1,inflacion_hp_rm20,badlar_hp_ema20,merval_cierre_pct3,merval_cierre_std20,badlar_pct10,merval_apertura_std20,badlar_hp_rm20,tasa_prestamos_personales_spec_centroid,emae_original_lag2,m2_hp_ema20,m2_hp_rm20,tc_mayorista_pct1,inflacion_pct10,emae_tendencia_ciclo_pct10,emae_desestacionalizado_pct10,merval_cierre_diff1,merval_minimo_diff1,merval_cierre_pct1,merval_maximo_diff1,m2_std20,badlar_diff10,m2_transaccional_diff10,m2_pct10,emae_tendencia_ciclo_diff3,tc_mayorista_pct10,m2_spec_centroid,merval_apertura_+1
2023-01-02,202833.37503333332,149.64334192,202085.125,148.762438,68.39583333333333,149.7174516,-0.3352580761904562,5.1,148.762438,68.3625,210527.0717037484,79.812,0.8368606095238249,2.876628326064354,0.9249512000000096,80.21333333333334,26893.70000000001,0.8787036399999977,0.2068253759070011,0.7044995348314099,1.4962861920171031,307038.89791747625,0.0844480121341366,2.8793845742303548,484732.36420002097,-0.3705483999999899,0.9000000000000004,38807.0,27557.78988,0.3147580882903746,0.6300046339637434,0.814285714285715,4494.140699999989,0.037285508235765,0.8549999999999995,-0.6180553262300066,0.0221866913205124,15230.421698208218,-0.0154405086285195,13893.848386046564,-0.6781249999999943,0.1825168843012342,146.180808,669351.2690972574,861979.75,0.0057020267600067,0.1764705882352941,-0.002474984686421,0.0062176394285768,4969.218800000002,7264.0,0.0245897306889857,5181.0,678183.8914003595,-1.0625,856731.3670000006,0.0856299382700176,-0.3705483999999899,0.025856608119781,0.0859788222742523,207054.3438
2023-01-03,202499.9844,149.56923224000002,207054.3438,148.762438,68.375,149.7174516,-0.3033287356008713,5.1,148.762438,68.4375,198567.2448422762,80.542,0.7571595990930007,2.794971801006423,0.9249512000000096,81.85333333333334,23959.149999999998,0.8324560800000143,0.284693972380558,0.9697396667689032,1.576523824247843,293412.2091103221,0.0781726105875609,2.8662649453325173,487386.7352451167,-0.3705483999999899,0.9000000000000004,34463.0,17430.49297999998,0.3160761571905098,0.6295557644294241,0.7367346938775521,-1000.1719000000156,-0.0217730163050201,0.8100000000000005,0.0062832762680926,-0.0050168971077971,15603.588796046675,0.0018315018315018,15241.478902436507,-0.0562500000000056,0.1589825513469352,146.180808,463820.10061180405,627542.25,0.0016279330863366,0.1764705882352941,-0.002474984686421,0.0062176394285768,-8693.859400000016,-4400.0,-0.0419882975669309,-1155.0,664671.0175046931,0.125,589102.4289999995,0.0459787486282714,-0.3705483999999899,0.0258724774334502,0.0809540079731287,198360.4844
2023-01-04,202158.474,149.49512256,198360.4844,149.6873892,68.5,149.7174516,-0.2744402845912645,6.0,148.762438,68.5875,202285.75343333464,81.73800000000001,0.6850491610841516,2.743139720523879,0.9249512000000096,83.82333333333334,16834.54999999999,0.7862085200000308,0.338853604632218,1.1542210707581868,1.7283027877995747,287180.8564269064,0.0790967158817731,2.8749616015742228,489511.3362562464,-0.3705483999999899,0.9000000000000004,20787.0,18300.936755,0.3026061162528482,0.6593442091838014,0.6665694849368329,-1024.5311999999976,-0.0025393934795254,0.7650000000000006,0.9104467737663668,-0.0050698001646583,15716.626269665629,0.0183486238532109,15612.444971438255,0.9156250000000056,0.1707241550088218,143.0301903,374266.6148392502,502017.44999999925,0.0012329765174017,0.1764705882352941,-0.002474984686421,0.0062176394285768,2700.109400000016,-502.0,0.0136121335263286,-5615.0,638620.4578385701,1.25,574635.2799999993,0.0428341403682792,-0.3705483999999899,0.0252510760401722,0.0793503387075313,201379.75
2023-01-05,203022.3646,149.42101288,201379.75,149.6873892,68.79166666666667,149.3469032,-0.2483031146301755,6.0,149.6873892,68.625,198144.49492292287,82.812,0.6198063838380392,2.664157613481928,0.9249512000000096,83.98666666666666,23371.79999999999,0.739960960000019,0.379591963174076,1.2929862223585389,1.8130277090227285,271707.2059565693,0.074802618642483,2.8057581300266103,490487.8454423206,-0.3705483999999899,0.9000000000000004,27438.0,24808.56090000001,0.3023748798731663,0.6600064792345459,0.6030866768476111,2591.671800000011,0.0212847963566837,0.7200000000000006,0.145166128645755,0.0125168675645046,16406.94476680272,-0.0108108108108108,15742.402343538191,0.1624999999999943,0.1265199190177568,143.0301903,307995.0800926555,396342.44999999925,0.0016232857542681,0.1764705882352941,-0.002474984686421,0.0062176394285768,8585.421800000011,4197.0,0.0427006686777227,8613.0,603815.0923176535,-0.75,419228.4389999993,0.0296716748361665,0.0,0.0249155163525975,0.0748857371124313,213794.25
2023-01-06,206784.2083333333,149.3469032,213794.25,149.6873892,69.0,149.3469032,-0.2246551989510976,6.0,149.6873892,68.625,191441.99953688635,83.322,0.5607772044249089,2.55642117236702,0.9249512000000096,83.24333333333334,27357.45000000001,0.6937134000000071,0.410920353976446,1.3996986441322128,1.8009274657359462,250282.50769057628,0.0958352777478495,2.704762806995312,481706.4165968362,-0.3705483999999899,0.9000000000000004,27920.0,22885.15465000001,0.2797098612545038,0.6703605176949295,0.5456498504811718,11285.531200000029,0.0410467772370641,0.6749999999999998,0.47062649734616,0.0568940494077561,16966.623684091017,0.0082191780821918,16778.23932783606,0.5062499999999943,0.1394679638646221,143.0301903,105175.92960764097,150862.25,0.0016765396222198,0.1764705882352941,-0.002474984686421,0.0062176394285768,0.0,8266.0,0.0,6228.0,569135.5555706599,0.5625,394035.3930000011,0.0018865448632026,0.0,0.0251072347726624,0.0748467183656964,213794.25
2023-01-09,211672.24476666667,149.3469032,213794.25,149.6873892,68.83333333333333,149.3469032,-0.2032594657176503,6.0,149.6873892,68.85,206003.7903875789,82.922,0.507369851622542,2.593407634348056,0.9249512000000096,82.18666666666667,26798.899999999998,0.6474658399999953,0.4348772261105224,1.4813018091232537,1.7288580806873322,236787.51001391225,0.0974596879281479,2.778840348816464,449813.3634817072,-0.3705483999999899,0.9000000000000004,25472.0,26500.930435000017,0.2581257800445282,0.6345973650981194,0.4936831980543941,14664.109300000013,0.0197857340469171,0.6299999999999999,0.3127096880751026,0.0729337809207246,17434.362896526858,0.0100824931255729,17605.12485651936,0.4124999999999943,0.1499960436738646,143.0301903,-166993.77797403932,-184269.4000000004,0.0050212006248604,0.1764705882352941,-0.002474984686421,0.0062176394285768,6078.6875,4148.0,0.0289950060944539,1787.0,514894.0030052583,0.6875,66726.96600000001,-0.0335127639578207,0.0,0.0249786628733996,0.068024292016183,215724.7031
2023-01-10,213727.23436666667,149.3469032,215724.7031,149.6873892,68.70833333333333,149.3469032,-0.1839014213635721,6.0,149.6873892,68.825,205870.02584857796,82.574,0.4590489133727828,2.6054782367360665,0.9249512000000096,81.45666666666666,24888.649999999998,0.6012182800000119,0.4526345677682088,1.5417878054997751,1.6889520263667686,220504.9078387792,0.1038293176878148,2.843665351545225,400492.195289192,-0.3705483999999899,0.9000000000000004,22423.0,24071.681264999992,0.2634024718255537,0.482538432475378,0.4466657506206424,6164.968799999973,0.000439675575554,0.5850000000000009,-0.2825483774558677,0.0294065631648472,17460.791479480496,0.0036764705882352,17991.203454319748,-0.2906250000000057,0.1406133971707426,143.0301903,-108809.18007175066,-180283.4000000004,0.001443321860775,0.1764705882352941,-0.002474984686421,0.0062176394285768,86.28129999997327,94.0,0.000399960221338,529.0,460813.98150531296,0.25,-34330.520000001416,-0.0325294142506001,0.0,0.02459249162265,0.0703510108274415,215810.9844
2023-01-11,218721.0677,149.3469032,215810.9844,149.6873892,68.77083333333333,149.3469032,-0.1663870002813325,6.0,149.6873892,68.7875,199054.4169706505,81.822,0.4153299692420376,2.5973534607365205,0.9249512000000096,81.32333333333334,29415.0,0.55497072,0.4649033101189115,1.5835782446136093,1.690374841644051,203692.32599876163,0.1058670254390335,2.857483756918403,346755.7638452344,-0.3705483999999899,0.9000000000000004,22388.0,29867.671059999997,0.3082162565879987,0.4653274172699972,0.4041261553234383,14981.5,0.0089906867145421,0.5400000000000009,0.592575277539936,0.0714609335985874,17673.012853192027,0.0081967213114753,17950.14662439366,0.5750000000000028,0.1414349088023489,143.0301903,8119.170411273837,-107158.30000000076,0.0016075388026606,0.1764705882352941,-0.002474984686421,0.0062176394285768,8816.531200000027,1923.0,0.0408530234200628,7433.0,402974.31989005534,0.5625,-198869.3359999992,-0.0405337376432168,0.0,0.0244358770835695,0.0749975214926969,224627.5156
2023-01-12,224864.0677,149.3469032,224627.5156,149.6873892,68.70833333333333,149.3469032,-0.1505406193021485,6.0,149.6873892,68.8,198205.3403798743,80.99000000000001,0.3757747340761455,2.567766334261815,0.9249512000000096,80.76666666666667,34852.100000000006,0.5087231600000166,0.4721115432310513,1.608131309498371,1.723705005901072,188450.09781887516,0.1222027595653571,2.806240414354721,294695.2015459596,-0.3705483999999899,0.9000000000000004,28994.0,35922.83356,0.2930473200014765,0.4637341286828821,0.3656379500545395,18429.0,0.0348962749813495,0.4950000000000001,0.0837585844408863,0.0854283247823368,18272.338726148737,0.0036529680365295,18077.185938585582,0.0625,0.1374760542508776,143.0301903,122451.53513400815,-19819.5,0.0015496153633294,0.1764705882352941,-0.002474984686421,0.0062176394285768,9526.1875,7531.0,0.0424088183255497,8918.0,359041.4636646772,0.25,-469989.9210000001,-0.0480860230974123,0.0,0.0239334615819848,0.0796506235889319,234153.7031
2023-01-13,233645.23956666669,149.3469032,234153.7031,149.6873892,68.6875,149.3469032,-0.1362034174638324,6.0,149.6873892,68.6375,189648.51291322877,80.824,0.3399866641641438,2.516028407504238,0.9249512000000096,80.32666666666667,39814.5,0.4624756000000332,0.4744899539675898,1.6162327779481798,1.732639832588896,160641.54248232738,0.1350913500766677,2.737590181162959,255540.57634483103,-0.3705483999999899,0.9000000000000004,40760.0,40071.383585,0.2922076106671485,0.4578783128104138,0.3308152881445831,26343.515600000013,0.0394820499503003,0.4500000000000002,-0.3765993759820532,0.1220675382823563,19027.897940944396,-0.0117753623188405,18574.68604572923,-0.390625,0.1363652850839564,143.0301903,85571.9603593424,-78287.05000000075,0.0017129911034978,0.1764705882352941,-0.002474984686421,0.0062176394285768,8000.796899999987,8818.0,0.0341689958094879,8841.0,324262.88454285066,-0.8125,-481657.8149999995,-0.0506552391421253,0.0,0.0234291198554734,0.0863030814396673,250556.0313
2023-01-16,242288.07813333333,149.3469032,250556.0313,149.6873892,68.77083333333333,149.3469032,-0.1232316634196593,6.0,149.6873892,68.75,187009.0649293408,80.662,0.30760698186279,2.5480896352902365,0.0,80.25333333333333,42524.79999999999,0.4162280399999929,0.4721115432310513,1.6081313094983736,1.734865382309773,140830.65766862562,0.1565916222546604,2.7544106256578176,240499.7490145098,0.0,0.0,42347.0,44393.40160000001,0.2980049248799796,0.4945737631909421,0.2993090702260517,25928.51569999999,0.0792384562370778,0.4049999999999993,0.7902196122067124,0.1154289385730089,20260.37496478983,0.0249077490774907,20201.393440539327,0.828125,0.1362247233384624,143.0301903,-52589.321579642594,-242668.1500000004,0.0048543689320388,0.0,0.0,0.0,8401.531300000002,18396.0,0.0346949212176523,6768.0,293296.23062021966,1.6875,-681627.9500000011,-0.0467515244361737,0.0,0.0225665207140453,0.0717123281995094,257668.8125
2023-01-17,250126.44793333331,149.3469032,257668.8125,149.6873892,68.91666666666667,149.3469032,-0.111495314522557,6.0,149.6873892,68.925,187678.6140860193,80.33200000000001,0.2783110788282386,2.558588169489659,0.0,80.36,45383.9,0.3699804800000095,0.4649033101189115,1.583578244613615,1.7425790777193606,129273.35796059888,0.1411624729209448,2.727597747778083,240091.99919063356,0.0,0.0,50615.0,47239.53436499997,0.2943330613621479,0.4997840816687585,0.2708034444902374,23515.109399999987,0.0283888631683135,0.3599999999999994,0.4322225062822582,0.1004259556380253,21696.13441862348,0.0109689213893966,22003.08395246726,0.4718749999999971,0.1444587063057039,143.0301903,-155711.62428634427,-361897.5500000008,0.0018115942028986,0.0,0.0,0.0,7112.781199999998,7113.0,0.0283879863641502,7113.0,293661.6117258409,0.75,-583381.6109999996,-0.0444035142333367,0.0,0.0227540211847783,0.0717213035492027,260750.0469
2023-01-18,247865.75003333332,149.3469032,260750.0469,149.6873892,69.27083333333333,149.3469032,-0.1008767131394563,6.0,149.6873892,68.9375,166539.61663690503,80.254,0.2518052617969886,2.5492054489688343,0.0,80.37333333333333,50629.29999999999,0.3237329199999976,0.4526345677682088,1.541787805499785,1.730179409620193,113969.0035373243,0.1018169929176604,2.6794341507902204,245725.4375755556,0.0,0.0,65805.0,22167.103165000008,0.2367871670271468,0.5005239853078324,0.2450126402530719,-6782.093699999998,-0.0909267315819908,0.3150000000000004,0.504153696160131,-0.0280072998849907,21122.176427701284,-0.0018018018018017,23425.43373647153,0.5406250000000057,0.1268667999070159,143.0301903,-20219.279116215184,-235489.34999999963,0.0016987232177105,0.0,0.0,0.0,-22296.4062,-23429.0,-0.0865312568629158,9575.0,286043.742570824,-0.125,-658471.1779999994,-0.0300953784417146,0.0,0.0232297788972852,0.073327678484948,235372.4063
2023-01-19,242740.31773333333,149.3469032,235372.4063,149.6873892,69.08333333333333,149.3469032,-0.0912694071261626,6.0,149.6873892,68.975,147767.3897123764,80.216,0.227823808292527,2.5234206107874844,0.0,80.02333333333333,16962.04999999999,0.2774853599999858,0.4348772261105244,1.481301809123266,1.7521082038203954,104342.9816702618,0.0878156390477796,2.5882545937571773,259550.580998961,0.0,0.0,26207.0,19338.43439000001,0.2396933739516009,0.477484413495971,0.2216781030861128,-15376.296900000016,-0.0498719262295082,0.2700000000000004,0.1168533441448858,-0.0613686959368757,20359.14418774373,0.0036429872495447,22737.15420041745,0.1906249999999971,0.1311403366754513,143.0301903,-10579.63348609954,-228223.30000000077,0.0018052516411377,0.0,0.0,0.0,-192.6719000000157,-11682.0,-0.0008185832104483,-30985.0,284927.8941675376,0.25,-707134.1539999992,-0.0268225453974541,0.0,0.0234156700570022,0.0729681683707776,235372.4063
2023-01-20,235243.95836666663,149.3469032,235372.4063,149.6873892,69.0,149.3469032,-0.0825770826379539,6.0,149.6873892,69.1125,119936.16703146184,79.83399999999999,0.2061263027408699,2.471145643112391,0.0,79.49666666666666,14567.100000000006,0.2312378000000023,0.4109203539764514,1.3996986441322294,1.8300597488089096,92485.1883839759,0.0847273177557462,2.488446143786562,271538.1968606494,0.0,0.0,19979.0,16968.650014999992,0.2450085610799998,0.4755969240970138,0.2005659027921975,-22489.078100000013,0.0,0.2249999999999996,0.1057244542263333,-0.0872790070393172,19668.099100061954,-0.0018115942028985,21865.233846157866,0.1687500000000028,0.1178301459702299,143.0301903,-84055.66839218512,-300242.5999999996,0.0016927865450773,0.0,0.0,0.0,0.0,0.0,0.0,0.0,292529.76361702365,-0.125,-638384.9790000003,-0.0184432664335572,0.0,0.0234322695826822,0.0779469072663044,247680.0
2023-01-23,240240.58856666667,149.3469032,247680.0,149.6873892,69.25,149.3469032,-0.0747125985771788,6.0,149.6873892,69.225,99672.78076548768,79.75999999999999,0.1864952262893666,2.5068715563426136,0.0,79.43,31175.85000000001,0.1849902400000189,0.3795919631740854,1.2929862223585602,1.834135103787988,94294.6485802322,0.1168359449453502,2.501622420918479,283216.7721279429,0.0,0.0,37973.0,29256.96564000001,0.2931056538033934,0.5398872171452708,0.1814643882405597,14989.890599999984,0.1128784406761382,0.1799999999999997,1.1135126014428778,0.0636858450641586,19939.105833168305,0.0163339382940108,21722.524297021635,1.203125,0.1145054936050428,143.0301903,70595.25240707025,-128201.5,0.0050697775839512,0.0,0.0,0.0,15182.5625,25122.0,0.0645572737750315,19781.0,293731.0492084645,1.125,-350459.2410000004,0.0182884290487732,0.0,0.0234817364272232,0.0755842560185041,250362.2969
2023-01-24,245883.31253333332,149.3469032,250362.2969,149.6873892,69.33333333333333,149.3469032,-0.067597112998385,6.0,149.6873892,69.225,80206.67832967654,79.63199999999999,0.1687337761665617,2.52220762741474,0.0,79.38666666666667,25620.35000000001,0.1387426800000071,0.3388536046322348,1.1542210707582148,1.8467353841163527,93310.39926049896,0.1076297053625573,2.496905242389799,303390.30156086053,0.0,0.0,34747.0,28174.31800500001,0.2471110625637974,0.5102868614035444,0.1641820655509827,16928.171900000016,-0.001671511627907,0.1349999999999998,0.2157971155911724,0.0719797219908757,20133.142388096418,0.0128205128205127,21688.371431996944,0.2718749999999943,0.1125915668256929,143.0301903,-319319.2002031263,-518817.0999999996,0.0017356402885502,0.0,0.0,0.0,1745.6094000000155,-414.0,0.0069723333809212,-2697.0,317115.25758956297,0.875,-380275.6579999998,-0.0203208194152679,0.0,0.0237804878048779,0.1223709862301215,252107.9063
2023-01-25,254181.26566666667,149.3469032,252107.9063,149.6873892,69.39583333333333,149.3469032,-0.0611592927128299,6.0,149.6873892,69.1875,61220.11541234823,79.062,0.1526638927221313,2.516573694111569,0.0,79.08666666666666,29803.29999999999,0.0924951199999952,0.2846939723805874,0.9697396667689412,1.922073715657404,87233.37560509176,0.1078933607400249,2.462968416576354,313709.6620634077,0.0,0.0,34333.0,33264.335970000044,0.2535967158954621,0.5093694502442548,0.1485456783556511,24893.859400000016,0.0049541789004554,0.0900000000000007,0.1386973902967696,0.1058503593581743,21008.03596081244,-0.0018066847335139,21606.314903965933,0.1875,0.114265538398523,143.0301903,-127368.94304092228,-304891.0,0.0017326330608045,0.0,0.0,0.0,7965.6875,1225.0,0.0315963414908577,7019.0,313423.62152591685,-0.125,-268743.06200000085,-0.0151946655194665,0.0,0.0239083513199402,0.126655072256773,260073.5938
2023-01-26,257893.43233333333,149.3469032,260073.5938,149.6873892,69.02083333333333,149.3469032,-0.0553345981687414,6.0,149.6873892,69.1875,55510.82591226466,78.752,0.1381244743676575,2.4937709766957608,0.0,78.34333333333333,30870.5,0.0462475600000118,0.2068253759070547,0.7044995348314688,1.9570328642051351,75430.12849684904,0.1235306049915709,2.4324914669618334,306416.6360758578,0.0,0.0,29402.0,31582.63204,0.2451849373603184,0.4988782647363454,0.134398470893208,11136.5,0.0437158689851946,0.0449999999999999,-0.0441547421124397,0.0444815379068364,21327.391447027465,0.0027297543221109,22153.028336747146,-0.0218749999999943,0.1114718217588303,143.0301903,7277.956296307966,-129089.5,0.0016755851035079,0.0,0.0,0.0,1425.2030999999845,10863.0,0.0054799992539649,3987.0,276741.8006823234,0.1875,-118416.50500000082,-0.01438129384967,0.0,0.0240371332265016,0.1418154383438822,261498.7969
2023-01-27,258622.599,149.3469032,261498.7969,149.6873892,68.72916666666667,149.3469032,-0.0500646364383783,6.0,149.6873892,69.0625,52673.31657966125,78.582,0.1249697625231363,2.4569930274304177,0.0,77.74666666666667,26859.20000000001,0.0,0.0,0.0,2.025925324648627,78568.18821585615,0.1100793537623487,2.416681282472449,288872.9305631641,0.0,0.0,19566.0,21768.727375000017,0.2133044102223432,0.5185200822127546,0.1215986165224265,2187.5,-0.0201616323634877,0.0,-0.6054257190541108,0.0086768401360524,20933.201848020897,0.000916590284143,22163.62700500089,-0.609375,0.1226693028403175,143.0301903,276171.2937918976,194666.19999999923,0.0016727822145479,0.0,0.0,0.0,-7203.390599999984,-5229.0,-0.0275465535038565,-995.0,229590.37799079905,0.0625,-143859.26700000092,0.0118229032465859,0.0,0.0239960282436009,0.1218570131926822,254295.4063
2023-01-30,253889.76566666667,149.3469032,254295.4063,149.6873892,68.875,149.3469032,-0.0452965758252048,6.0,149.6873892,68.9625,50231.92805544104,78.01,0.1130678803780824,2.520005430236336,0.0,77.67666666666666,16043.100000000006,0.0,0.0,0.0,2.0399207285939824,101935.2959055582,0.1076135977161725,2.48223132854719,265821.1116557768,0.0,0.0,4315.0,11407.377375000013,0.3113733713560242,0.4665077952471455,0.1100177959012436,-14198.5,-0.0325076242006886,0.0,0.5831862541891439,-0.0545941623389832,20235.153939326297,0.0009000900090008,21531.42789954029,0.5531249999999943,0.1285545466354977,143.0301903,513523.21819266863,487078.69999999925,0.0051177072671444,0.0,0.0,0.0,-8420.3125,-8261.0,-0.0331123264179861,-8483.0,227289.3582203556,0.0625,323994.2120000012,0.0474062040471987,0.0,0.0242643829600353,0.1215832992587984,245875.125
2023-01-31,251239.6615,149.3469032,245875.125,149.6873892,69.0,149.3469032,-0.0409826162228057,6.0,149.6873892,68.9875,47024.063023611365,77.374,0.102299510818284,2.559536296408224,0.0,77.08999999999999,14438.850000000006,0.0,0.0,0.0,2.095573279181885,112654.56514741722,0.1176655476076197,2.54934026553417,258053.25034294563,0.0,0.0,-1970.0,16321.367975,0.26821213951073,0.4508193381587974,0.0995399105773158,-7950.3125,4.474018156375159e-05,0.0,0.3014542299806635,-0.0304028645418215,18761.41810769761,0.0018083182640145,20657.002118202545,0.2593750000000057,0.1619247924269612,143.0301903,386602.2450314611,398334.0999999996,0.0016078893772106,0.0,0.0,0.0,7673.390599999984,11.0,0.0312084907885858,828.0,231615.3678600297,0.125,481659.7650000006,0.0506106043193519,0.0,0.0240561126637075,0.1191532117178693,253548.4844
2023-02-01,250161.90106666667,149.27809358,253548.4844,149.6873892,69.25,149.3469032,-0.348361124201574,6.0,149.6873892,68.975,47178.94093148958,77.78399999999999,-0.0093117092596628,2.5813465988040862,-0.1125914000000136,77.75666666666667,11785.700000000012,-0.1069618300000172,0.0251762024087445,1.2898005020513093,1.7926119578924586,118727.4934313135,0.1209451304446906,2.615338561156833,248003.20086080304,-0.344048100000009,0.5999999999999996,-11482.0,11334.932015,0.263821912119162,0.4416974397588389,0.6329170619509048,-3233.2813000000024,0.0035790543975597,0.5699999999999994,0.0465538271253649,-0.012714666564545,16930.52028639636,-0.0036101083032491,18911.64742383072,0.0281250000000028,0.1318094900060291,143.0301903,380198.3645522744,425243.8000000008,0.0023009417808219,0.0999999999999998,-0.002303684191826,-0.0007521769242001,-2486.359399999986,880.0,-0.0098062483232101,63.0,242385.2969843025,-0.25,544199.5439999998,0.0419448410388374,-0.344048100000009,0.024671772428884,0.1143848575069627,251062.125
2023-02-02,251155.03126666663,149.20928396000002,251062.125,149.6873892,68.33333333333333,149.3469032,-0.3151838742776078,6.0,149.6873892,68.55,52780.48143703201,77.97999999999999,-0.0084248798063697,2.578649381280532,-0.1125914000000136,78.29333333333334,9083.149999999994,-0.1013322600000208,0.0346549017096814,1.7754031723483004,1.503075706326023,125540.66220063774,0.1265058468071812,2.613078644051928,228673.81006771704,-0.344048100000009,0.5999999999999996,19064.0,7166.867975000001,0.2708627138676107,0.6628273148732906,0.5726392465270091,2979.3905999999843,0.0031245567465705,0.54,-1.9935941564103812,0.0121174965465329,15471.149449723594,-0.0308529945553539,16827.392100269848,-2.128124999999997,0.1244805711650369,143.0301903,340915.5203092005,413616.8000000008,0.0016016229779509,0.0999999999999998,-0.002303684191826,-0.0007521769242001,-2207.6406000000134,771.0,-0.0087932044708057,-439.0,254091.38018988384,-2.125,485159.98900000006,0.0409462443933426,-0.344048100000009,0.0244634958772458,0.1139259250740817,248854.5781
2023-02-03,246428.85416666663,149.14047434000005,248854.5781,149.5747978,68.27083333333333,149.3469032,-0.2851663624416289,6.6,149.6873892,68.7125,52520.95427139067,78.39,-0.0076225103010187,2.5554788921884217,-0.1125914000000136,79.44,2556.75,-0.0957026899999959,0.0412475833761652,2.113152447855547,1.4473637559733803,125200.75646940558,0.1194690704931087,2.5950018253720994,217715.4307126363,-0.344048100000009,0.5999999999999996,14249.0,-3803.8601999999664,0.2742811136052534,0.6635790616442497,0.518102175429199,-14178.531299999971,-0.0340287484951076,0.5099999999999998,0.2885338584858488,-0.0559203946083614,13538.06446060843,0.0027223230490018,15543.835156012983,0.1812500000000056,0.1202347444835149,137.2620271,199534.85170832463,281441.25,0.0018122701348541,0.0999999999999998,-0.002303684191826,-0.0007521769242001,-9484.531299999971,-8423.0,-0.0381127602456818,-4815.0,262238.53238263354,0.1875,514347.37099999934,0.0381070661048912,-0.344048100000009,0.0245856955952898,0.1141467767692215,239369.9531
2023-02-06,242531.46353333336,149.07166472,239369.9531,149.5747978,68.41666666666667,149.0028551,-0.2580076612566984,6.6,149.5747978,68.7,53259.23234743473,79.144,-0.0068965569390115,2.6378389779673217,-0.1125914000000136,79.94333333333333,-5299.200000000012,-0.0900731200000279,0.0462065356126629,2.367204229797724,1.4287440196495382,126937.02576982915,0.1306590383326072,2.6954177002735102,227286.9449793858,-0.344048100000009,0.5999999999999996,-12094.0,-4986.122699999978,0.2757300170218003,0.6751202987343753,0.4687591111026092,-11692.171899999988,-0.0141403495564672,0.4799999999999995,0.6003401576776781,-0.0465708314227005,11954.663055683312,-0.0080357142857142,13944.625525302292,0.5281250000000028,0.1211391084024906,137.2620271,253198.38964086585,331455.5,0.0061186485767492,0.0999999999999998,-0.002303684191826,-0.0007521769242001,0.0,-3381.0,0.0,-6562.0,267487.7938365161,-0.5625,524651.6320000011,0.031002118497891,0.0,0.0256549330151325,0.116119144292156,243607.5938
2023-02-07,241848.0208333333,149.0028551,243607.5938,149.5747978,68.83333333333333,149.0028551,-0.2334355030417612,6.6,149.5747978,68.45,55145.5124260842,80.03200000000001,-0.0062397419924309,2.6938258354203986,-0.1125914000000136,80.50999999999999,-1121.2999999999884,-0.0844435500000315,0.0500200420767445,2.5625737486885045,1.3572645671582495,123092.11073466032,0.1564961158373593,2.769021487818472,232021.4432972726,-0.344048100000009,0.5999999999999996,-3665.0,898.4219050000247,0.2764055306327602,0.6901191139559905,0.4241153862356945,-2050.3280999999843,0.0334546626958875,0.4499999999999993,-0.7574303335297259,-0.0082390643067711,9890.206284375348,-0.0162748643761302,12172.48642055143,-0.8968749999999943,0.1238906334440921,137.2620271,101142.7811036408,169151.75,0.0019037546271813,0.0999999999999998,-0.002303684191826,-0.0007521769242001,7434.203199999989,7886.0,0.0310573783539751,5732.0,265063.60694803606,-1.125,556491.6530000009,0.0557005870198126,0.0,0.0258270615626186,0.0939677813335232,246804.2031
2023-02-08,245433.1719,149.0028551,246804.2031,149.5747978,68.89583333333333,149.0028551,-0.2112035503710956,6.6,149.5747978,68.5,57166.928543531154,80.268,-0.0056454808502905,2.7298208925243848,-0.1125914000000136,80.88666666666666,-1727.1000000000058,-0.0788139800000067,0.0529362367615861,2.711973142116926,1.356689469182092,117930.20460525589,0.1741981645883114,2.794429421093715,233182.74461650196,-0.344048100000009,0.5999999999999996,-10077.0,2944.7773700000253,0.2773981253085543,0.6916442080480029,0.383723444689438,10755.453199999987,0.0045729204295426,0.419999999999999,0.445658269663582,0.0449323445182225,8556.448294747186,0.0027149321266968,9862.886061821357,0.3499999999999943,0.1239097260813633,137.2620271,120788.23052234204,184888.1500000004,0.0021112635912594,0.0999999999999998,-0.002303684191826,-0.0007521769242001,3321.25,1114.0,0.0134570262097324,607.0,266837.7306634283,0.1875,366159.620000001,0.0428321783510845,0.0,0.0262147992000434,0.0921175461250892,250125.4063
2023-02-09,248389.38546666663,149.0028551,250125.4063,149.5747978,68.60416666666667,149.0028551,-0.1910889265262199,6.6,149.5747978,68.8625,58152.65264618666,80.774,-0.0051078160074098,2.739103339646503,-0.1125914000000136,81.01,119.45000000001164,-0.0731844100000103,0.0550977821031156,2.8227111407050733,1.4398847724366146,111613.46807114744,0.1757453406851257,2.7647013258312634,233110.1843124377,-0.344048100000009,0.5999999999999996,-11313.0,353.7203350000491,0.2757960947253938,0.6942254771743307,0.3471783547190155,8868.640699999989,0.0083768521015683,0.3900000000000005,-0.2188091845900857,0.0370499328973632,7988.618966271718,-0.0045372050816696,8240.481778880636,-0.3312499999999971,0.1184497099718026,137.2620271,19061.73237735778,79891.65000000037,0.0017907932160539,0.0999999999999998,-0.002303684191826,-0.0007521769242001,-1886.8125,2050.0,-0.0075434660073553,2751.0,267456.5675906984,-0.3125,176678.31000000052,0.0231931403700353,0.0,0.0263328296999783,0.089206544212357,248238.5938
2023-02-10,249420.5000333333,149.0028551,248238.5938,149.5747978,68.85416666666667,149.0028551,-0.1728899811427595,6.6,149.5747978,68.8,58047.519692228176,80.662,-0.0046213573400279,2.723104652298161,-0.1125914000000136,80.49,-1930.3999999999944,-0.0675548400000138,0.0565912175162408,2.899221239981247,1.4227811904117875,108810.14147067828,0.1595344699143886,2.721850376799717,233039.22254188196,-0.344048100000009,0.5999999999999996,-11989.0,1625.4765349999943,0.2735571950670649,0.6752420983968671,0.3141137495076807,3093.3436999999976,0.0043076199893019,0.3600000000000003,-0.0283273574862619,0.0125335964611548,7883.221388854805,0.0073260073260073,7475.103041208903,-0.171875,0.1430772981481755,137.2620271,113517.51976999082,174306.30000000077,0.0017350157728708,0.0999999999999998,-0.002303684191826,-0.0007521769242001,1658.9061999999976,1063.0,0.0066827086578509,-1671.0,270291.7536548248,0.5,125898.06400000118,0.0073989949571189,0.0,0.0263965953779024,0.1011267745650365,249897.5
2023-02-13,251920.63023333333,149.0028551,249897.5,149.5747978,69.125,149.0028551,-0.1564242686529553,6.6,149.5747978,68.925,55455.93504461225,80.75,-0.004181228069541,2.8020312181287146,-0.1125914000000136,80.74666666666666,5012.600000000006,-0.061925269999989,0.0574686530583671,2.944173087142998,1.4834256229914182,109101.37112277267,0.1631107114499604,2.784893978894852,230905.1505275625,-0.344048100000009,0.5999999999999996,3845.0,9000.28515500002,0.2724888450368995,0.7137267255860811,0.2841981543164733,7500.390599999984,0.0013799503702058,0.33,1.1618704860838562,0.0299865204057041,8145.181708577888,0.0080935251798561,7472.403826976896,1.109375,0.1528336329408906,137.2620271,242654.8988395147,302077.0999999996,0.0058258541961895,0.0999999999999998,-0.002303684191826,-0.0007521769242001,7728.296899999987,342.0,0.0309258672055541,7351.0,275115.403229819,0.5625,-238363.45900000076,-0.0034027774429089,0.0,0.0271197341622895,0.1137450294799431,257625.7969
2023-02-14,255328.9323,149.0028551,257625.7969,149.5747978,68.77083333333333,149.0028551,-0.1415267192574276,6.6,149.5747978,68.825,55414.130162148365,80.592,-0.0037830158724432,2.8581688561954857,-0.1125914000000136,80.20666666666666,8841.950000000012,-0.0562956999999926,0.0577581695156612,2.9590052872471744,1.4799639931608948,111889.5764582581,0.1629990668652812,2.8109758560255407,230060.9318736128,-0.344048100000009,0.5999999999999996,7103.0,9798.253880000031,0.3151649305472549,0.7823282033540582,0.2571316634291909,10224.906199999998,0.0380736329313353,0.2999999999999998,-1.2672362268765056,0.0411898329082462,8193.41476334015,-0.0252707581227437,7469.973506995814,-1.3718750000000028,0.1558289823885368,137.2620271,286409.527521465,339400.0999999996,0.0019828845752454,0.0999999999999998,-0.002303684191826,-0.0007521769242001,837.7031000000134,9449.0,0.0032516273994298,4086.0,273977.9871211148,-1.75,-455870.5419999994,0.00911252589026,0.0,0.0275042808219179,0.122358514116536,258463.5
2023-02-15,257019.6979333333,149.0028551,258463.5,149.5747978,68.89583333333333,149.0028551,-0.1280479840900454,6.6,149.5747978,68.8,54989.487206753736,80.50399999999999,-0.0034227286465124,2.888701174175641,0.0,80.62333333333333,6731.799999999988,-0.0506661300000246,0.0574686530583507,2.9441730871430125,1.4778201407550116,127479.09984426084,0.1754090746096289,2.814482985147514,226032.93598461265,0.0,0.0,4585.0,5324.681249999994,0.3123201432326722,0.7796430842480548,0.2326429335787923,5072.296899999987,-0.0197573226304798,0.2699999999999996,0.3236910328260194,0.0202975095789272,7675.503577990868,0.0018115942028984,7306.47030889299,0.2593750000000057,0.1554697298783127,137.2620271,263548.5725194216,314125.25,0.0018748047078429,0.0,0.0,0.0,-3493.7031000000134,-5090.0,-0.0135172010748133,-2455.0,277162.3842876013,0.125,-295346.8809999991,0.0068444490746419,0.0,0.0270674283273717,0.1125985973553356,254969.7969
2023-02-16,256893.5,149.0028551,254969.7969,149.5747978,68.52083333333333,149.0028551,-0.1158529379862329,6.6,149.5747978,68.875,55822.883377472426,80.116,-0.003096754489718,2.898924664513693,0.0,79.95333333333333,5305.100000000006,-0.0450365599999997,0.0565912175162068,2.8992212399812782,1.4779376633817187,132190.0669607982,0.2417690953437072,2.772330579513552,220224.76720831657,0.0,0.0,4790.0,6498.714015000005,0.3115468555448036,0.7798078795109722,0.2104864637141457,-378.59379999997327,0.0061535781037158,0.2400000000000002,0.1232204582711631,-0.0014695492631389,7047.020902807789,0.0327715355805242,6589.348228158647,0.0687499999999943,0.155362480366599,137.2620271,207720.27989852428,252130.84999999963,0.0020792182139515,0.0,0.0,0.0,2277.4062000000267,1554.0,0.0089320626509077,-234.0,275649.9897083997,2.1875,-330153.6559999995,0.0044585636981862,0.0,0.0275571664623419,0.128770940806371,257247.2031
2023-02-17,253732.13543333331,149.0028551,257247.2031,149.5747978,69.125,149.0028551,-0.1048193248446693,6.6,149.5747978,68.9875,55322.68338476252,80.52799999999999,-0.0028018254907067,2.88708462494234,0.0,80.38333333333333,2540.149999999994,-0.0394069900000033,0.0550977821030628,2.822711140705122,1.5128136038521398,127139.95075426764,0.149925640341919,2.7599925629191797,215829.130049269,0.0,0.0,7950.0,-2459.0663799999747,0.3056441786889234,0.7861033458743008,0.1904401338366081,-9484.093699999998,-0.035617300956354,0.2100000000000008,0.45077089081677,-0.0366941316665602,6047.059105656157,0.0036199095022624,5703.605437049194,0.421875,0.1663524368902677,137.2620271,80324.11038437858,106989.30000000076,0.0021267766365804,0.0,0.0,0.0,-8267.796800000011,-9050.0,-0.0321395012282643,-1655.0,261065.0663147158,0.25,-426380.03800000064,0.0046141271368982,0.0,0.027879755254057,0.108003502338729,248979.375
2023-02-22,250315.23440000004,149.0028551,248979.375,149.5747978,69.45833333333333,149.0028551,-0.0948365320023185,6.6,149.5747978,69.0,50152.33414842642,80.89,-0.0025349849677809,3.0349861700889265,0.0,81.39,-6008.200000000012,-0.0337774200000069,0.052936236761513,2.711973142116993,1.7379760612487656,152090.7069859962,0.1492148390576864,2.8617504304737382,207340.2380789266,0.0,0.0,5641.0,-6437.218725000013,0.3022043359283436,0.7958245785777517,0.1723029782331222,-10250.703099999984,-0.0092311459353574,0.1800000000000006,1.1429593774056457,-0.0402035975422624,6228.842774506098,0.0099009900990099,5664.041709492438,1.2281250000000057,0.1593208083088909,137.2620271,329886.2427287251,358965.5,0.0092654899321911,0.0,0.0,0.0,-4260.3125,-2262.0,-0.0171111039395228,-8871.0,267755.5389884627,0.6875,-277502.7860000003,0.0205685580334589,0.0,0.0310946589106293,0.1820875095214466,244719.0938
2023-02-23,247234.93233333333,149.0028551,244719.0938,149.5747978,69.54166666666667,149.0028551,-0.0858044813354297,6.6,149.5747978,69.3375,48465.90054459943,81.63199999999999,-0.0022935578279827,3.143501065272261,0.0,82.73333333333333,-5142.100000000006,-0.0281478499999821,0.0500200420766486,2.562573748688588,1.9432037436856064,160249.5294783441,0.1493812105999425,2.975127551445373,184209.28176633647,0.0,0.0,623.0,-2944.935155000043,0.3011667750646231,0.7968895122517786,0.155893170782349,-9240.906200000029,0.0079867203782879,0.1499999999999994,0.1858918176527311,-0.0359222805482079,6263.289330957505,0.0174632352941177,5868.457514349306,0.2874999999999943,0.1792373692497207,137.2620271,441659.2005640846,455828.5800000001,0.0018976305262079,0.0,0.0,0.0,3287.2030999999843,1939.0,0.013432556687573,714.0,234979.12999018867,1.1875,-154110.02800000086,0.0445449360307106,0.0,0.031088356381294,0.2013709844416016,248006.3438
2023-02-24,247016.69273333333,149.0028551,248006.3438,149.5747978,69.5,149.0028551,-0.0776326259701534,6.6,149.5747978,69.35,51335.01591566559,81.696,-0.0020751237491367,3.2176756484995104,0.0,82.57,-5038.049999999988,-0.0225182799999856,0.0462065356125378,2.3672042297978284,1.8710877781879365,163762.5805822774,0.1614225919602195,3.043663434952054,166861.61811234365,0.0,0.0,-404.0,-2039.09924000004,0.2994823406907141,0.7987191638064131,0.1410462021364109,-654.7188000000024,-0.0020145719341116,0.1200000000000001,0.1681878350191397,-0.0026296102546373,5903.284028728081,-0.0009025270758122,5912.746544408238,0.28125,0.1479111079683484,137.2620271,443682.39098655246,449645.6799999997,0.0019964166879959,0.0,0.0,0.0,318.39060000001336,-493.0,0.0012838004678905,-420.0,216547.2119947633,-0.0625,-31707.680999999862,0.045724571347457,0.0,0.0309701885599915,0.2131941795177296,248324.6875
2023-02-27,248932.19273333333,149.0028551,248324.6875,149.5747978,69.29166666666667,149.0028551,-0.070239042544415,6.6,149.5747978,69.4625,58651.566808605225,81.65,-0.0018774929158951,3.319844638089554,0.0,81.22000000000001,-2104.0,-0.0168887099999892,0.0412475833760012,2.11315244785568,1.81691178130714,172392.38687059688,0.1587807502971149,3.1744696614678825,159030.13336313158,0.0,0.0,-828.0,653.4672149999824,0.305042873667217,0.8095848513769202,0.1276132305043722,5746.5,0.0164439203354298,0.0899999999999998,0.434908041207791,0.0234820254961241,5291.810052657597,0.0136736554238832,5553.610770476142,0.5625,0.1551593571127346,137.2620271,633081.2585116439,644743.879999999,0.0054664350669255,0.0,0.0,0.0,2140.9063000000024,4016.0,0.0086213993524102,2327.0,235234.7874560509,0.9375,163970.39599999972,0.0744292697243169,0.0,0.0347528916929549,0.1681449033855594,250465.5938
2023-02-28,248749.85420000003,149.0028551,250465.5938,149.5747978,69.08333333333333,149.0028551,-0.0635496099211252,6.6,149.5747978,69.3125,55120.76188611575,80.978,-0.0016986840667527,3.374549326635192,0.0,79.29333333333334,-467.5,-0.0112591399999928,0.0346549017094555,1.775403172348477,1.8036555716246616,176879.3936359815,0.1425754908952054,3.249886799648173,174250.33785893186,0.0,0.0,1979.0,-2011.0390349999943,0.2988959759056226,0.7985582711988182,0.1154595895039563,-547.0155999999843,-0.0093337093135674,0.0600000000000005,-0.4547260579548577,-0.0022056520614093,5207.086632233872,-0.0027272727272726,4923.73561538274,-0.390625,0.15490978236995,137.2620271,628197.2338914871,656881.1799999997,0.0017275544941821,0.0,0.0,0.0,-3006.3125,-2317.0,-0.0120028961039677,1136.0,273892.76012683584,-0.1875,488371.2809999995,0.0702359987635681,0.0,0.0347451844853829,0.1061355652973719,247459.2813
2023-03-01,249168.44273333336,148.93849078,247459.2813,149.5747978,69.16666666666667,149.0028551,-0.3486691899286143,6.6,149.5747978,69.175,57506.19569996998,81.16199999999999,1.227999057272939,3.445640265916412,1.3589608000000055,80.5,-3812.100000000006,1.2853831900000046,0.303590616440598,4.118573320892929,1.9093103604787776,182735.2826497169,0.1426423806819127,3.3403836842338817,202420.34224183264,-0.3218215999999927,1.1000000000000003,-8973.0,-75.13519999998971,0.2985173107135498,0.796424989034083,1.0997015333607232,1255.7656000000134,0.0026675016163595,1.0750000000000002,0.380247852326562,0.0050569502881183,5137.894631927707,-0.0089206066012489,4848.313660540372,0.4874999999999971,0.312610044999302,137.2620271,577450.021139916,631881.9800000004,0.0020796347958407,0.1666666666666667,-0.0021598351238572,0.0090854931444874,2121.171800000011,656.0,0.0085718013438682,-3601.0,311567.67923112254,-0.625,652800.8320000004,0.058099983244479,-0.3218215999999927,0.0308912544353998,0.0960901542936748,249580.5
2023-03-02,246596.21356666667,148.87412646,249580.5,149.5747978,69.10416666666667,149.0028551,-0.3154626004115926,6.6,149.5747978,69.2,57468.74405570021,81.01199999999999,1.1110467661040673,3.4765719276926004,1.3589608000000055,81.67,-3353.75,1.2230647199999964,0.4182793086397462,5.478275206292671,1.6977511441222524,184150.66798997635,0.145646303376149,3.418361372600251,213972.88847433703,-0.3218215999999927,1.1000000000000003,-12890.0,-6366.703094999975,0.297402149837935,0.7977855350082915,0.994968053993035,-7716.6875,-0.0172642439137152,0.9900000000000012,0.230938533057369,-0.0308093713907942,5272.9565040270645,0.0268518518518519,4765.261948636622,0.359375,0.2441252835168468,137.2620271,558058.066745637,629917.9299999997,0.0016703786191536,0.1666666666666667,-0.0021598351238572,0.0090854931444874,-6831.546800000011,-4257.0,-0.0273721227569965,169.0,343111.3760843027,1.8125,628606.9149999991,0.0550857840759986,-0.3218215999999927,0.0305697323195499,0.0914873085516501,242748.9063
2023-03-03,246064.84376666663,148.80976214000003,242748.9063,150.9337586,69.3125,149.0028551,-0.2854185432295253,7.7,149.5747978,69.2,49568.06722238904,81.344,1.0052327883798569,3.4824932085170777,1.3589608000000055,83.17999999999999,-5514.149999999994,1.1551166800000203,0.4978519576318542,6.520451716266624,1.7074206462257269,180729.01833451685,0.1431562461740549,3.481640984847484,227142.39001167804,-0.3218215999999927,1.1000000000000003,-13017.0,-2990.5898400000005,0.303723276257161,0.79946528182414,0.900209191707984,-1594.1094000000155,0.0017621181733395,0.9350000000000014,0.0958491489566739,-0.006441905882962,5299.966933392762,0.0009041591320071,4935.049040398158,0.2249999999999943,0.2571983637960039,155.0605677,435538.8699127175,517444.37999999896,0.001869725605134,0.1666666666666667,-0.0021598351238572,0.0090854931444874,3116.2655999999843,427.0,0.0128374032554805,-2582.0,362065.4551896614,0.0625,482997.4079999998,0.0487392215192883,-0.3218215999999927,0.0305645077450877,0.077368528159329,245865.2031
2023-03-06,247210.89066666667,148.74539782000002,245865.2031,150.9337586,69.39583333333333,148.6810335,-0.2582358248266985,7.7,150.9337586,69.2375,52291.39780858212,82.22999999999999,0.9094963323436788,3.5113829933966048,1.3589608000000055,83.0,662.4500000000116,1.0871686399999874,0.557705744852993,7.304366941723509,1.7529189941352,177523.4754762627,0.1280840508139194,3.54952183584765,244713.92119680188,-0.3218215999999927,1.1000000000000003,-6702.0,3954.62659,0.3098153066406909,0.6216604860118521,0.8144749829738904,3438.140699999989,0.0063275234913429,0.8799999999999999,0.5391016109607989,0.0137756809769971,5381.085388359402,0.0108794197642791,4975.55955110485,0.578125,0.237141093867911,155.0605677,497201.8346829359,589773.9800000004,0.0054978311308382,0.1666666666666667,-0.0021598351238572,0.0090854931444874,7153.421900000016,1536.0,0.0290948971939364,6081.0,384840.4139174639,0.75,641698.4110000003,0.0603749672979165,0.0,0.034080298786181,0.0924437470847003,253018.5938
2023-03-07,248461.58856666667,148.6810335,253018.5938,150.9337586,69.04166666666667,148.6810335,-0.2336419367479436,7.7,150.9337586,69.175,53099.849640748806,83.318,0.8228776340252182,3.495007567192938,1.3589608000000055,83.13666666666666,2299.5,1.0192206000000112,0.6037341785990191,7.907209162619747,1.774074332389162,168483.29384966253,0.1503885193501896,3.560163361124906,251873.10021168969,-0.3218215999999927,1.1000000000000003,-3171.0,-2919.519554999977,0.3231585540162729,0.6507523479950849,0.7369059369763766,3752.0936999999976,0.0032298340053626,0.8250000000000002,-0.8128366377021337,0.0154566863232865,4921.584142912804,-0.0153291253381424,5052.697165843145,-0.8187499999999943,0.2233633515570884,155.0605677,251566.18376075104,333887.48000000045,0.0016052169551039,0.1666666666666667,-0.0021598351238572,0.0090854931444874,-6517.593800000002,789.0,-0.0257593471772745,1876.0,383324.1779973096,-1.0625,601357.9640000015,0.0530722904475482,0.0,0.0335421088048035,0.0713519339243729,246501.0
2023-03-08,250143.7969,148.6810335,246501.0,150.9337586,69.20833333333333,148.6810335,-0.2113903237243164,7.7,150.9337586,69.225,53712.86431078275,83.10799999999999,0.7445083355466124,3.510732229816554,1.3589608000000055,83.44,-1905.1000000000056,0.9512725600000068,0.6389321978251461,8.368203603545247,1.8228083451525643,162071.5171234393,0.1437702533533442,3.5959699665043816,256914.91276670215,-0.3218215999999927,1.1000000000000003,1871.0,914.1851549999556,0.3325811525995366,0.6605358171889996,0.6667244191691024,5046.625,0.0037376465883773,0.7700000000000005,0.5651716135075873,0.0205259856896389,4321.105689262799,-0.0062388591800356,4542.753295408264,0.6062500000000028,0.20867642002057,155.0605677,220290.6900692508,293489.12999999896,0.0018029749085992,0.1666666666666667,-0.0021598351238572,0.0090854931444874,4410.796899999987,916.0,0.0178936268007026,-3829.0,382127.2462758854,-0.4375,416578.6319999993,0.0294647037658746,0.0,0.0259000923171608,0.0820437996436102,250911.7969
2023-03-09,248322.1979333333,148.6810335,250911.7969,150.9337586,69.16666666666667,148.6810335,-0.1912579119410224,7.7,150.9337586,69.275,53515.04581124959,82.852,0.6736027797802535,3.493532181798557,1.3589608000000055,82.70666666666666,1696.6499999999942,0.8833245200000022,0.6650217160883927,8.709902459055048,1.8134108600558103,154170.0994517303,0.1451728394754526,3.585925520992713,258879.6434195065,-0.3218215999999927,1.1000000000000003,5042.0,-2481.296875000029,0.3174059873850292,0.6168798158773897,0.6032268554387112,-5464.796900000016,0.005622179763405,0.7150000000000007,0.3982505074592382,-0.0215984004097331,4295.120293908763,0.005420054200542,4321.101310876784,0.4031250000000028,0.2086541291845939,155.0605677,80660.14815789461,129524.33000000007,0.0016497525371195,0.1666666666666667,-0.0021598351238572,0.0090854931444874,-3358.0,1383.0,-0.0133831889990342,3885.0,365270.6405106108,0.375,299751.2689999994,0.0071567106510521,0.0,0.0256462759150244,0.0715905083326715,247553.7969
2023-03-10,244961.6667,148.6810335,247553.7969,150.9337586,69.22916666666667,148.6810335,-0.1730428727085211,7.7,150.9337586,69.125,53708.93476312992,82.78,0.6094501340868703,3.4492401527840846,1.3589608000000055,82.28333333333335,-4823.399999999994,0.8153764799999976,0.683047250754345,8.945985950638098,1.808558309232706,141800.97898562677,0.1844081526431957,3.5405930219908224,257735.9446050018,-0.3218215999999927,1.1000000000000003,-1135.0,-12930.387474999996,0.3137339875730338,0.6370225250087269,0.5457766787302623,-10081.593699999998,-0.0503126857013498,0.660000000000001,-0.6575352551559206,-0.040898794325378,5264.074746052302,-0.0108401084010839,4295.117677365896,-0.6812500000000057,0.2035702078301827,155.0605677,15605.46738095209,38076.12999999896,0.0017967658215212,0.1666666666666667,-0.0021598351238572,0.0090854931444874,-11134.390599999984,-12446.0,-0.0449776603689004,-6597.0,346337.2057335132,-0.75,113524.65799999982,-0.0013451900725305,0.0,0.0254419127413916,0.0797889724283782,236419.4063
2023-03-13,236400.2344,148.6810335,236419.4063,150.9337586,69.20833333333333,148.6810335,-0.1565625991172226,7.7,150.9337586,69.1125,54381.3010711079,82.584,0.5514072641738323,3.4278449191106506,1.3589608000000055,82.12666666666667,-16319.549999999988,0.7474284399999931,0.6936377621636716,9.084691678789705,1.8288204423962016,121981.9900350005,0.1827368942958368,3.495779824152134,257137.29253071733,-0.3218215999999927,1.1000000000000003,-15789.0,-22971.73908500001,0.3529807865261198,0.6324799117884069,0.4937979474226184,-25684.296899999987,-0.0432006538201228,0.6049999999999995,0.4794919120017766,-0.1023638474449105,7541.722354579861,0.0017985611510791,5264.073253149314,0.453125,0.2170360996598316,155.0605677,62052.61334466934,55383.98000000045,0.0053806297329614,0.1666666666666667,-0.0021598351238572,0.0090854931444874,-11191.906300000002,-10149.0,-0.0473392031354577,-12327.0,314101.9272779897,0.125,-147484.2629999984,-0.016375763028418,0.0,0.0253544027234389,0.0778371471448342,225277.5
2023-03-14,227364.63543333331,148.6810335,225277.5,150.9337586,68.5625,148.6810335,-0.1416518753917728,7.7,150.9337586,68.9875,56804.97503053431,82.4,0.4988922866334633,3.3628203623554853,1.3589608000000055,82.38333333333334,-18297.79999999999,0.679480400000017,0.6971321810662751,9.13045867715434,1.735094112417905,100028.28339762588,0.1528596470486246,3.4246771265411984,256073.1179222951,-0.3218215999999927,1.1000000000000003,-19794.0,-26279.71408500001,0.368722268336048,0.7164293198877396,0.4467695714776072,-27106.796899999987,-0.0230316134141241,0.5499999999999998,-1.3756977939031572,-0.1094986109663664,9745.741396498046,-0.0136736554238833,7533.710426449238,-1.4906249999999943,0.1933842071603236,155.0605677,91198.74540708214,61841.77999999933,0.0017343904856292,0.1666666666666667,-0.0021598351238572,0.0090854931444874,-4780.5,-5177.0,-0.0212252056254231,-2869.0,286379.4131828259,-0.9375,-460654.9819999989,-0.0179621903399916,0.0,0.0253613999492772,0.0807664220931897,220447.0469
2023-03-15,218499.5677,148.6810335,220447.0469,150.9337586,68.85416666666667,148.6810335,-0.1281612205925455,7.7,150.9337586,68.9125,56932.97900145065,82.10999999999999,0.451378735525509,3.3314268714769897,0.0,82.32333333333332,-29487.35000000001,0.611532359999984,0.693637762163693,9.084691678789689,1.734349187811689,83285.21052749005,0.1758968527034082,3.384037257167344,249341.6713102067,0.0,0.0,-29296.0,-34512.43129499999,0.3260694386044472,0.6831124950702622,0.4042200884797395,-26595.20319999999,-0.0543030314069608,0.4949999999999992,0.2821067578971394,-0.1124916250159789,12425.283485656611,-0.0018001800180017,9739.934650073776,0.234375,0.1951459587218049,155.0605677,-2118.2779650203884,-51575.419999999925,0.0018303240168191,0.0,0.0,0.0,-10622.796899999988,-11925.0,-0.0481875321505849,-13103.0,268240.27227446483,-0.125,-489647.29000000097,-0.0255883503973474,0.0,0.025106296821219,0.0730559653619223,223388.2344
2023-03-16,217886.47916666663,148.6810335,223388.2344,150.9337586,68.64583333333333,148.6810335,-0.1159553900599235,7.7,150.9337586,68.8,56934.51419893357,81.918,0.4083902845230795,3.275828340403148,0.0,81.59666666666666,-24425.54999999999,0.5435843199999795,0.6830472507543872,8.945985950638073,1.6995766500730671,69995.59648099597,0.1271941580762246,3.318545773774051,239955.4306927288,0.0,0.0,-26366.0,-19194.636715,0.3310647350273588,0.5744258432053546,0.3657229371959545,-1839.2656000000131,0.0103430343419557,0.4400000000000004,-0.0274986476168805,-0.0081662567848065,12796.21478152392,-0.0045085662759242,10686.72559634747,-0.1531250000000028,0.1945552368267198,155.0605677,-31913.0133969225,-99253.76999999955,0.0021726249259332,0.0,0.0,0.0,13564.031299999971,2148.0,0.0646447411671355,3099.0,254359.5267007516,-0.3125,-465009.87099999934,-0.0308465231840557,0.0,0.0256202941027845,0.0793542038716416,223388.2344
2023-03-17,218317.5677,148.6810335,223388.2344,150.9337586,70.0,148.6810335,-0.1049120195780233,7.7,150.9337586,69.45,56935.7700218429,81.612,0.369495971711359,3.1872005122461484,0.0,80.97,-22735.60000000001,0.4756362800000033,0.6650217160884567,8.70990245905501,1.6955843582049754,66691.59781888718,0.1065564677365789,3.221575946481706,245364.90052222728,0.0,0.0,-23942.0,-19181.128949999984,0.3283965184819434,0.8066591679005399,0.3308921812725298,1293.2656000000134,0.0355822022266281,0.3850000000000007,2.4066678902513985,0.0058665602162879,13252.382762302444,0.0361336946702799,11228.304138428235,2.40625,0.1956130598978893,155.0605677,-248694.63116864488,-344346.0700000003,0.0018722901064249,0.0,0.0,0.0,-1647.9687999999733,7466.0,-0.0073771512829503,-158.0,251121.57837574024,2.5,-598544.1860000007,-0.0433200156203312,0.0,0.0256229193987693,0.0781029474648689,221740.2656
2023-03-20,222062.52603333336,148.6810335,221740.2656,150.9337586,70.79166666666667,148.6810335,-0.0949203986658062,7.7,150.9337586,69.8625,56709.63637133651,81.22200000000001,0.3343058791674025,3.131852108829198,0.0,80.64666666666666,-19009.79999999999,0.4076882399999988,0.6389321978252339,8.368203603545195,1.6282256244791216,59987.05939027606,0.0817550873380641,3.1503722002332117,248087.46647693616,0.0,0.0,-28034.0,-18052.910199999984,0.2250545734742626,0.9640111172650676,0.2993786401989551,11234.875,0.0136177458695752,0.33,2.1774614245131687,0.0535442281396183,13375.916887590292,0.0286995515695067,11846.449400410493,2.268749999999997,0.1978682254531856,155.0605677,-340044.4758192487,-468963.3200000003,0.0057047309924265,0.0,0.0,0.0,-681.1875,2959.0,-0.0030720063320786,1989.0,255790.92214985465,2.0,-684116.404000001,-0.0606436892548793,0.0,0.0258339603712065,0.0764248406331516,221059.0781
2023-03-21,223863.1927,148.6810335,221059.0781,150.9337586,71.375,148.6810335,-0.0858803606976152,7.7,150.9337586,70.4875,56263.562159618734,80.72999999999999,0.3024672240085806,3.0444418726243465,0.0,80.40333333333332,-13852.149999999994,0.3397401999999943,0.6037341785991338,7.907209162619678,1.683959228785077,140354.21902955472,0.0725133258958682,3.08510103903503,254446.6057313656,0.0,0.0,-26222.0,-9312.295305000036,0.1926484324088166,1.008246221951303,0.2708663887514353,5402.0,0.0036776557441804,0.2750000000000003,1.1218698602738186,0.0241821151168022,13353.84910325146,0.0366300366300367,12092.182360125353,1.2593750000000057,0.2000510070746529,155.0605677,-373632.7162174154,-541655.7200000007,0.0022493887530563,0.0,0.0,0.0,7731.156299999973,810.0,0.0349732585806887,3688.0,256291.31063279771,2.5,-678987.5490000006,-0.0507338984181575,0.0,0.0264937146291381,0.0766353589228587,228790.2344
2023-03-22,224921.29686666667,148.6810335,228790.2344,150.9337586,71.10416666666667,148.6810335,-0.0777012787264084,7.7,150.9337586,70.8,54718.38076937202,80.06,0.2736608217220464,3.0667871067117987,0.0,79.73666666666666,-13087.299999999988,0.2717921600000181,0.557705744853142,7.30436694172342,1.8027668792865497,183615.6519079143,0.0720027165227839,3.0723724332221782,267977.296033548,0.0,0.0,-22668.0,-12197.725819999992,0.1854328989579126,1.0463114645846077,0.2450695898227275,3174.3125,0.0121325076110903,0.2199999999999988,1.1281203497715495,0.0143154536746437,13569.921530593394,0.0170403587443945,12127.55814971721,1.3468749999999972,0.2132072970643148,155.0605677,-211981.83848242275,-394845.620000001,0.0021467603434817,0.0,0.0,0.0,-3875.656299999973,2682.0,-0.0169397802758664,-275.0,266045.738979394,1.1875,-640555.084999999,-0.0397689429530927,0.0,0.0268459731040344,0.0736700551279405,219276.7344
2023-03-23,224327.1823,148.6810335,219276.7344,150.9337586,70.79166666666667,148.6810335,-0.0703011569429179,7.7,150.9337586,71.15,52931.71757919066,79.88399999999999,0.2475978863199373,3.063739716854323,0.0,79.36666666666666,-12925.649999999994,0.2038441200000136,0.4978519576320491,6.520451716266508,1.784398099905771,215606.85357309823,0.078069760823032,3.053490840954352,282977.2247686775,0.0,0.0,-27515.0,-16399.091395000025,0.1827856337554607,1.0774108523385997,0.2217296288872292,-1782.3437000000267,-0.0261731198126404,0.1650000000000009,0.9075850783647326,-0.0080627482721779,13873.2451817104,0.0170709793351302,12788.521534537284,1.1437499999999972,0.1491924926148439,155.0605677,-267508.0919602867,-458960.0999999996,0.0018987341772152,0.0,0.0,0.0,-5637.843700000027,-5856.0,-0.0250665997181088,-962.0,286408.6044940238,1.1875,-568723.8159999996,-0.0365873940172898,0.0,0.0271012178079455,0.0813259889172509,219276.7344
2023-03-27,225976.90103333336,148.6810335,219276.7344,150.9337586,71.5,148.6810335,-0.0636058086626292,7.7,150.9337586,71.3875,54167.663016144616,79.628,0.2240171352418372,3.148790745332853,0.0,79.13333333333333,-5846.549999999988,0.1358960799999806,0.4182793086400136,5.478275206292514,1.8471511493164328,226691.78795244943,0.0817321532628183,3.1095633049306453,286915.1415308203,0.0,0.0,-14627.0,-1207.1703499999712,0.1729714191468772,1.295436543724147,0.2006125213741594,4949.156200000027,0.0063886912820982,0.1100000000000012,2.743767451853813,0.0216318507342725,13552.997804164994,0.0648401826484017,13155.853328893778,3.0843749999999943,0.1429003252638173,155.0605677,-31486.702249784023,-215881.59999999963,0.0078235094027894,0.0,0.0,0.0,14462.656200000029,1392.0,0.0659561819888177,6291.0,290847.4624408242,4.4375,-231146.0390000008,-0.0143518761684474,0.0,0.0332801913112794,0.077684111216426,233739.3906
2023-03-28,231800.69793333331,148.6810335,233739.3906,150.9337586,71.77083333333333,148.6810335,-0.0575481125995054,7.7,150.9337586,71.3875,53943.91784306684,78.75399999999999,0.2026821699807044,3.2607827200486037,0.0,78.47000000000001,3365.649999999994,0.0679480400000045,0.3038728727562083,3.979874668188845,2.1036406412142727,235333.61753173528,0.0700047833657466,3.224112117680048,293618.45077974064,0.0,0.0,6445.0,7843.389100000029,0.1606617362983822,1.360328423967104,0.181506566957573,17471.39069999999,0.0640286030910675,0.0549999999999997,1.4080515040582071,0.077680116814091,13181.389655328756,0.0296229802513465,12841.557297570476,1.7874999999999943,0.1256922678615723,155.0605677,-77766.7306069471,-244450.84999999963,0.0021215043394406,0.0,0.0,0.0,8646.578199999989,14040.0,0.0369923878803848,8745.0,290700.4383909219,2.0625,-133911.60200000182,-0.0223938218117333,0.0,0.0299306243805748,0.0942985679932717,242385.9688
2023-03-29,241743.1510666667,148.6810335,242385.9688,150.9337586,72.1875,148.6810335,-0.0520673399709608,7.7,150.9337586,71.6375,54246.550218003045,78.112,0.1833791061729925,3.3386837541949834,0.0,77.45,10439.899999999994,0.0,0.0,0.0,2.2133851188192493,238111.77134067545,0.0688255276362899,3.304939325823009,284213.43043703225,0.0,0.0,16209.0,14479.273475000024,0.1420546611611509,1.3990532219195164,0.1642202272473278,29827.359400000016,0.0388698637476052,0.0,1.5566894560526665,0.1360261018188531,13271.046589275307,0.0646950092421441,12462.345888252072,1.9281249999999943,0.1349142520753992,155.0605677,78023.2913556192,-59689.15000000037,0.0019726712856042,0.0,0.0,0.0,6718.125,9069.0,0.0277166414923271,6895.0,280172.8734469418,4.375,19085.66099999845,-0.0129141644001238,0.0,0.0301756121691811,0.0798450724300687,249104.0938
2023-03-30,247709.7083666667,148.6810335,249104.0938,150.9337586,71.75,148.6810335,-0.0471085456879905,7.7,150.9337586,71.775,55836.11119061886,77.58000000000001,0.1659144293946042,3.3847467059083063,0.0,76.32333333333334,13823.950000000012,0.0,0.0,0.0,2.381484444184919,237206.82362155672,0.0694804458327898,3.3437946848961864,267333.4993997352,0.0,0.0,32875.0,16911.311705,0.1326743576032125,1.4287167307450297,0.1485802056047251,17899.671899999987,0.0240731725429685,0.0,1.0125999840476538,0.0765796122512865,13400.49972629734,0.0324616771866546,12554.388044186911,1.3843750000000057,0.1210539889793356,155.0605677,232428.1683693696,131498.84999999963,0.0016806722689075,0.0,0.0,0.0,2534.9686999999976,5835.0,0.0101763429951307,3563.0,268426.5911661787,2.25,193496.1140000001,0.0076140520137752,0.0,0.0300217262492592,0.0831717767814388,245716.1719
2023-03-31,248819.77606666667,148.6810335,245716.1719,150.9337586,71.95833333333333,148.6810335,-0.0426220175272078,7.7,150.9337586,72.0875,73328.88671156057,76.952,0.1501130551665426,3.397323210999992,0.0,76.36333333333333,15662.700000000012,0.0,0.0,0.0,2.4934066212608434,236222.60168552527,0.0686596845272453,3.379152649937885,284959.06039110146,0.0,0.0,31891.0,10840.057824999967,0.1402598636376879,1.4892535826892936,0.1344297098328466,3330.2030999999843,-0.0174481611144907,0.0,1.5947333189002535,0.0137392569235219,13509.958694984924,0.0480072463768115,12346.578274425336,1.984375,0.0942073258673531,155.0605677,321985.914238954,263061.8499999996,0.001869606903164,0.0,0.0,0.0,-5922.890600000013,-4331.0,-0.023537246328757,2115.0,257379.48904587523,3.3125,664329.3829999994,0.0195169598720663,0.0,0.0297102877414268,0.0770270598007977,245716.1719
2023-04-03,250684.0469,148.61788304,245716.1719,150.9337586,72.0625,148.6810335,-0.3242434301436958,7.7,150.9337586,71.975,78099.7690140059,77.624,-3.0483614881826497,3.4619215838362023,-3.519354700000008,78.32,14976.149999999994,-3.343386965000008,0.7869516346135005,1.1268625888628951,2.5016097974998845,237292.25687130695,0.0680263635784467,3.453702018353984,297950.3822781293,-0.315752300000014,0.7000000000000002,31753.0,19379.20550499999,0.1270768321055657,1.5267455228189346,0.7549602136582898,5592.8125,0.0074869818360736,0.6649999999999991,1.44285395519546,0.0224517084993807,14022.660478074316,0.0087183958151699,12464.008912406196,1.828125,0.0954230979139701,155.0605677,214307.25574000552,186476.19999999923,0.0064117900378009,0.0909090909090908,-0.0021236891657738,-0.0233172136746881,8980.734400000016,1826.0,0.0365492199009795,-296.0,247865.0259377649,0.625,749372.3090000004,0.0320859873165431,-0.315752300000014,0.0343759221009147,0.0894208582765481,251488.2969
2023-04-04,250633.7917,148.55473258,251488.2969,150.9337586,71.97916666666667,148.6810335,-0.2933631034633492,7.7,150.9337586,71.9,80420.37167800142,78.732,-2.758041346450966,3.554806197989228,-3.519354700000008,80.38999999999999,14467.850000000006,-3.1674192300000072,1.0832345206528424,1.5511200467719164,2.405988362399131,234928.78561304024,0.0672150629256205,3.5579886023904583,315415.0060601951,-0.315752300000014,0.7000000000000002,29320.0,16247.110949999971,0.1296304104387171,1.525344412143763,0.6830592409289293,-150.76560000001336,0.0167998827915154,0.6299999999999999,0.4006773880339835,-0.000599134325578,13924.825625989522,-0.005231037489102,12781.869961498638,0.7468750000000028,0.0989916285031573,155.0605677,123511.9932885766,126806.25,0.0022345837493462,0.0909090909090908,-0.0021236891657738,-0.0233172136746881,-3208.609400000016,4128.0,-0.0125977556877769,-444.0,223671.72684115663,-0.375,878580.5930000003,0.0362575717484725,-0.315752300000014,0.0308068459657702,0.0798449590031564,248586.4063
2023-04-05,253011.30733333333,148.49158212,248586.4063,147.4144039,71.875,148.6810335,-0.2654237602763771,8.4,150.9337586,71.9,98629.25508839148,80.008,-2.495370742027063,3.6134644405552776,-3.519354700000008,82.54333333333334,13329.799999999988,-2.991451495000007,1.2893069667614818,1.846202133016748,2.392872915445728,234816.72642338357,0.0662906034896531,3.6483121908779887,358934.50977169577,-0.315752300000014,0.7000000000000002,24403.0,17290.14690999998,0.131028575321252,1.454557690728776,0.6180059798880793,7132.546900000016,-0.0090096220041305,0.5949999999999989,0.984541446316456,0.0290275843256371,14263.20575447472,0.0176678445229681,12492.925319033327,1.2468750000000028,0.0988438379331953,150.021085,183442.2796420455,209250.55000000077,0.0020872865275143,0.0909090909090908,-0.0021236891657738,-0.0233172136746881,1360.4219000000155,-2251.0,0.0054094839273612,-1229.0,220027.51744811065,1.25,1188421.8949999996,0.0484131399511034,-0.315752300000014,0.0306401249024199,0.0814162380806344,252848.7188
2023-04-10,253694.9167,148.42843166,252848.7188,147.4144039,72.02083333333333,148.3652812,-0.2401453069167303,8.4,147.4144039,72.1375,102749.24918197398,81.60999999999999,-2.2577163856435334,3.792759584149461,-3.519354700000008,82.96666666666665,18471.399999999998,-2.8154837600000064,1.4443126942037028,2.0681600623627823,2.431499429093961,231784.4391843352,0.0666254321215855,3.8421082480166375,368338.2468095578,-0.315752300000014,0.7000000000000002,30196.0,20897.365635000024,0.1334116885038251,1.497050279541086,0.5591482675177861,2050.8280999999843,0.0212283869091614,0.5600000000000014,1.569347022857741,0.0080520338067411,14648.330084163252,0.0264550264550265,12874.276617475078,1.84375,0.0989805931771806,150.021085,-157821.88984767348,-127932.65000000036,0.0098939594773717,0.0909090909090908,-0.0021236891657738,-0.0233172136746881,3899.015599999984,5256.0,0.0154203494425615,5518.0,213121.89382811828,1.875,830457.1459999997,0.0092687872172914,0.0,0.0386075949367088,0.1034881640254402,259963.4063
2023-04-11,256519.95316666667,148.3652812,259963.4063,147.4144039,72.22916666666667,148.3652812,-0.2172743253056239,8.4,147.4144039,72.0625,104532.18031444168,82.944,-2.042695777487012,3.9175306400574983,-3.519354700000008,83.38333333333334,21337.79999999999,-2.639516025000006,1.5635143552359207,2.238848941373273,2.5051115638566794,229840.6376338189,0.0718009324506401,3.970394916060314,369834.2272974868,-0.315752300000014,0.7000000000000002,34367.0,23492.557065,0.1457234847547731,1.478936540042899,0.5058960515637114,8475.109400000016,0.0154202705962847,0.5250000000000004,0.684766354014144,0.0336998162716493,15413.026513169456,0.0167844522968196,13589.165947851274,0.9124999999999944,0.094273297477258,150.021085,-28712.519385991614,5986.800000000745,0.0022031594243661,0.0909090909090908,-0.0021236891657738,-0.0233172136746881,3215.671900000016,3899.0,0.0125246359330679,3209.0,209988.7559322416,1.1875,629510.284,0.0257297739679285,0.0,0.0389231741095292,0.1004482377500674,259963.4063
2023-04-12,261187.05733333333,148.3652812,259963.4063,147.4144039,72.27083333333333,148.3652812,-0.1965815324193727,8.4,147.4144039,72.025,104497.39674494237,82.768,-1.8481533224882585,3.991496059057766,-3.519354700000008,82.92,25664.25,-2.4635482900000056,1.6546680620934826,2.369375008765599,2.495255708866652,229128.26042547575,0.0842278969364359,4.040728048000607,372433.6918729228,-0.315752300000014,0.7000000000000002,33338.0,28857.65081499997,0.1388562985496806,1.3648360888189155,0.4577154752243109,14001.31249999997,0.0125220060136788,0.4899999999999993,0.7891933679175622,0.0553742671366859,16843.329539091108,-0.0102915951972555,14412.085333991094,0.9156250000000056,0.0965828243800745,150.021085,157493.2443650551,203293.44999999923,0.0021047708138446,0.0909090909090908,-0.0021236891657738,-0.0233172136746881,6886.624999999971,3215.0,0.02649074767105,5262.0,214101.56614968248,-0.75,450073.2170000002,0.0229723941817405,0.0,0.0330279652844744,0.1028403721334136,266850.0313
2023-04-13,265714.13546666666,148.3652812,266850.0313,147.4144039,72.04166666666667,148.3652812,-0.1778594817127725,8.4,147.4144039,72.175,104086.01269388694,82.242,-1.67213872034651,4.075588946785245,-3.519354700000008,81.44333333333333,27938.95000000001,-2.287580555000005,1.722233122631246,2.4661236978660863,2.439078503732196,221607.28701978736,0.0956110907266507,4.087009716290974,374539.6553805714,-0.315752300000014,0.7000000000000002,28621.0,30081.514874999997,0.1741551460555435,1.3241339026343568,0.4141235252029478,13581.234399999988,0.0262345026022934,0.455,0.6574844757349325,0.0528971927707104,18022.300359843037,0.005231037489102,15936.729289504849,0.7312500000000028,0.1095538839167198,150.021085,238594.07823505063,301370.25,0.0019603267211201,0.0909090909090908,-0.0021236891657738,-0.0233172136746881,3478.9375,6820.0,0.0130370511221296,4028.0,222886.91283579933,0.375,565587.4730000012,0.035458620082369,0.0,0.0328618167821399,0.0998839433466337,270610.875
2023-04-14,270965.4688,148.3652812,270610.875,147.4144039,72.0,148.3652812,-0.1609204834544186,8.4,147.4144039,72.1375,102932.09809867968,81.804,-1.5128874136468369,4.116398879705711,-3.519354700000008,80.64333333333333,30562.29999999999,-2.111612820000005,1.7689145649116889,2.532968429595872,2.393641302328025,205164.9107745801,0.1139986048072715,4.081692470171777,375956.95496784087,-0.315752300000014,0.7000000000000002,26484.0,32706.432059999992,0.1838169782282551,0.9982045971461068,0.3746831894693336,15753.99999999997,0.014348740362017,0.419999999999999,0.368676430426845,0.0606008369571051,19035.398534763084,-0.0026041666666666,17212.242360728258,0.2718749999999943,0.1079691648596912,150.021085,181203.07078409195,258767.19999999923,0.002003074486421,0.0909090909090908,-0.0021236891657738,-0.0233172136746881,5388.4375,3828.0,0.0199328896341353,4758.0,227257.7742645008,-0.1875,437737.9260000009,0.0196102917006237,0.0,0.0328931572629052,0.100090216730151,275993.4375
2023-04-17,275780.5417,148.3652812,275993.4375,147.4144039,72.0,148.3652812,-0.1455947231254413,8.4,147.4144039,72.0125,102896.1278849946,81.53200000000001,-1.368802898061432,4.18492969820855,-3.519354700000008,80.90666666666665,32760.0,-1.9356450850000044,1.7963412324827968,2.572241599970931,2.4210730004864134,181868.4756425695,0.1166527057836346,4.126238378705141,376484.9917956203,-0.315752300000014,0.7000000000000002,28171.0,34710.723415000044,0.2451928040223349,0.8557324117542832,0.3389990761865391,14445.218700000029,0.0152026340392668,0.3850000000000015,0.6163024846719054,0.0541323477821156,19185.38371108242,0.0078602620087335,18301.279202238627,0.4437499999999943,0.1100547352452444,150.021085,173135.3021379877,259453.30000000077,0.005857740585774,0.0909090909090908,-0.0021236891657738,-0.0233172136746881,5577.843700000027,4114.0,0.0202302922214889,5250.0,234574.7388338536,0.5625,157808.58600000106,0.0066727905466283,0.0,0.0372003835091083,0.0984454116395339,281295.25
2023-04-18,280437.1042,148.3652812,281295.25,147.4144039,72.02083333333333,148.3652812,-0.1317285590182564,8.4,147.4144039,72.05,104543.34665545454,81.352,-1.2384407172936849,4.216563329986899,-3.519354700000008,81.89999999999999,36726.4,-1.759677350000004,1.8053908677545396,2.585200077953658,2.468383447138092,150641.77940721787,0.1116152936566066,4.132269798091017,372650.0974201639,-0.315752300000014,0.7000000000000002,33281.0,34668.608619999955,0.2395900480118846,0.5818668910909791,0.306713449883059,13969.6875,0.0239148239148239,0.3499999999999996,0.5576070099412505,0.0516766203859391,20121.05946895865,-0.0025929127052722,19572.6770601816,0.2874999999999943,0.1072491709835328,150.021085,51730.940029608086,138163.65000000037,0.0024496210020334,0.0909090909090908,-0.0021236891657738,-0.0233172136746881,3003.4062999999733,6570.0,0.0106770601352137,7225.0,236659.08426466337,-0.1875,-361915.3010000009,-0.0112080342543094,0.0,0.0378008517153929,0.1009530199321072,284298.6563
2023-04-19,280333.2604333333,148.3652812,284298.6563,147.4144039,72.29166666666667,148.3652812,-0.1191829819689189,8.4,147.4144039,72.15,106358.8347863714,81.27799999999999,-1.1204939823133486,4.209458366208535,0.0,82.04333333333334,29261.85000000001,-1.5837096150000036,1.796341232482774,2.572241599970954,2.478648772384293,131934.04394017137,0.0954798859705477,4.115766348030922,371180.0590997879,0.0,0.0,29158.0,23092.54685000004,0.2302204148954366,0.6063924140925097,0.2775026451322908,-311.53129999997327,-0.0248955722639933,0.3149999999999995,0.9568825328039878,-0.0011298934810848,19781.48668892864,0.0043215211754537,20599.10411079873,0.7406249999999943,0.1051912870991978,150.021085,560785.850502979,660365.75,0.0026741666282448,0.0,0.0,0.0,-8892.781299999973,-7003.0,-0.0312797162523907,-4419.0,278731.2753442861,0.3125,-73209.10300000012,0.0376491565302659,0.0,0.0339466552560261,0.1807299878090922,275405.875
2023-04-20,280510.66669999994,148.3652812,275405.875,147.4144039,72.45833333333333,148.3652812,-0.1078322217814218,8.4,147.4144039,72.2625,106221.94345468812,81.36600000000001,-1.013780269712072,4.231098526014633,0.0,81.16666666666667,24749.20000000001,-1.4077418800000032,1.768914564911641,2.532968429595918,2.4777606082063324,110314.71447360904,0.0980848822957423,4.153859334212712,363189.41663657513,0.0,0.0,27953.0,26475.721114999964,0.2528868832860725,0.626281580777833,0.2510738217863579,532.2187999999733,0.0019723506336313,0.2799999999999993,0.8657508630131332,0.0018920291046506,19391.33499322184,0.01840490797546,20364.151438785048,0.6937499999999943,0.1068711650210418,150.021085,569351.1504550762,673197.8000000007,0.0025750678254472,0.0,0.0,0.0,6421.593799999973,541.0,0.0233168366506342,-1649.0,307589.0370111464,1.3125,-149520.3139999993,0.0488920620667359,0.0,0.0342979127134723,0.1734419446988046,281827.4688
2023-04-21,282707.95836666663,148.3652812,281827.4688,147.4144039,72.9375,148.3652812,-0.0975624863736754,8.4,147.4144039,72.6125,104408.81637570252,81.34,-0.9172297678347264,4.217804211722291,0.0,80.62333333333333,30495.5,-1.2317741450000028,1.7222331226311716,2.466123697866154,2.478126202130204,104120.00156592712,0.1046458971070499,4.143112356671639,340043.70048784907,0.0,0.0,38051.0,32433.76876999997,0.2654566991482991,0.6618340123240676,0.2271620292352754,6591.875,0.0254481812591647,0.2449999999999992,1.631512685583317,0.02318644444469,19880.06458829233,0.0217013888888888,20096.27450405008,1.4906249999999943,0.1110796379566897,150.021085,214298.4218403064,298016.69999999925,0.0022015318992798,0.0,0.0,0.0,9063.0625,6994.0,0.0321581942973474,8869.0,291462.4588802985,1.5625,-402689.75,0.0177640146322548,0.0,0.0344158303351636,0.1417760459634289,290890.5313
2023-04-24,290713.2500333333,148.3652812,290890.5313,147.4144039,73.3125,148.3652812,-0.0882708210047553,8.4,147.4144039,72.9375,104063.92948894652,81.348,-0.8298745518504802,4.272357262559956,0.0,81.02333333333333,35849.20000000001,-1.0558064100000308,1.6546680620933805,2.369375008765687,2.483960917990718,103535.51656968672,0.1286019858354941,4.173260242620508,311893.8216854542,0.0,0.0,41470.0,37239.628875,0.2755954911298405,0.6993520850161006,0.2055275502604878,24015.875,0.0304016293683713,0.2100000000000008,1.6457733821944345,0.0872017526859221,20241.44851472783,0.0137457044673539,20678.38714424998,1.5343749999999972,0.1147419245780628,150.021085,119965.47690313496,184677.69999999923,0.0079172577914055,0.0,0.0,0.0,8531.218700000027,8568.0,0.0293279353641169,8937.0,277912.4175732201,1.0,-26348.673000000417,0.0395075406415497,0.0,0.0323911311114235,0.1457651056290748,299421.75
2023-04-25,297829.16669999994,148.3652812,299421.75,147.4144039,73.77083333333333,148.3652812,-0.0798640761471745,8.4,147.4144039,73.3125,103940.05371035752,80.96,-0.7508388802456807,4.283211135536115,0.0,81.22333333333334,37769.59999999998,-0.879838675000002,1.5635143552357864,2.2388489413733823,2.4773767960231043,109063.37829491297,0.1421322197820351,4.161974828574746,273281.1827801484,0.0,0.0,44105.0,36798.17345499998,0.1288288340362178,0.7182063161102139,0.1859534978547277,21347.75,0.0247938153205116,0.1750000000000007,1.7152235362711536,0.0757475844739232,19563.96066919805,0.0286707211120764,20593.298805268558,1.6218750000000028,0.1137563431625797,150.021085,261435.0029123593,309399.0,0.0028605158009444,0.0,0.0,0.0,3753.468799999973,7200.0,0.0125357252771383,5844.0,258606.29387751888,2.0625,269816.8650000002,0.0423978733226986,0.0,0.0330682881197379,0.1550097822991378,303058.375
2023-04-26,302464.64586666663,148.3652812,303058.375,147.4144039,74.375,148.3652812,-0.0722579736569741,8.4,147.4144039,73.8625,103191.99305957196,80.522,-0.6793304154603845,4.364635874364701,0.0,80.68,33544.0,-0.7038709400000016,1.444312694203529,2.0681600623629146,2.479755081284826,140252.40216408667,0.1112821187359783,4.221132144218316,270068.85290426726,0.0,0.0,38194.0,34867.04454499995,0.1674588945471186,0.979324711956148,0.1682436409161827,13906.4375,-0.0163040373662192,0.1399999999999988,2.795916532816761,0.0478064288921733,19775.89924005646,0.0450606585788562,20007.66263283806,2.871875000000003,0.1133986230078615,150.021085,683130.5264445152,745690.4499999993,0.0030787340969802,0.0,0.0,0.0,1621.75,-4852.0,0.005349216886588,-649.0,301920.79391641106,3.25,642579.9879999999,0.0635816165816969,0.0,0.0340723453908984,0.19194043273635,304796.9688
2023-04-27,301593.6875333333,148.3652812,304796.9688,147.4144039,75.14583333333333,148.3652812,-0.0653762618801181,8.4,147.4144039,74.55,102249.1440373845,80.902,-0.6146322806546323,4.4020085128689255,0.0,80.42333333333333,31740.349999999977,-0.5279032050000012,1.2893069667612531,1.8462021330169125,2.2976520624324244,161664.0551694012,0.1007740716634708,4.268346283984693,272514.9912163388,0.0,0.0,35572.0,24157.805434999987,0.1327845987213303,1.241165325463226,0.1522204370194035,-2612.875,0.010036106755755,0.1050000000000004,3.151662577310404,-0.0087264034760333,19529.13275810066,0.0555073720728533,20292.28791271925,3.340625000000003,0.1559019051721455,150.021085,864444.3810688462,944347.1999999993,0.002121417287294,0.0,0.0,0.0,-7988.093799999973,2938.0,-0.0262079174587905,1406.0,359293.8030029011,4.0,782111.3629999999,0.0754470482080726,0.0,0.0342385987795221,0.1704931328612051,296808.875
2023-04-28,299855.28126666666,148.3652812,296808.875,147.4144039,79.35416666666667,148.3652812,-0.0591499512248674,8.4,147.4144039,77.1625,105803.10836996346,81.628,-0.5560958729732306,4.400594786354055,0.0,81.73666666666666,20508.79999999999,-0.3519354700000008,1.08323452065253,1.551120046772131,2.211894877106126,172357.98531937742,0.08355725645808,4.277874872066592,327848.51778762694,0.0,0.0,22007.0,22866.13512499997,0.2247733884463159,3.335223388221975,0.1377232525413649,-5215.218799999973,-0.0164805990239481,0.0699999999999985,12.408051855661796,-0.0172019956665402,19484.25871115601,0.206266318537859,20111.617393165605,13.171875,0.2149887111970457,150.021085,894648.8209670503,997055.1999999993,0.0025222952887127,0.0,0.0,0.0,1151.125,-4873.0,0.0038783375328652,-8807.0,420476.0939452395,14.8125,1137761.5889999997,0.0878129795380184,0.0,0.0347745234774523,0.128588326556159,297960.0
2023-05-02,296799.9479333333,148.29855463999996,297960.0,147.4144039,83.1875,148.3652812,-0.3553748701558277,8.4,147.4144039,79.7875,115482.78079614032,83.286,-2.0394151898329085,4.482794123969692,-1.697994599999987,85.63000000000001,18393.5,-1.7890626049999696,0.8915738755392565,1.36891969809785,2.7606528594747446,189209.55640967045,0.0879246132664032,4.411877360275512,370554.3865110258,-0.3336328000000037,-0.6000000000000005,16895.0,18337.50860999996,0.1397048765105674,4.449714471916128,-0.4182503905578132,-9166.0,-0.0074207036945338,-0.5349999999999993,11.452523107503538,-0.0300724775449275,19177.798162846204,0.2045060658578856,20121.640097147272,12.65625,0.2871532762185121,150.021085,936104.5046844744,1067322.0999999996,0.0092101716236858,-0.0714285714285715,-0.002248725559656,-0.0115185121336707,-2329.0312000000267,-2158.0,-0.0078165901463284,138.0,486044.94253006775,14.75,1128669.154999999,0.0974352063097838,-0.3336328000000037,0.0382233314845625,0.1142819881057172,295630.9688
2023-05-03,294514.9479333333,148.23182808,295630.9688,147.4144039,86.85416666666667,148.3652812,-0.3215296444267039,8.4,147.4144039,82.4,120349.40532592643,85.24600000000001,-1.8451851717535988,4.493084276506746,-1.697994599999987,88.46333333333332,14289.900000000023,-1.5281951400000082,0.5226317104666889,1.154632148978471,3.040199915517964,203747.197565602,0.0900779769592441,4.503528996360436,416286.5805683435,-0.3336328000000037,-0.6000000000000005,7611.0,10448.52965500002,0.1217545670539203,5.264824777161299,-0.3784170200284977,-6855.0,0.0023384721981638,-0.54,10.531449478217482,-0.023095670572519,17849.19746648778,0.207105719237435,19424.19652670788,12.106250000000005,0.1348648334760247,150.021085,778427.7423335724,931818.4000000004,0.0020478119574411,-0.0714285714285715,-0.002248725559656,-0.0115185121336707,-5677.093799999973,675.0,-0.0192033122343168,-2059.0,531078.359999484,14.9375,1258412.6850000003,0.1013133915808348,-0.3336328000000037,0.0378071833648394,0.0989392637761082,289394.1875
2023-05-04,289238.46876666666,148.16510152,289394.1875,145.7164093,86.35416666666667,148.3652812,-0.2909077735289145,7.8,147.4144039,84.35,132650.99411267324,87.792,-1.6694532506342057,4.533085942037459,-1.697994599999987,90.95333333333332,7524.200000000012,-1.4432954099999904,0.6220561591309791,1.3742871422041136,3.672082443748202,212867.43786474172,0.0778224052891361,4.627148036034214,453633.2592024269,-0.3336328000000037,-0.6000000000000005,7076.0,1253.5343449999928,0.099893487175264,5.688655716874829,-0.342377303835307,-15829.4375,-0.0275261384256458,-0.5099999999999989,7.775478099339622,-0.0531260487984964,16869.602055007963,0.1721170395869191,18112.68854781915,9.528125000000005,0.1282897297237437,153.7724057,539551.8144922797,694818.75,0.0025323204051712,-0.0714285714285715,-0.002248725559656,-0.0115185121336707,-7823.3125,-7964.0,-0.0269812310664928,-4954.0,549596.9092147659,12.5,981730.8049999996,0.0430058959305987,-0.3336328000000037,0.0376603669471651,0.0948271761592182,283553.0
2023-05-05,289741.51043333334,148.09837496,283553.0,145.7164093,86.39583333333333,148.0316484,-0.2632022712880655,7.8,145.7164093,86.5375,143320.771368308,89.584,-1.510457702954767,4.525172168868037,-1.697994599999987,90.92,12348.849999999977,-1.358395680000001,0.6968422806225533,1.5395095319713772,4.03312765533277,213021.1010334416,0.091828243715324,4.872248238210362,491657.5671433907,-0.3336328000000037,-0.6000000000000005,15734.0,13980.475800000017,0.1024854989024386,6.131136158340187,-0.3097699415652775,1509.125,0.0077907030469752,-0.4799999999999995,8.731384947021553,0.0051047595119202,15734.092129709072,0.1979345955249569,16894.415046870075,10.618750000000006,0.0953480821001563,153.7724057,516698.4988263473,665969.5999999996,0.0023486661348932,-0.0714285714285715,-0.002248725559656,-0.0115185121336707,15009.531299999971,2192.0,0.053200657053948,7009.0,560171.3200351773,14.375,1063422.3819999993,0.0401392918693062,0.0,0.0374260422877585,0.0869990424848893,297145.875
2023-05-08,294555.53126666666,148.0316484,297145.875,145.7164093,85.83333333333333,148.0316484,-0.2381353883082511,7.8,145.7164093,86.2875,143684.35526362152,90.02799999999999,-1.366604588387645,4.539876998102275,-1.697994599999987,89.70666666666666,16611.5,-1.2734959499999832,0.7543538968128293,1.6665679550693928,4.088635083020336,209548.84686705613,0.1269325165309291,5.230724288179872,505752.02062335913,-0.3336328000000037,-0.6000000000000005,13716.0,18658.95856500004,0.0824179705877039,6.3535047828987326,-0.2802680423685837,14442.0625,0.0479381279690216,-0.4500000000000002,6.429586380638554,0.0498081375874006,14695.230725764382,0.1605777400169923,15422.537938857447,8.325000000000003,0.0832227318447823,153.7724057,157781.87989050522,284353.8499999996,0.0061452760953182,-0.0714285714285715,-0.002248725559656,-0.0115185121336707,7255.843700000027,13593.0,0.0244189318486376,6851.0,553553.161526271,11.8125,844102.7699999996,0.0403992942116866,0.0,0.0415083977849985,0.0882307505121681,304395.9375
2023-05-09,303103.10419999994,148.0316484,304395.9375,145.7164093,86.04166666666667,148.0316484,-0.2154558275169904,7.8,145.7164093,86.0625,151726.74400984985,90.412,-1.2364517704459672,4.6388257078027895,-1.697994599999987,89.99666666666667,19729.25,-1.1885962199999938,0.7983331245997258,1.763729740841237,4.558600287253394,205284.98589762152,0.1469991761280256,5.6123158509241104,509770.2197289099,-0.3336328000000037,-0.6000000000000005,10495.0,19485.02502,0.0889054862451678,6.552313522718625,-0.2535758478572889,25642.718799999973,0.0243987803975149,-0.4200000000000008,6.15653053486345,0.090889546218517,13799.481906702964,0.1627118644067797,14318.348690027356,8.049999999999997,0.1061353612567305,153.7724057,59274.462758075446,139497.65000000037,0.0021091484313207,-0.0714285714285715,-0.002248725559656,-0.0115185121336707,3377.3437999999733,7250.0,0.0110952328330595,5716.0,516289.4448637608,12.0,725436.7149999999,0.0398616369261968,0.0,0.0355067199418814,0.0837735754874709,307773.2813
2023-05-10,307555.45836666663,148.0316484,307773.2813,145.7164093,86.10416666666667,148.0316484,-0.1949362248963098,7.8,145.7164093,86.0875,156313.65402797636,91.08,-1.118694458974943,4.6902374533092575,-1.697994599999987,90.95666666666666,17616.349999999977,-1.1036964900000044,0.8309314608634236,1.835748116878208,5.01370067651465,193096.0758218489,0.151643997482276,5.918359014208297,498873.8720391548,-0.3336328000000037,-0.6000000000000005,4993.0,19682.21252,0.0847748901818019,6.731315514268591,-0.2294257671089754,13357.0625,0.0005683386115455,-0.3900000000000014,6.870789531543124,0.044952070685521,12939.827209923316,0.1782094594594594,13727.966185458525,8.724999999999994,0.105099760906328,153.7724057,271811.70440016314,322305.3499999996,0.0019731649565903,-0.0714285714285715,-0.002248725559656,-0.0115185121336707,2723.875,173.0,0.0088502646769552,342.0,487921.5199379639,13.1875,618264.6290000007,0.0446454574895505,0.0,0.0345904830896002,0.0901743418506341,310497.1563
2023-05-11,310517.2917,148.0316484,310497.1563,145.7164093,86.66666666666667,148.0316484,-0.1763708701442681,7.8,145.7164093,86.475,159274.67507937684,91.106,-1.0121521295487526,4.696601234712059,-1.697994599999987,92.75,20852.849999999977,-1.0187967599999863,0.8534540093614222,1.885506403740424,5.215404788246287,178879.61953649437,0.1482979075604406,6.071386102903896,479973.1255609128,-0.3336328000000037,-0.6000000000000005,11356.0,20144.92340999999,0.0886518619465282,6.819249885193538,-0.2075756940509778,8885.5,0.0103523339538824,-0.3600000000000003,6.103333385681864,0.0291905998252686,12573.941248810122,0.1550580431177446,12849.98699615312,7.853125000000006,0.1041753978936535,153.7724057,175589.5896953866,200251.19999999923,0.0021005645267166,-0.0714285714285715,-0.002248725559656,-0.0115185121336707,2784.2812000000267,3153.0,0.0089671713363772,5714.0,466340.22501995263,11.6875,81012.86000000127,0.0027686610798491,0.0,0.0335815842924847,0.0854727660624391,313281.4375
2023-05-12,315102.71876666666,148.0316484,313281.4375,145.7164093,87.02083333333333,148.0316484,-0.1595736444162412,7.8,145.7164093,86.4375,158708.14455944477,91.386,-0.9157566886393624,4.644314124196905,-1.697994599999987,92.54333333333334,23587.04999999999,-0.9338970299999688,0.8666866435803376,1.914740804521769,5.247092904396438,164184.4562016662,0.1481966125554585,6.145347320064104,464689.3406721376,-0.3336328000000037,-0.6000000000000005,15224.0,25833.018724999973,0.0841776292367107,6.803222044070199,-0.1878065803318369,13756.281200000029,0.0180650067268508,-0.3299999999999992,5.295873063235973,0.0446961514719375,12894.066379413349,0.1413311421528349,12468.64048202574,6.865624999999994,0.0956495330137483,153.7724057,554818.6287720166,576996.3000000007,0.0014847809948033,-0.0714285714285715,-0.002248725559656,-0.0115185121336707,8248.125,5559.0,0.0263281637936176,5274.0,466145.0640316613,10.75,9377.539999999106,0.0141638542046851,0.0,0.0329249617151607,0.1216160784830734,321529.5625
2023-05-15,318464.6146,148.0316484,321529.5625,145.7164093,87.22916666666667,148.0316484,-0.1443761544718427,7.8,145.7164093,86.925,155850.88390248493,92.386,-0.8285417659118082,4.6086920167513625,-1.697994599999987,91.88333333333334,20571.70000000001,-0.8489973000000077,0.871052850778308,1.9243869149642097,5.263465413384386,165617.82382072695,0.1320055859946965,6.186963033585723,451257.0909034706,-0.3336328000000037,-0.6000000000000005,23280.0,22643.02814999997,0.0938448565873152,6.736752198272014,-0.1699202393478529,10085.6875,-0.0011618961890443,-0.2999999999999998,5.696266104832546,0.0324823828346283,13135.725950575224,0.0137085137085137,12806.925801259582,7.065624999999997,0.0849859346154605,153.7724057,590168.6165080145,606793.9000000004,0.0057122923298302,-0.0714285714285715,-0.002248725559656,-0.0115185121336707,-946.7187000000268,-364.0,-0.0029444219456493,-751.0,460591.6834808167,1.1875,-210377.49000000025,0.0121958478139103,0.0,0.0362116991643453,0.1262837889605675,320582.8438
2023-05-16,320713.77086666663,148.0316484,320582.8438,145.7164093,88.875,148.0316484,-0.1306260445221312,7.8,145.7164093,88.175,153798.0648917995,92.83599999999998,-0.7496330263011544,4.598441269089777,0.0,92.88,21500.599999999977,-0.7640975700000183,0.8666866435803012,1.9147408045217336,5.5139884074863215,150130.0786966452,0.1239536233147959,6.2804683868246585,423989.9501695434,0.0,0.0,26227.0,20152.40783499996,0.1070331166304833,6.862706562656856,-0.1537373594099627,6747.468799999973,0.0190114311462783,-0.2700000000000004,8.942455047229444,0.0215380421318449,13405.164327448649,0.0589928057553956,13065.526877646776,10.259375000000006,0.0995935407527064,153.7724057,207472.41493582356,196812.19999999923,0.0023413111342351,0.0,0.0,0.0,-553.9375,5949.0,-0.0017279074994592,3085.0,429225.321343217,5.125,-464471.1400000006,-0.0219769780987034,0.0,0.0291590615679118,0.1273420109670938,318791.9688
2023-05-17,322800.1250333333,148.0316484,318791.9688,145.7164093,90.83333333333331,148.0316484,-0.118185468853369,7.8,145.7164093,89.275,148901.66875996272,93.276,-0.6782394047486662,4.547478074945533,0.0,94.10666666666668,25236.650000000023,-0.6791978399999721,0.8534540093613511,1.8855064037403515,5.735236860157036,135492.52694609156,0.1262566266645405,6.271900660465401,380084.6041332866,0.0,0.0,34108.0,25737.62810000003,0.1152174798490779,6.886566227656336,-0.1390957061328235,6259.0625,-0.0002320724065908,-0.2400000000000011,8.71281647130283,0.0194665226156303,14246.179459371951,0.0646087580760947,13234.929477848702,9.918750000000005,0.1030783793787529,153.7724057,378724.661132412,342451.6500000004,0.0020330478415087,0.0,0.0,0.0,7759.718700000027,-74.0,0.0242469306592134,5822.0,381696.71473890095,5.625,-456744.95999999903,-0.0024842441602046,0.0,0.0291438979963569,0.1177248231551079,327788.625
2023-05-18,326342.71876666666,148.0316484,327788.625,145.7164093,92.125,148.0316484,-0.106929709914965,7.8,145.7164093,90.2,141506.97609230623,94.474,-0.6136451757249972,4.469325717423867,0.0,96.22999999999998,24341.45000000001,-0.5942981100000111,0.8309314608633183,1.8357481168780976,5.9708866263949165,130959.20592164168,0.1362398105383589,6.208002136462713,357475.2912395123,0.0,0.0,40548.0,26369.39060000004,0.1102885326693824,6.726031855635873,-0.1258484960249353,10627.781200000029,0.0129551557128158,-0.2099999999999999,6.9782625216549405,0.0331514346620192,14217.727700452984,0.0770925110132159,14090.054220632395,7.965625000000003,0.122034913878923,153.7724057,427764.7886436116,394741.94999999925,0.0025469458234406,0.0,0.0,0.0,3422.0,4130.0,0.0104396545182128,1486.0,381449.363875354,6.5625,-472683.7799999993,0.0165970563364041,0.0,0.0291589116369761,0.1178064262502597,331210.625
2023-05-19,332558.9583333333,148.0316484,331210.625,145.7164093,92.125,148.0316484,-0.0967459280182936,7.8,145.7164093,91.2375,131440.8066056497,95.578,-0.5552027780369144,4.353450053512343,0.0,97.11333333333332,28935.349999999977,-0.5093983799999933,0.7983331245995856,1.7637297408410848,5.939773941294614,121663.74917732184,0.1227746761653861,6.097710441763288,333402.24105432467,0.0,0.0,40968.0,30993.88279000006,0.1211348743937624,6.43251515610768,-0.1138629249749412,18648.718700000027,0.0256687373421444,-0.1799999999999997,6.596404186259235,0.0582719821018868,15034.001370693291,0.0574712643678161,14066.35354808542,7.309375000000003,0.1144487755874233,153.7724057,262700.14210612513,225847.69999999923,0.0021529452290733,0.0,0.0,0.0,7467.0,8289.0,0.0225445666182961,7429.0,375033.071680393,5.0,-648721.4000000004,0.0048932801530823,0.0,0.0289579557009593,0.1327995777291833,338677.625
2023-05-22,336289.0416666667,148.0316484,338677.625,145.7164093,91.6875,148.0316484,-0.0875320301117881,7.8,145.7164093,91.95,123172.7593476959,97.748,-0.5023263229857946,4.285545595678266,0.0,99.33666666666666,28070.349999999977,-0.4244986500000038,0.7543538968126517,1.6665679550691923,6.255382419207032,110981.5537063696,0.1054441031138823,5.971053067663401,298861.9071728249,0.0,0.0,35724.0,28890.715605000038,0.1192311350828217,6.03127471361197,-0.1030188368820894,11190.25,0.0133479866308787,-0.1500000000000003,5.402699025663125,0.0341386160059702,16019.973898972885,0.0702781844802342,14895.801781920176,5.793750000000003,0.1349118547530819,153.7724057,321090.17619125545,265320.25,0.0071753888459225,0.0,0.0,0.0,301.25,4421.0,0.0008894889350898,1607.0,338400.79022880725,6.0,-345246.94999999925,0.0357448573514576,0.0,0.0300114245540028,0.1666186227756172,338978.875
2023-05-23,339480.6666666667,148.0316484,338978.875,145.7164093,91.5,148.0316484,-0.0791956462916232,7.8,145.7164093,91.775,111610.84882208348,98.692,-0.4544857207966686,4.286446939882385,0.0,99.91,33707.90000000002,-0.339598919999986,0.696842280622333,1.5395095319711196,6.286095997893666,112707.34450167565,0.0850046771818755,5.844732108579772,262277.51235759794,0.0,0.0,38074.0,28629.153105000038,0.1412912507461968,5.461874437262699,-0.0932075190837951,9574.875,0.0090605186632979,-0.1200000000000001,4.661965785123783,0.0289087193383363,17197.242971945117,0.0626822157434401,15894.21568873954,4.674999999999997,0.1248568129696431,153.7724057,261115.3498873264,177654.0,0.0021756750991852,0.0,0.0,0.0,1806.625,3041.0,0.0053296094041257,8066.0,272509.2156730813,5.375,-278928.25,0.0402357739703702,0.0,0.0300798035604665,0.1913806571535839,340831.4688
2023-05-24,340477.8958333333,148.0316484,340831.4688,145.7164093,91.0625,148.0316484,-0.0716532037876618,7.8,145.7164093,91.375,99750.1145261931,99.68,-0.4112013664350797,4.275377484104202,0.0,100.94333333333331,24972.95000000001,-0.2546991899999966,0.6220561591307026,1.3742871422037797,6.071281383001176,116497.93488039088,0.0844562799319694,5.706835790247793,224655.2634575835,0.0,0.0,30786.0,27588.26092000003,0.1428615565562305,4.678279308269978,-0.0843306125043863,2991.6875,-0.0077567447065458,-0.0900000000000007,3.822135710350096,0.0088334371070424,18260.43013464115,0.0401433691756272,17087.307855304756,3.403125000000003,0.153848450996124,153.7724057,255589.2213266287,151235.30000000077,0.0030223054656903,0.0,0.0,0.0,883.8125,-2627.0,0.0025934568812346,-6946.0,209257.6840959249,3.5,-174252.0,0.0241736420087725,0.0,0.0311583738129621,0.1722121769829361,346369.0
2023-05-29,342941.2708333333,148.0316484,346369.0,145.7164093,91.47916666666669,148.0316484,-0.0648290891412273,7.8,145.7164093,91.5625,86568.62651409034,100.884,-0.3720393315365129,4.43832884031178,0.0,101.45666666666666,27814.150000000023,-0.1697994599999788,0.522631710466324,1.154632148978019,5.762170095591052,145789.8953532593,0.0822764166583099,5.639344376788086,217000.4317467828,0.0,0.0,29980.0,30209.34686000005,0.2100568413161822,3.8909516217795934,-0.0762991255992071,7390.125,0.0115847235199941,-0.0599999999999996,5.211098976031039,0.0218011373127602,19473.772640930085,0.0638908829863604,18557.719755356928,4.478125000000006,0.1546605335087938,153.7724057,570439.914533617,484270.94999999925,0.0111615668633027,0.0,0.0,0.0,4699.6875,3893.0,0.0137550764088594,4908.0,226759.16054952337,5.5625,254507.83000000007,0.0561617172790904,0.0,0.0404821171230183,0.1661712228094876,346369.0
2023-05-30,343810.0625,148.0316484,346369.0,145.7164093,91.54166666666669,148.0316484,-0.0586548901754042,7.8,145.7164093,91.425,82403.34075513679,100.76,-0.3366070142473347,4.53088047676647,0.0,100.56,25230.54999999999,-0.0848997300000178,0.3796831351014557,0.838820809059262,5.082995490642508,173921.10994914715,0.0839729843722125,5.545532483569775,229854.7472789353,0.0,0.0,24088.0,24903.071860000025,0.0861327278197147,2.714595282789894,-0.0690325422088067,2606.375,-0.0029799464021486,-0.0300000000000002,3.527303835456649,0.007648139372127,19820.206455588475,0.0518358531317495,19728.551180157658,2.403125000000003,0.1255842630377576,153.7724057,729257.0179113671,679826.9499999993,0.0022244606732142,0.0,0.0,0.0,-2977.125,-1013.0,-0.0085952409135922,-618.0,276882.77306844544,4.5,397074.9500000011,0.0406885536755574,0.0,0.0412505995726681,0.1388185597193162,343391.875
2023-05-31,343946.4479333333,148.0316484,343391.875,145.7164093,90.125,148.0316484,-0.0530687101586977,7.8,145.7164093,90.4375,92803.63323252616,99.944,-0.3045492033666335,4.566203392432228,0.0,99.77666666666666,20261.5,0.0,0.0,0.0,4.5781934784708485,191416.8503757572,0.088189744382367,5.350683084774909,289668.3322452393,0.0,0.0,22141.0,21383.74222000001,0.0871402813747642,2.723209817573621,-0.0624580143793966,409.15629999997327,-0.000737624142143,0.0,-1.2193441488725654,0.0011975213606576,19870.223289646456,-0.0156583629893238,20043.83466880533,-2.4625000000000057,0.1022306307131532,153.7724057,909749.8733483796,908464.0500000007,0.0022614012312074,0.0,0.0,0.0,-1313.4062000000267,-250.0,-0.0038248027854475,-2698.0,349838.08422434074,-1.375,744622.5600000005,0.0525453743895822,0.0,0.0376777662157477,0.1203639304292101,342078.4688
2023-06-01,346281.3229333333,147.95684795999998,342078.4688,145.7164093,89.83333333333333,148.0316484,-0.3863974901435938,7.8,145.7164093,90.5625,101039.64724865965,100.834,0.218515287430165,4.701673022503104,0.5460660999999902,99.82666666666664,27752.900000000023,0.5187627949999865,0.1221040919767055,0.2717658658448926,4.889652097192196,203246.0158745821,0.0931721611921832,5.310610307875896,360340.90784669097,-0.3740022000000067,-1.7999999999999998,29325.0,29791.76561,0.1219562040235841,2.7504560028633933,-1.6850810606289777,7004.625,0.0100449987598767,-1.7100000000000009,3.703331484353384,0.0202230136068759,20228.55905665938,-0.0027173913043477,20067.986685723365,2.606250000000003,0.132754183375608,153.7724057,1189949.0758866295,1253028.9499999993,0.0030919650691512,-0.2307692307692307,-0.0025265016234191,0.0037474578369258,11295.156200000029,3402.0,0.0330191965592663,10269.0,457012.4611474761,-0.25,1219739.7300000004,0.1071422984531267,-0.3740022000000067,0.0384548836404532,0.1213066548020619,353373.625
2023-06-02,349462.9792,147.88204752,353373.625,145.7164093,90.04166666666667,148.0316484,-0.3495977291775318,7.8,145.7164093,90.8125,107843.49974138652,101.792,0.1977043076749112,4.798819372348624,0.5460660999999902,102.66333333333334,28877.54999999999,0.4914594899999827,0.1680755992193081,0.374084193324636,5.175469569339082,205509.6861760225,0.1246722043072717,5.215679271501524,408431.427739763,-0.3740022000000067,-1.7999999999999998,27719.0,26205.83597000001,0.1344981468577243,2.7722336851835285,-1.5245971500928848,9544.968799999971,0.0311332503113324,-1.62,3.5202761048911526,0.0277961404881812,19610.99112648788,-0.0080917060013485,20390.25828958327,2.549999999999997,0.1258296604461268,153.7724057,991400.1638974268,1098868.5500000007,0.0027908526679718,-0.2307692307692307,-0.0025265016234191,0.0037474578369258,-436.78120000002673,10650.0,-0.0012360322590573,4216.0,525040.4451746853,-0.75,1129941.42,0.0846725983590399,-0.3740022000000067,0.0392402331102956,0.1085415186263984,352936.8125
2023-06-05,355712.02086666663,147.80724708,352936.8125,146.2624754,91.8125,148.0316484,-0.3163027073510989,6.0,145.7164093,90.6375,106720.25217089972,102.282,0.1788753259915836,4.969316880937008,0.5460660999999902,105.35333333333334,29215.95000000001,0.4641561850000073,0.2000499770692481,0.4452492488136272,5.508007830709279,212566.5296032453,0.1286183081443055,5.186732061105272,453416.6879879722,-0.3740022000000067,-1.7999999999999998,30104.0,30159.83440500003,0.1340592729363023,2.6281700783110344,-1.3793974215126097,18747.125,0.0005925245514957,-1.5300000000000011,3.015368856806276,0.0548035807859064,18021.65971322542,0.0006816632583503,19685.29899898825,2.03125,0.1292679924682242,152.5570318,821499.52924053,950539.4499999993,0.0075184846722604,-0.2307692307692307,-0.0025265016234191,0.0037474578369258,7888.75,209.0,0.022351732720969,3871.0,566833.0668470501,0.0625,1185739.34,0.0720462484194084,-0.3740022000000067,0.0443937306234929,0.096556165252308,360825.625
2023-06-06,364839.9583666666,147.73244663999998,360825.625,146.2624754,91.79166666666669,147.6576462,-0.2861786399843424,6.0,146.2624754,90.7125,106162.38379750049,104.28,0.1618395806590342,5.088408912731536,0.5460660999999902,106.30333333333331,44036.29999999999,0.4368528799999751,0.2241007989608431,0.4987789244341518,5.697944135248938,206211.2144869126,0.1267425198921171,5.271894096853092,490404.7262255618,-0.3740022000000067,-1.7999999999999998,41625.0,45910.81092000002,0.1447051898776032,2.581554238474826,-1.2480262385114085,27383.8125,0.0223524311704355,-1.4400000000000004,2.671643251396148,0.0774925194261455,19475.27056900289,-0.0033967391304348,18244.119164741223,1.734375,0.1481226080784282,152.5570318,719687.0026461929,862460.9499999993,0.0025974025974024,-0.2307692307692307,-0.0025265016234191,0.0037474578369258,19931.843700000027,7889.0,0.0552395507482985,18950.0,597476.8776073628,-0.3125,1280877.7000000011,0.0803794702423221,0.0,0.0448569218870842,0.1005301628787612,380757.4375
2023-06-07,374004.6458666666,147.6576462,380757.4375,146.2624754,91.25,147.6576462,-0.2589235314144105,6.0,146.2624754,91.4875,107102.35065250196,105.95,0.1464262872629262,5.229032591418161,0.5460660999999902,106.70666666666666,47442.59999999998,0.4095495749999998,0.2425962311359653,0.5399440242905867,5.342283269007022,200677.80582248128,0.139283444230159,5.43812999980238,518222.5580492985,-0.3740022000000067,-1.7999999999999998,47590.0,41782.53128,0.155883759053328,2.346049310740121,-1.1291665967484166,27494.0625,0.0537987839013818,-1.3499999999999996,1.1731534179298393,0.0779008000524312,20606.65883577323,-0.0116279069767442,19642.56041218439,0.1124999999999971,0.1179959063007853,152.5570318,568824.7166798897,696886.3499999996,0.0025906735751295,-0.2307692307692307,-0.0025265016234191,0.0037474578369258,-326.5312000000268,19412.0,-0.0008575832481276,7572.0,595936.6947778863,-1.0625,1184102.3699999992,0.0673641234311901,0.0,0.0401006782987074,0.1016410913206564,381077.9688
2023-06-08,380698.6042,147.6576462,381077.9688,146.2624754,90.97916666666669,147.6576462,-0.2342641474701849,6.0,146.2624754,91.325,108480.54286294318,105.992,0.132480926571219,5.316205116632872,0.5460660999999902,106.01,43947.45000000001,0.382246269999996,0.2567397186351688,0.5714230440675065,5.252997415009999,195352.308700937,0.1219553852121329,5.577020049416451,539381.6499007631,-0.3740022000000067,-1.7999999999999998,39929.0,38602.38440500002,0.1658351122205182,2.102265675502954,-1.0216269208676143,20081.875,-0.0129760834003965,-1.260000000000001,1.6269007114603369,0.0556553507984554,21316.144739966552,-0.0020576131687243,20799.738972885814,0.4781250000000057,0.1006527677882387,152.5570318,491491.7436627578,593367.1999999993,0.0021328083343588,-0.2307692307692307,-0.0025265016234191,0.0037474578369258,476.5625,-4934.0,0.0012526913352939,405.0,575363.5419626218,-0.1875,1207871.6400000006,0.0679856299018719,0.0,0.0400561893410524,0.0874063246029991,380907.4688
2023-06-09,381034.0833666667,147.6576462,380907.4688,146.2624754,90.83333333333331,147.6576462,-0.2119532762825429,6.0,146.2624754,91.1875,114366.95327671977,105.726,0.1198636954691778,5.3589724073899045,0.5460660999999902,105.07333333333334,38782.84999999998,0.3549429649999922,0.2672231714978342,0.5947559610735095,5.14748510388648,176861.4375205675,0.1194416610871329,5.732475904878667,545719.1376653484,-0.3740022000000067,-1.7999999999999998,45526.0,35895.45467000001,0.1935822123156763,1.9610097425891289,-0.9243291188802224,1006.4375,0.0066612665998764,-1.17,1.7546958817974456,0.0026432510592784,21672.79049811462,0.0062026188835286,21465.62716621293,0.5875000000000057,0.1138813327867401,152.5570318,259677.29188535176,333246.5,0.0026194081774648,-0.2307692307692307,-0.0025265016234191,0.0037474578369258,856.4062000000267,2500.0,0.0022483313406744,-1349.0,555122.8595930013,0.5625,973124.3900000006,0.0524504006459816,0.0,0.0396384161609302,0.0835230478409255,381763.875
2023-06-12,381447.93753333326,147.6576462,381763.875,146.2624754,91.54166666666669,147.6576462,-0.1917672499699279,6.0,146.2624754,91.325,124736.21017570156,105.956,0.1084481054244861,5.454607781741988,0.5460660999999902,105.36333333333334,32359.25,0.3276396599999884,0.2744663042030109,0.6108769296596547,5.029009424277301,165495.69207313357,0.1043368073838727,5.82476301754339,536329.2811650547,-0.3740022000000067,-1.7999999999999998,37572.0,32384.496905000007,0.2367285434743338,1.8036763443773205,-0.8362977742249624,1241.5625,-0.0024377719664164,-1.080000000000001,2.661986750197684,0.0032635689672935,21655.969020710763,-0.0020242914979756,21784.0810549472,1.5062499999999943,0.1329607519434954,152.5570318,212475.45456293784,250124.6500000004,0.0073886598358983,-0.2307692307692307,-0.0025265016234191,0.0037474578369258,-91.40620000002671,-921.0,-0.0002394312452953,-3046.0,520488.8487088525,-0.1875,558532.8499999996,0.0245034748034436,0.0,0.0357592545958196,0.067982240401661,381718.5
2023-06-13,381777.4896,147.6576462,381718.5,146.2624754,91.75,147.6576462,-0.1735037023537415,6.0,146.2624754,91.3,130557.3553712051,105.326,0.0981197144316752,5.469058876992356,0.5460660999999902,105.19333333333331,30389.150000000023,0.3003363549999847,0.278721849515539,0.620348454632698,4.614785619699532,154151.66568296115,0.1074928317576907,5.860219144457645,529137.8430177902,-0.3740022000000067,-1.7999999999999998,39394.0,29589.824980000038,0.2714106875843206,1.523810472226236,-0.7566503671559186,988.6562000000268,0.0047282578412928,-0.9900000000000002,1.6167975358931417,0.0025955285232779,21789.90006700241,0.002737850787132,21736.54671792572,0.3937499999999971,0.1316703843326341,152.5570318,440949.6969855167,474865.8499999996,0.0020666180403599,-0.2307692307692307,-0.0025265016234191,0.0037474578369258,223.65620000002676,1782.0,0.0005859898690183,1204.0,520331.85153763456,0.25,194845.4699999988,0.0267036720353712,0.0,0.0355961304912266,0.0741946101182736,381896.125
2023-06-14,380754.65626666666,147.6576462,381896.125,146.2624754,92.0625,147.6576462,-0.1569795402248246,6.0,146.2624754,91.675,127791.2070020428,104.892,0.0887749797238939,5.488099349838093,0.5460660999999902,105.31666666666666,26074.54999999999,0.2730330500000093,0.2801259987021386,0.6234736555435068,4.023873853573158,168535.855473546,0.0950852467254884,5.907856588789189,528186.5827180007,-0.3740022000000067,-1.7999999999999998,40931.0,23483.44841999997,0.2455518508529637,1.3165819981671991,-0.6845884274267835,-3068.5,-0.0061796046637528,-0.9000000000000004,2.02829300866523,-0.0080376908370389,21203.70802143037,0.0665220535068691,21839.441827598785,0.7999999999999972,0.1339662665671546,152.5570318,618253.3925107066,659854.5500000007,0.0020623559383721,-0.2307692307692307,-0.0025265016234191,0.0037474578369258,-3200.75,-2340.0,-0.008381205753266,-1161.0,533472.9768316827,5.75,-201556.3100000005,0.0240455903315277,0.0,0.0353904650482597,0.1016796312401798,378695.375
2023-06-15,384140.9583333333,147.6576462,378695.375,146.2624754,92.0,147.6576462,-0.1420291078224522,6.0,146.2624754,91.9375,122751.40529476224,104.736,0.0803202197501775,5.473311587773111,0.0,103.97666666666667,30394.0,0.2457297450000055,0.2787218495155754,0.6203484546327366,3.6600075855538496,175012.74397399015,0.1002893066964691,5.971673022213,510592.414123833,0.0,0.0,38366.0,33029.324985000014,0.2422025718320163,1.3238699252383397,-0.6193895295766136,10158.906200000029,0.0062977479572179,-0.8100000000000005,1.8916698649828163,0.0266168168533094,21010.90794938713,0.005449591280654,21224.362443707592,0.8499999999999943,0.1365532610381595,152.5570318,362972.7360811141,378198.0500000008,0.0031476997578692,0.0,0.0,0.0,13136.0,2370.0,0.0346875110370703,7704.0,502587.94748651714,0.5,-362113.0700000003,-0.0156600155260683,0.0,0.0354479943349856,0.0873164694238626,391831.375
2023-06-16,393314.4166666667,147.6576462,391831.375,146.2624754,92.04166666666669,147.6576462,-0.1285025261250894,6.0,146.2624754,92.025,112351.55802581688,104.66,0.0726706750120627,5.39935756412489,0.0,103.96333333333332,45092.15000000002,0.2184264400000017,0.2744663042030841,0.610876929659731,3.297958658895732,162252.3882615494,0.1144032261283913,5.959307514522804,489218.1139147182,0.0,0.0,52878.0,46533.056235000025,0.2495435244765878,1.2911643052536306,-0.5604000505693172,27520.375,0.0346875453861286,-0.7200000000000006,1.2025822587939672,0.0720624620111032,22541.82232577228,-0.0027192386131883,20870.705746036365,0.3375000000000057,0.1430140274289428,152.5570318,67993.52312100679,50739.550000000745,0.0023332528763375,0.0,0.0,0.0,17585.125,13136.0,0.0448793183036964,18728.0,474771.0789590848,-0.25,-405743.3399999999,-0.0279851004374922,0.0,0.0349754922322838,0.0782780435973298,409416.5
2023-06-21,410221.8333333333,147.6576462,409416.5,146.2624754,92.04166666666669,147.6576462,-0.1162641903036671,6.0,146.2624754,91.975,101055.14536418163,104.68,0.0657496583442309,5.466724098436908,0.0,105.01,59407.95000000001,0.191123134999998,0.2672231714979452,0.5947559610736256,3.237291712461936,163436.0989833413,0.1240738888117018,6.059113970316118,463776.490167232,0.0,0.0,68240.0,61623.83123500005,0.2468150953143714,1.3028309257366546,-0.5070286171817626,50722.25,0.0448790422401494,-0.6299999999999999,1.540431567480255,0.1339394493529264,25747.703426671014,0.0047683923705721,22359.008505919657,0.8125,0.1874981160820679,152.5570318,64546.18758567237,18986.099999999627,0.0114384331353347,0.0,0.0,0.0,20001.125,17585.0,0.0488527575219854,19233.0,449632.89076969575,0.4375,-394587.6500000004,-0.0226227073734416,0.0,0.039002267573696,0.0881559001466627,429908.5938
2023-06-22,418006.8333333333,147.6576462,429908.5938,146.2624754,91.79166666666669,147.6576462,-0.1051914102747559,6.0,146.2624754,91.9625,89638.09994586489,104.322,0.0594877861209681,5.440633090097388,0.0,104.50333333333332,54522.09999999998,0.1638198299999942,0.2567397186353231,0.5714230440676692,2.955974503129829,152980.8657175298,0.1147064913387372,6.090727637804204,423920.95672834944,0.0,0.0,48932.0,43567.14373500005,0.2501670453061163,1.2949801868035364,-0.4587401774501662,23355.0,0.0133629364753697,-0.5400000000000009,0.7716999896249916,0.0596047215463539,26853.95828359517,-0.002044989775051,25595.0647438805,0.1500000000000056,0.159470497273704,152.5570318,305732.7887679897,236715.59999999963,0.0019840482520534,0.0,0.0,0.0,-14231.25,5471.0,-0.0331408148419618,-358.0,409856.7139179867,-0.1875,-485165.8200000003,-0.0036134319289345,0.0,0.0383666419935848,0.112890710459726,415186.375
2023-06-23,421780.2291666667,147.6576462,415186.375,146.2624754,90.97916666666669,147.6576462,-0.0951731807247711,6.0,146.2624754,91.375,85212.88006306169,104.132,0.0538222826808691,5.436947189080684,0.0,104.43666666666668,46291.70000000001,0.1365165250000188,0.24259623113617,0.5399440242908011,2.9418996279697183,152319.48230413024,0.1052412454543542,6.11541045229326,379964.8048775386,0.0,0.0,37378.0,45029.56561000005,0.250116571398602,1.377375340620908,-0.4150506367406263,11320.1875,-0.0025500919527485,-0.4500000000000002,-1.3375095331964388,0.0276495634641007,27828.876605251604,-0.0117647058823529,26662.90340361775,-1.9937500000000057,0.1666834119898787,152.5570318,522394.85650437325,443754.0,0.0019009148152548,0.0,0.0,0.0,5550.3125,-1058.0,0.0133682433581785,-3982.0,380590.4354121209,-1.0625,-474453.05999999866,0.0195675799765135,0.0,0.0376522702104098,0.1538225663912044,420736.6875
2023-06-26,422776.40626666666,147.6576462,420736.6875,146.2624754,90.875,147.6576462,-0.0861090682747942,6.0,146.2624754,91.3,75611.4791813154,104.58,0.0486963509969768,5.447288461148154,0.0,103.81,58427.5,0.1092132199999866,0.2241007989611105,0.4987789244344265,2.814029654202764,161850.34880875892,0.1100903910318263,6.108172609839794,324977.5381779296,0.0,0.0,53795.0,52118.00159499998,0.260523393986405,1.3841650295216112,-0.3755220046700902,2988.5312999999733,0.0166928852255399,-0.3600000000000003,1.164872327107986,0.0069594984602692,29280.876356287918,0.0103092783505154,27598.371912305643,0.59375,0.1920915338206577,152.5570318,415484.6320753861,317500.69999999925,0.0061267243764575,0.0,0.0,0.0,11669.468799999971,6908.0,0.0277358004345651,16822.0,327772.1732409472,0.9375,-541194.1300000008,0.017191439412471,0.0,0.0417877460811197,0.1823009780302501,432406.1563
2023-06-27,423172.90626666666,147.6576462,432406.1563,146.2624754,90.72916666666669,147.6576462,-0.0779082046295798,6.0,146.2624754,91.175,73734.94167730065,104.37,0.0440586032829628,5.399026325474674,0.0,104.04333333333334,45110.0,0.0819099149999829,0.2000499770695974,0.4452492488139847,2.722903056046477,161888.38572157762,0.0990279743162877,6.079669225768407,263947.385159996,0.0,0.0,46424.0,32352.392170000006,0.2572755819959055,1.3782258809609416,-0.3397580042253194,1189.5,-0.0134169326681513,-0.2699999999999996,0.3188130578596002,0.0028649784087928,28857.070411963483,-0.0020547945205479,29015.970605434668,-0.2374999999999971,0.1836047906122178,152.5570318,405173.7623539213,286213.3499999996,0.0024750530368506,0.0,0.0,0.0,-16030.281299999971,-5645.0,-0.0370722781497085,-8720.0,254571.5768749253,-0.1875,-330358.4500000011,0.0327981215431798,0.0,0.0416377515614156,0.1967847488599811,416375.875
2023-06-28,419468.2604333333,147.6576462,416375.875,146.2624754,91.8125,147.6576462,-0.0704883756172307,6.0,146.2624754,91.2375,70931.76653604052,103.34,0.0398625458274182,5.478558780902178,0.0,103.69,34040.45000000001,0.0546066100000075,0.1680755992197806,0.3740841933251206,2.7465049081554533,185176.4217764952,0.0946482918211033,6.041151772374302,224101.03536013552,0.0,0.0,42399.0,22436.579670000006,0.2570512230409146,1.3721711330676825,-0.3074000990610033,-11113.9375,-0.0152231312576489,-0.1799999999999997,1.589045147587257,-0.0264154228290348,27965.477120015883,0.0006761325219744,28893.798762638,1.2062499999999972,0.1670920987168813,152.5570318,723340.6421297379,615924.4499999993,0.0026257005133834,0.0,0.0,0.0,-6753.125,-6319.0,-0.0162188191138595,-7071.0,255172.8893180529,0.0625,220538.20999999903,0.0601131878896723,0.0,0.0367128616581571,0.2190352809123251,409622.75
2023-06-29,414155.15626666666,147.6576462,409622.75,146.2624754,91.22916666666669,147.6576462,-0.0637751969870237,6.0,146.2624754,90.9625,76937.15767696526,102.846,0.0360661128914614,5.488064058051278,0.0,101.61333333333332,21548.400000000023,0.0273033050000037,0.1221040919774374,0.2717658658456378,2.440250795997017,218832.9063796812,0.0994212409405318,6.047545195759716,239255.8660894187,0.0,0.0,32287.0,25626.925029999984,0.235809475250231,1.3967883450703065,-0.2781238991504313,-15939.3125,0.0014188804055061,-0.0899999999999998,-0.7111020093258134,-0.0368619000163851,26686.987054212063,-0.0156996587030716,27996.335710485917,-1.109375,0.1767529467512894,152.5570318,873222.4857364297,792816.5999999996,0.0015634771732333,0.0,0.0,0.0,6844.093799999973,580.0,0.0167082853674509,-8908.0,298646.12808749545,-1.4375,720940.6300000008,0.0569428307084256,0.0,0.0361923248008411,0.1652269458612021,416949.875
2023-06-30,417456.8542,147.6576462,416949.875,146.2624754,91.4375,147.6576462,-0.0577013687025385,6.0,146.2624754,91.45,102144.72739546784,101.798,0.0326312449970203,5.43401237819046,0.0,100.15,27927.95000000001,0.0,0.0,0.0,2.4415096710191144,238002.2944388564,0.1055615662297832,6.014169321826508,357043.1299389976,0.0,0.0,44078.0,31230.925029999984,0.3193126555066347,0.8235521086495362,-0.2516359087551523,9905.093799999971,0.011222587839835,0.0,0.7703124677528308,0.0237888273426023,25189.383996502245,-0.0054237288135593,26735.34086176468,0.1906249999999971,0.1767514864671983,152.5570318,1273808.391856771,1249659.0,0.0017171401810802,0.0,0.0,0.0,9814.125,4594.0,0.0235652012785754,10630.0,415692.1009392594,-0.5,1288297.1500000004,0.0744666177444262,0.0,0.0358353510895883,0.1248164488396029,426280.9688
2023-07-03,426454.6042,147.57190906,426280.9688,146.2624754,91.4375,147.6576462,-0.4400644907308617,6.0,146.2624754,91.575,126114.5836915558,101.81199999999998,1.9937031549972917,5.401868950456526,2.1709353999999905,101.26333333333334,32545.25,2.0623886299999867,0.4854359129152659,0.5219113022236379,2.4699818878508863,254259.95924522085,0.1123178830386576,6.021072884813076,428122.59871484496,-0.4286856999999884,0.2999999999999998,45168.0,37403.83747999999,0.3021191019895435,0.8522597188021259,0.0437579873167672,26993.25,0.0227033895643644,0.2850000000000001,1.4320684232049388,0.0658978291611001,24815.0383547234,0.0027100271002709,25225.967403862964,0.9656250000000028,0.1927216422009982,152.5570318,1046461.5450132694,1080769.9000000004,0.0050646719650928,0.05,-0.0029032407804966,0.0148427366216994,10335.031200000029,9398.0,0.0242446460349698,8794.0,486800.3545709917,0.25,1219222.7800000012,0.0818698762147911,-0.4286856999999884,0.0378147879958161,0.0990310598627839,436619.0
2023-07-04,434788.96876666666,147.48617192,436619.0,146.2624754,91.97916666666669,147.6576462,-0.3981535868517483,6.0,146.2624754,91.7125,137556.86502908997,102.154,1.8038266640451752,5.370792943515609,2.1709353999999905,102.89,34281.25,1.9538418600000116,0.6681998172520405,0.7184079864906134,2.453791641734946,256247.94436369848,0.1299339417428016,5.945194676111409,476289.1941421236,-0.4286856999999884,0.2999999999999998,32442.0,37831.12029499997,0.3030547126877473,0.8486153582860695,0.0395905599532655,25003.093700000027,0.0313550413964969,0.2700000000000004,0.6171095257568453,0.0600362167414394,24009.14894916384,0.0006816632583503,24837.711175358323,0.2249999999999943,0.1993670710698948,152.5570318,763738.0645358153,832150.75,0.0045352352895571,0.05,-0.0029032407804966,0.0148427366216994,4853.9375,13274.0,0.0111171773366069,6002.0,524609.0624474762,0.0625,1233132.0699999984,0.0889574186402006,-0.4286856999999884,0.0400947182533311,0.0900761473754583,441468.9375
2023-07-05,438272.84376666666,147.40043478,441468.9375,148.4334108,92.125,147.6576462,-0.3602341976277898,6.3,146.2624754,91.6375,135988.2674758425,102.544,1.6320336484218387,5.398739107178683,2.1709353999999905,104.93333333333334,28303.099999999977,1.8452950899999792,0.7953168618120259,0.8550765363363463,2.399817975552549,266014.24855386355,0.1172338942738181,5.96693820807366,533595.0942502194,-0.4286856999999884,0.2999999999999998,11203.0,29298.426594999968,0.2970955039215918,0.8579398902407814,0.0358200304339071,10451.625,-0.0133457316333004,0.2549999999999999,0.8976229042561954,0.0245181600047073,22857.081996549678,-0.0006779661016949,24016.2998300718,0.5812499999999972,0.2046104601524883,150.2229735,828185.6298181191,925734.0,0.0025081998842371,0.05,-0.0029032407804966,0.0148427366216994,-4737.343700000027,-5827.0,-0.0107308409873323,-2006.0,566529.9059814025,-0.0625,1355982.460000001,0.0985725589652417,-0.4286856999999884,0.0309114717669933,0.0867039518206814,437402.0
2023-07-06,431917.0729333333,147.31469764,437402.0,148.4334108,92.0625,147.2289605,-0.3259261788060996,6.3,148.4334108,92.075,234581.3137080834,103.5,1.4766018723816785,5.37960338980405,2.1709353999999905,104.42666666666666,21413.849999999977,1.7367483200000038,0.8909330896697502,0.9578773153213168,2.305639025473233,262893.1557004833,0.0780802229615996,5.932253743199691,603877.533841027,-0.4286856999999884,0.2999999999999998,7493.0,8274.957794999995,0.3056071513807363,0.874670990777945,0.0324085989640119,-19067.3125,-0.0387449163401363,0.2399999999999993,0.9817778657556032,-0.0436706682760137,22063.847018380104,0.008879781420765,22895.5005518357,0.7374999999999972,0.2194615793395134,150.2229735,828512.7603116315,949551.5,0.0020400307929175,0.05,-0.0029032407804966,0.0148427366216994,-19183.906299999973,-16691.0,-0.0439259779836472,-4068.0,605912.8457255587,0.8125,1679682.8499999996,0.0849885024024006,0.0,0.0309690705318601,0.0897984831950038,417548.6875
2023-07-07,425953.90626666666,147.2289605,417548.6875,148.4334108,91.97916666666669,147.2289605,-0.2948855903484002,6.3,148.4334108,92.0375,311724.28214512655,104.434,1.33597312263106,5.323498330392967,2.1709353999999905,103.95,8544.950000000012,1.6282015499999716,0.9644633609077818,1.0369326109714794,2.2234146333004703,251664.2727317716,0.0884859369775701,5.84940986677262,642128.8179916054,-0.4286856999999884,0.2999999999999998,500.0,12149.231234999956,0.2990675705131556,0.8232524853339205,0.0293220657293442,-17889.5,0.0083264710783117,0.2249999999999996,0.1531561642550798,-0.0405225780521012,21187.30116637601,0.0252100840336133,22093.398800540403,-0.1343750000000056,0.223076400981666,150.2229735,644720.4498057608,771150.0500000007,0.0024968309453388,0.05,-0.0029032407804966,0.0148427366216994,6031.75,3448.0,0.0144456207876357,-10975.0,624895.887845311,2.25,1513826.279999999,0.0592178098540365,0.0,0.0315822759792876,0.0817092808445443,423580.4375
2023-07-10,420633.8958333333,147.2289605,423580.4375,148.4334108,92.3125,147.2289605,-0.2668012484104736,6.3,148.4334108,92.1625,307820.363233472,104.342,1.2087375871423944,5.300900494505088,2.1709353999999905,104.26,5261.5,1.5196547799999962,1.0206920806382636,1.0973863259854435,2.249458121882017,243814.24556166504,0.0898533007014116,5.781411592338313,655402.4852370912,-0.4286856999999884,0.2999999999999998,-17806.0,7348.101549999963,0.3273281430289485,0.8697918308138973,0.0265294880408353,-15960.031299999971,0.0022751820744391,0.2099999999999999,1.608807958135543,-0.0365441726277677,20006.885638740398,0.0136054421768707,21254.926241863457,1.3812499999999943,0.2244936495014772,150.2229735,197721.64506235527,302519.05000000075,0.006398957774542,0.05,-0.0029032407804966,0.0148427366216994,-2807.875,950.0,-0.0066289062275214,-1484.0,617653.4429368699,1.25,1254830.66,0.0365826175265242,0.0,0.0318613970299364,0.0769747921984119,420772.5625
2023-07-11,422372.7916666667,147.2289605,420772.5625,148.4334108,92.0625,147.2289605,-0.2413916057047345,6.3,148.4334108,92.125,307488.7419564928,103.85,1.0936197217002643,5.230054845240486,2.1709353999999905,103.47333333333334,1812.8499999999767,1.4111080100000208,1.062370000094548,1.1421959015415335,2.2865401926551185,226466.8203880312,0.0967879500254026,5.715666742893072,658453.7745427148,-0.4286856999999884,0.2999999999999998,-10751.0,7290.839049999951,0.3175963444784772,0.8632374326538459,0.0240028701321843,5216.6875,-0.003706102045644,0.1950000000000002,0.0418976764083538,0.0124936029166657,18646.34549879857,0.005490734385724,20069.64724867881,-0.1968750000000056,0.2500298839320679,150.2229735,408715.9169611782,491166.19999999925,0.0025509232819342,0.05,-0.0029032407804966,0.0148427366216994,1992.8125,-1551.0,0.0047360799576849,-1665.0,603014.1657931899,0.5,1096671.370000001,0.0504462818813415,0.0,0.0319394913195125,0.0880282959460696,422811.3125
2023-07-12,425029.6875,147.2289605,422811.3125,148.4334108,92.39583333333331,147.2289605,-0.2184019289709624,6.3,148.4334108,92.2,306238.1176129378,103.28,0.9894654624907276,5.219040923187701,2.1709353999999905,103.01,11395.650000000023,1.3025612399999886,1.0911657323263038,1.1731553293624262,2.145908959661075,209677.16644628084,0.1147874594067854,5.62388129226592,650569.7942571901,-0.4286856999999884,0.2999999999999998,8445.0,13582.65624000004,0.3180537414487682,0.8659304396537947,0.0217168825005478,7970.6875,0.0140617055364218,0.1799999999999997,0.8861217072266072,0.0188174117460275,17164.100791146888,0.0,18704.849960714557,0.7374999999999972,0.2330469073933901,150.2229735,323022.5439172555,375448.0999999996,0.0023165729910374,0.05,-0.0029032407804966,0.0148427366216994,8785.75,5863.0,0.0207816214844935,12125.0,576406.8052422737,0.0,589271.2700000014,0.021861998683341,0.0,0.0316213258286428,0.0770078841978088,431551.125
2023-07-13,435151.6875,147.2289605,431551.125,148.4334108,92.04166666666669,147.2289605,-0.1976017452594476,6.3,148.4334108,92.15,304212.35486492474,102.66,0.8952306565392405,5.153778276791622,2.1709353999999905,101.62333333333332,25275.5,1.1940144699999848,1.1080840394052234,1.1913448687929902,2.199439162962857,194819.43374193585,0.1531039122473387,5.497114530180365,635309.5741165514,-0.4286856999999884,0.2999999999999998,34576.0,29707.97186500003,0.305937995915693,0.867069322793479,0.0196486079766859,30366.0,0.020671174591011,0.165,0.4058958303478874,0.0721672530632269,16474.599492357367,0.0214979195561719,17219.51350330835,0.2750000000000057,0.2299656068924083,150.2229735,441460.063544184,481827.1500000004,0.0022354412154736,0.05,-0.0029032407804966,0.0148427366216994,19587.4375,8740.0,0.0453884519476111,17223.0,568421.9873038749,1.9375,141956.93999999948,0.0168936733365052,0.0,0.0323134561348734,0.0783208680162301,451345.5625
2023-07-14,441997.7604333333,147.2289605,451345.5625,148.4334108,92.25,147.2289605,-0.1787825314252131,6.3,148.4334108,92.2875,300093.3598130443,102.556,0.8099705940117019,5.033283327277066,2.1709353999999905,101.79333333333334,21292.900000000023,1.085467699999981,1.1136663620874454,1.1973466441519982,2.1877409641709447,187898.43206912107,0.1985763857104108,5.326900426882462,622879.872279342,-0.4286856999999884,0.2999999999999998,23334.0,18642.59222500003,0.305937995915693,0.867069322793479,0.0177773119789064,20538.218799999973,0.0186003508275962,0.1499999999999994,0.4803343226957111,0.0485806549318281,13765.430873442165,0.0054533060668029,16533.268147967177,0.4000000000000057,0.2245506115786363,150.2229735,337686.1527304519,370601.75,0.002343868138515,0.05,-0.0029032407804966,0.0148427366216994,-7834.968700000027,8027.0,-0.0173671003794981,-612.0,565398.2755642001,0.5,-513731.6099999994,-0.0189435606435283,0.0,0.0329593267882186,0.082900326978031,443305.0
2023-07-17,450428.3854333333,147.2289605,443305.0,148.4334108,92.29166666666669,147.2289605,-0.1617556236704445,6.3,148.4334108,92.1875,293926.3273314862,102.384,0.7328305374391562,4.966913978890535,0.0,102.76666666666664,27372.400000000023,0.9769209300000056,1.108084039405254,1.1913448687930217,2.206718151462894,191100.8365291468,0.2003513381127566,5.243733578485033,607707.9975805457,0.0,0.0,24082.0,28931.417175000068,0.299573394825299,0.8815310768639483,0.0160842346475824,25291.875,0.0084763113713606,0.1349999999999998,0.8304215300580324,0.0586069031797797,13272.103168546932,0.0013513513513514,13812.343788127244,0.8187499999999943,0.2268606281425519,150.2229735,351672.9477085043,365205.44999999925,0.0062231274043902,0.0,0.0,0.0,13539.406200000029,3726.0,0.0305420627970556,9542.0,547190.4773837496,0.125,-480362.370000001,-0.0091560332084216,0.0,0.0341499341034188,0.1038355787147644,456842.8125
2023-07-18,452329.8021,147.2289605,456842.8125,148.4334108,92.1875,147.2289605,-0.1463503261780374,6.3,148.4334108,92.225,288295.4355920322,102.348,0.6630371529211629,4.852984838439075,0.0,102.95333333333332,27802.70000000001,0.8683741600000019,1.0911657323263653,1.173155329362492,2.226931982038835,160630.84985221678,0.1669861322820227,5.065149735410762,582841.0974696929,0.0,0.0,21192.0,26559.91405000008,0.2994264718926754,0.8811986733858106,0.0145524027763848,5704.25,0.0288470214570588,0.1200000000000001,-0.0403329013760753,0.0126441197320612,14009.97940144834,0.0,13296.310634682895,-0.0593750000000028,0.253090556301897,150.2229735,267983.1907838844,241706.09999999963,0.0029611304771541,0.0,0.0,0.0,-0.1875,12788.0,-4.10425463504005e-07,3112.0,491425.4508207151,0.0,-518520.4099999983,-0.0005025132226029,0.0,0.0325294231140267,0.1112257234823776,456880.6875
2023-07-19,456855.5,147.2289605,456880.6875,148.4334108,91.875,147.2289605,-0.1324121998753753,6.3,148.4334108,91.975,274762.2683907079,101.946,0.5998907574048644,4.906691751820461,0.0,101.99333333333334,21594.849999999977,0.7598273899999981,1.0623700000946412,1.142195901541639,2.0952172981129453,152445.4765842647,0.1171445934185662,5.06374468779624,560241.5621755467,0.0,0.0,18474.0,25224.635925000068,0.3046803180975612,0.8849527938662294,0.0131664596548244,13577.093700000029,-0.0178582391271936,0.1049999999999995,-0.4888726250545403,0.0306270778985053,15214.76711318768,-0.0094979647218452,14019.77553880162,-0.5125000000000028,0.211423905028172,150.2229735,318855.4583282769,254069.30000000077,0.0024291800583005,0.0,0.0,0.0,37.875,-8145.0,8.29059776441543e-05,-4724.0,419713.8313582448,-0.875,-808122.2800000012,-0.0044719464012302,0.0,0.0324480369515012,0.1263425978615529,453206.9063
2023-07-20,455643.46876666666,147.2289605,453206.9063,148.4334108,91.33333333333331,147.2289605,-0.1198015141729627,6.3,148.4334108,91.7625,265323.7905047677,101.9,0.5427583043187099,4.910137311834307,0.0,100.81666666666666,19773.900000000023,0.6512806199999943,1.020692080638393,1.0973863259855954,2.126297189208987,143889.3648368559,0.1198676994710475,5.020351843407588,528565.315551577,0.0,0.0,22206.0,19649.828159999972,0.2817402507557649,0.8996984143841351,0.0119125111162698,-3636.0937000000263,0.0059114136270586,0.0899999999999998,-0.66850380362078,-0.0079591756905545,15422.479629865064,-0.014218009478673,14917.74566445552,-0.7374999999999972,0.2066620623521452,150.2229735,242953.4146779664,147853.34999999963,0.0020504790664725,0.0,0.0,0.0,-3673.7812000000263,2648.0,-0.0080410078615984,-336.0,362058.9663186808,-1.3125,-1064680.3599999994,-0.0125611490760015,0.0,0.0324588022894019,0.1190562021455292,459108.0
2023-07-21,456398.53126666666,147.2289605,459108.0,148.4334108,91.5,147.2289605,-0.1083918461565076,6.3,148.4334108,91.775,260069.08599123263,101.49,0.4910670372407537,4.868086487794431,0.0,100.36333333333334,31482.95000000001,0.5427338499999905,0.9644633609079516,1.036932610971684,2.174559786061045,122952.85396857318,0.1062610182657969,4.9647800343520725,486852.39904021006,0.0,0.0,47279.0,23632.35623500001,0.3059408332301117,0.6884264093248219,0.0107779862480539,2265.1875,0.0188927973013459,0.0750000000000001,0.5261156062478562,0.0049583520590028,16114.841135006507,0.0081967213114753,15600.151932572327,0.3624999999999971,0.2207183157155079,150.2229735,262336.994232446,150196.05000000077,0.0023811295483295,0.0,0.0,0.0,5901.093700000027,8513.0,0.013020749723734,14098.0,324537.9535611632,0.75,-825861.5399999991,-0.0029949022499239,0.0,0.0323396428845121,0.1524184184004078,472973.5625
2023-07-24,461762.8229333333,147.2289605,472973.5625,148.4334108,91.77083333333331,147.2289605,-0.0980688131892293,6.3,148.4334108,91.6625,245956.9171535392,101.31,0.4442987479797295,4.974084840452106,0.0,101.70666666666666,35070.79999999999,0.4341870799999867,0.8909330896699713,0.9578773153215864,2.0563856898109223,119606.79888555336,0.1169005996896186,5.034961453887492,428929.5532198602,0.0,0.0,54169.0,35469.548425000045,0.3099024046461737,0.6895230402456123,0.0097515113672868,16092.875,0.0151097345286947,0.0599999999999996,0.3063665008909169,0.0352233645244635,18134.67226525004,-0.0114093959731543,17558.32633390374,0.1656250000000056,0.2025875675632266,150.2229735,313728.89954364114,182577.19999999923,0.0065696681760818,0.0,0.0,0.0,13865.5625,6937.0,0.0302010910286905,5406.0,266782.9926156168,-1.0625,-462845.3900000006,0.0279618173871496,0.0,0.0325147534742054,0.2001135758711681,466662.9375
2023-07-25,466248.1666666667,147.2289605,466662.9375,148.4334108,92.04166666666669,147.2289605,-0.0887289262188346,6.3,148.4334108,91.675,234998.7410295709,101.388,0.4019845815054736,5.029902060364387,0.0,102.1,26469.70000000001,0.3256403100000113,0.7953168618123158,0.8550765363366996,2.0560885194942338,115495.66323877891,0.1125140502467146,5.055863818122103,363015.7593439161,0.0,0.0,49153.0,26644.57030000008,0.2979659625921607,0.6615854536665986,0.0088227959989737,13456.031200000029,-0.0053664345717687,0.0449999999999999,0.0509982627108343,0.0296907020015551,18532.852120918866,0.0027303754266212,18781.383122664385,-0.1218750000000028,0.2041616830366259,150.2229735,321808.33768234216,172015.6000000015,0.0017699767690548,0.0,0.0,0.0,-6310.625,-2501.0,-0.0133424476553063,-6681.0,187171.8466076088,0.25,-327703.1000000015,0.014843495893839,0.0,0.0317104663527267,0.2447921691721364,471449.375
2023-07-26,470361.9583333333,147.2289605,471449.375,148.4334108,91.83333333333331,147.2289605,-0.0802785522932367,6.3,148.4334108,91.75,219839.03546544665,101.772,0.3637003356478203,5.06357882592262,0.0,102.46333333333332,26815.20000000001,0.2170935400000075,0.6681998172524376,0.7184079864910904,2.065576190799071,132508.66929253694,0.1174151316208177,4.954602219948926,332510.7369484795,0.0,0.0,39785.0,28339.67655000009,0.2551823915924012,0.6510603067531856,0.0079825297133577,12341.375,0.009149077541722,0.0299999999999993,-0.1235015718330601,0.026881202244352,18351.471582168037,-0.0094594594594594,19459.0811597696,-0.265625,0.1966559178261306,150.2229735,350627.2102840245,201656.05000000077,0.0026870835940662,0.0,0.0,0.0,4786.4375,4241.0,0.0102567337480063,2757.0,155912.3731273256,-0.875,-116286.56000000052,0.0219395136220588,0.0,0.0320918425340051,0.2494151284482632,471102.8438
2023-07-27,463323.1041666667,147.2289605,471102.8438,148.4334108,91.39583333333331,147.2289605,-0.0726329758843746,6.3,148.4334108,91.7,208956.2641791626,101.864,0.3290622084432755,5.0394810718664935,0.0,101.74,20077.54999999999,0.1085467699999753,0.4854359129158874,0.5219113022243697,1.970519301043624,166906.8040455283,0.0871679940546456,4.879623691274717,327618.294143681,0.0,0.0,18477.0,6977.793739999994,0.2616200658832449,0.5720587675718901,0.0072222887882764,-21116.5625,-0.0380153275543251,0.0149999999999996,-0.903406184039426,-0.0446463907800342,17324.767938149453,-0.0142566191446028,19124.743776731124,-1.171875,0.2146683491637889,150.2229735,560909.1426379271,433518.25,0.0022026431718062,0.0,0.0,0.0,-19592.375,-17783.0,-0.0415577494402236,-4085.0,174443.7275839817,-1.3125,42960.5,0.0279323583943982,0.0,0.0320580674429156,0.162732379267347,450210.5938
2023-07-28,460364.7083333333,147.2289605,450210.5938,148.4334108,91.54166666666669,147.2289605,-0.0657155496096777,6.3,148.4334108,91.7,205593.81574768608,101.864,0.2977229504963077,4.959945325464364,0.0,101.15666666666668,8355.700000000012,0.0,0.0,0.0,1.7861349038448342,184284.85186482387,0.0830289001909247,4.807899065192764,319101.1018008142,0.0,0.0,8983.0,11333.204680000084,0.2765813873418739,0.5737543716178624,0.0065344517608219,-8875.1875,0.000464442380256,0.0,0.5397753572976569,-0.0190184109060513,16973.51853839822,0.0006779661016949,18075.890127882594,0.2999999999999971,0.1915677404196009,150.2229735,957795.5576247908,895610.6499999985,0.0023076923076923,0.0,0.0,0.0,5930.75,209.0,0.0131252807857353,-10106.0,268726.27154913533,0.0625,360156.5999999996,0.0618295883304478,0.0,0.0320208191898621,0.1517152195548067,457787.75
2023-07-31,455594.1771,147.2289605,457787.75,148.4334108,91.79166666666669,147.2289605,-0.0594569258373383,6.3,148.4334108,91.7625,212619.43334942404,101.61,0.2693683837823926,4.991602922595042,0.0,101.43666666666668,8585.549999999988,0.0,0.0,0.0,1.6102313498364085,230895.4547192212,0.0691041574399318,4.834392576009587,368726.0103386415,0.0,0.0,921.0,9657.14691499999,0.2787036480173752,0.5681007717345091,0.0059121230216963,-14311.593700000029,0.0105994744686379,0.0,0.601463418507393,-0.0303565864309397,16967.745999082217,-0.0026990553306343,17676.12551967865,0.4312500000000057,0.1878806730170803,150.2229735,1198451.7426129058,1202604.9499999993,0.0060300405657274,0.0,0.0,0.0,-649.9687000000267,4772.0,-0.0014198036098607,1480.0,389995.7608264676,-0.25,1010574.5,0.0804365857460158,0.0,0.0318227819633418,0.1564080968950885,457137.7813
2023-08-01,455983.3021,147.13137838,457137.7813,148.4334108,91.47916666666669,147.2289605,-0.4952372852814051,6.3,148.4334108,91.3625,212413.16615672564,101.68,1.499761456755493,5.0505069052539335,1.3882627000000127,101.79333333333334,4837.75,1.318849565000022,0.310424976782543,0.3843945303308296,1.5380653432139988,258068.5121392933,0.071509032804341,4.869887359556331,412267.1686784531,-0.4879105999999922,6.1000000000000005,-5136.0,4966.018740000029,0.2814498586116045,0.7415851953598556,5.524396682733916,1167.375,-0.011110305220195,5.795000000000001,-1.7742711927790251,0.002583505401045,16949.014896329565,-0.021117166212534,17629.258950292315,-2.034374999999997,0.1930125412542261,150.2229735,973468.3861735798,1016286.3999999984,0.0031240918337693,0.9682539682539684,-0.0033139580578644,0.0093527642632329,-4113.406299999973,-5055.0,-0.0089981761916556,-2945.0,455180.0895230218,-1.9375,1126860.8499999996,0.0767005159858646,-0.4879105999999922,0.0319904327677704,0.1018787651226582,457137.7813
2023-08-02,454395.5104333333,147.03379626,457137.7813,148.4334108,91.41666666666669,147.2289605,-0.4480718295403392,6.3,148.4334108,91.45,203729.15613045468,102.058,1.3569270323025933,5.121747645812562,1.3882627000000127,102.78666666666668,3934.6500000000233,1.2494364300000314,0.4272982431620665,0.5291169196303659,1.477039713679181,281426.1999900491,0.0823792493121337,4.964186369972385,447169.6824001387,-0.4879105999999922,6.1000000000000005,-412.0,4151.429679999943,0.2799340449071462,0.7404823730110479,4.998263665330685,-4763.375,0.0,5.490000000000001,0.4304213017713607,-0.0104052041584773,16766.555609709725,0.0089041095890411,17664.504051961623,0.21875,0.2035238737267166,150.2229735,1103439.8255856186,1193878.9499999993,0.0043456217860504,0.9682539682539684,-0.0033139580578644,0.0093527642632329,0.0,0.0,0.0,0.0,534328.4645377283,0.8125,1271393.83,0.0859217977596447,-0.4879105999999922,0.0339633896283038,0.1035464746000236,445226.2188
2023-08-03,448928.84376666666,146.93621414,445226.2188,149.8216735,91.25,147.2289605,-0.4053983219650945,12.4,148.4334108,91.675,188691.2227516744,101.744,1.2276958863689913,5.165873111103151,1.3882627000000127,101.96333333333332,-3443.75,1.1800232950000122,0.5085866368640624,0.6297751019786673,1.480674099682212,302884.6673275902,0.0786656759964393,5.034766497489348,472012.0521555109,-0.4879105999999922,6.1000000000000005,-6678.0,-9294.61871000001,0.27964164662284,0.7323232115585572,4.52223855434681,-16400.0,-0.0227436389822371,5.185,0.2197859396978998,-0.0358753983391221,15216.534316244542,0.0096153846153845,17481.194870203075,0.0531249999999943,0.2409237887346406,151.9420381,1023616.6993393674,1156255.1499999985,0.0033893416023653,0.9682539682539684,-0.0033139580578644,0.0093527642632329,-12286.593700000029,-10233.0,-0.0271212640600189,-6602.0,599277.9874734033,0.875,1355991.08,0.0908425998062385,-0.4879105999999922,0.0353448917330159,0.0900417857953285,453024.4063
2023-08-04,448444.2083666667,146.83863202000003,453024.4063,149.8216735,92.16666666666669,146.7410499,-0.3667889579684242,12.4,149.8216735,91.7375,156744.94140971592,100.574,1.110772468619558,5.199026705473786,1.3882627000000127,99.31333333333332,390.5499999999884,1.1106101600000216,0.5697309908828637,0.7054892261740078,2.20689803737385,304061.01155842893,0.0838510482241375,5.084740302847291,520201.8924744331,-0.4879105999999922,6.1000000000000005,-15345.0,138.56722499994794,0.2564226293848998,0.7461524114119479,4.091549168218542,-1453.9062000000267,0.0056675650166593,4.88,0.8208777549647692,-0.0032093332726302,13884.490889051824,0.0033875338753388,15806.01653071965,0.6875,0.2858982198434386,151.9420381,1026662.9184499048,1190469.1999999993,0.0037372430645394,0.9682539682539684,-0.0033139580578644,0.0093527642632329,10832.6875,2492.0,0.024578531634043,5431.0,658476.6457788016,0.3125,1489104.039999999,0.094398989711717,0.0,0.0367456016628311,0.1089095939093788,451570.5
2023-08-07,448236.3750333334,146.7410499,451570.5,149.8216735,92.39583333333331,146.7410499,-0.3318566762571606,12.4,149.8216735,91.8125,159906.38777940918,100.678,1.0049846144653145,5.590427415165159,1.3882627000000127,99.13666666666666,-4082.8499999999767,1.0411970250000024,0.616751889284828,0.7637144899536775,2.04555866773702,311414.09583037737,0.1186396667207892,5.39207398337012,550101.0921518209,-0.4879105999999922,6.1000000000000005,-23701.0,-612.4422000000486,0.2617032658609482,0.7172395456140895,3.7018778188643946,-623.5,0.0177843310635545,4.575,0.9123417783014672,-0.0013763056347685,11862.654773251905,0.0074677528852682,14418.859290198665,0.8937499999999972,0.2475692992895697,151.9420381,801812.5928832479,958831.3999999984,0.0137118716883859,0.9682539682539684,-0.0033139580578644,0.0093527642632329,830.4062000000267,7864.0,0.0018389293750911,-2950.0,671830.758965519,0.6875,1251080.59,0.0806323346467308,0.0,0.0441019211622846,0.0809193136986041,452400.875
2023-08-08,456721.84376666666,146.7410499,452400.875,149.8216735,92.27083333333331,146.7410499,-0.3002512785184024,12.4,149.8216735,92.15,165959.0208248892,99.808,0.909271794040052,5.929444724159461,1.3882627000000127,98.56666666666668,12327.25,0.9717838900000118,0.6527088478707814,0.8082394452296049,2.169155547550677,324820.39981996105,0.2024460017276691,5.6925302856167335,571120.0245419355,-0.4879105999999922,6.1000000000000005,1945.0,11009.429674999965,0.2633183799925771,0.7187213953140528,3.349318026591595,25456.406200000027,0.0540494299534941,4.270000000000001,-0.3055002958224833,0.0577586203862845,9836.086175781673,-0.0034036759700476,12339.896553166269,-0.3531250000000057,0.2704618429778089,151.9420381,651838.0602276996,803051.4499999993,0.0036729648596152,0.9682539682539684,-0.0033139580578644,0.0093527642632329,13793.3125,24325.0,0.0304891375375877,18965.0,682939.9199655185,-0.3125,1182837.0300000012,0.0731597254210805,0.0,0.0460853241064527,0.0819596293325172,466194.1875
2023-08-09,459958.625,146.7410499,466194.1875,149.8216735,92.3125,146.7410499,-0.2716559186595191,12.4,149.8216735,92.275,162854.1324108481,98.342,0.8226744803219503,6.210389660630259,1.3882627000000127,99.06666666666666,11218.400000000023,0.9023707550000212,0.6793609080816793,0.8412422862809257,2.458796185983453,327429.4384211054,0.1785265996137472,5.955395850560638,584891.5787295236,-0.4879105999999922,6.1000000000000005,72.0,4609.570299999963,0.2623666900841943,0.7287561501071684,3.030335357392396,9710.343700000029,-0.0295988835860161,3.9650000000000016,0.7979997323510872,0.0215034958459623,8184.207514096142,0.0115961800818553,10176.124731250473,0.8250000000000028,0.2272169662428934,151.9420381,603543.1973488703,740521.1499999985,0.003483584925578,0.9682539682539684,-0.0033139580578644,0.0093527642632329,-4913.375,-14041.0,-0.010539331316738,884.0,683148.6056140219,1.0625,1073615.41,0.0699107391348616,0.0,0.0469162995594714,0.0712029008767452,470432.8125
2023-08-10,465951.8333333333,146.7410499,470432.8125,149.8216735,92.02083333333331,146.7410499,-0.2457839264062329,12.4,149.8216735,92.275,164225.62746175053,98.062,0.7443245298150885,6.436167133352184,1.3882627000000127,97.60333333333334,7556.849999999977,0.832957620000002,0.6977751091567309,0.864044311578697,2.52140076983044,329266.1269442169,0.1855215385209918,6.18802364079039,592680.8562722089,-0.4879105999999922,6.1000000000000005,1494.0,12747.160924999976,0.266300099661318,0.7272523429992978,2.7417319900216928,17979.625,0.0020550251447315,3.66,-0.0131192897775918,0.0397426839636416,8619.025457392285,0.0123966942148761,8833.49758008279,0.0218749999999943,0.2185327115722545,151.9420381,568826.7023632638,694902.1999999993,0.0035416228347009,0.9682539682539684,-0.0033139580578644,0.0093527642632329,9099.6875,946.0,0.0197270019766973,-2663.0,685598.2996994175,1.125,927574.2400000002,0.0546998979634683,0.0,0.0483150183150182,0.0771423008303793,470380.5
2023-08-11,470637.9791666667,146.7410499,470380.5,149.8216735,92.3125,146.7410499,-0.2223759334151793,12.4,149.8216735,92.2375,176352.4050720012,98.862,0.6734364793564964,6.617681956222037,1.3882627000000127,97.73666666666666,14429.799999999988,0.7635444849999828,0.708593973073561,0.8774411463215613,2.5412675556639037,325550.7093197145,0.1979740552367021,6.397190892557726,597408.4030971904,-0.4879105999999922,6.1000000000000005,19918.0,20771.834365000017,0.2629654408341765,0.7329756404389688,2.480614657638675,14058.4375,0.0197255035433931,3.3550000000000004,0.4405111187726476,0.0301557545695483,9317.48031121571,0.0013550135501354,9078.159459038152,0.5125000000000028,0.220228535666331,151.9420381,667972.7783286683,781697.8999999985,0.0038436004053252,0.9682539682539684,-0.0033139580578644,0.0093527642632329,9872.125,9099.0,0.0209875303079103,8318.0,685140.8084139582,0.125,596893.629999999,0.0347156020491361,0.0,0.0499214267441436,0.0791618396716359,480298.6563
2023-08-14,482249.2291666667,146.7410499,480298.6563,149.8216735,92.66666666666669,146.7410499,-0.2011972730899458,12.4,149.8216735,92.4375,168673.10321802192,98.952,0.6092996717987376,17.644810061468174,1.3882627000000127,100.15333333333332,44136.40000000002,0.6941313499999922,0.7121637386037177,0.8818615327175435,2.45833464168787,361297.21381844673,0.1580648804081252,18.29013667901032,604584.150001447,-0.4879105999999922,6.1000000000000005,50727.0,34670.19374000002,0.2572882597745568,0.831162193623182,2.244365642625469,34833.75,-0.014688124495089,3.0500000000000007,1.642605297937152,0.0755152806187879,12370.286700951843,0.0148849797023005,9440.925098806834,1.8312499999999967,0.2168956726487406,151.9420381,1402298.4184878431,1539424.0500000007,0.2182115632287931,0.9682539682539684,-0.0033139580578644,0.0093527642632329,15861.9375,-6909.0,0.0330283202512426,32289.0,750604.4173350763,1.375,139180.05000000077,0.0623889456672821,0.0,0.2713600697471667,0.1265608864287855,496114.5625
2023-08-15,501117.0416666667,146.7410499,496114.5625,149.8216735,99.33333333333331,146.7410499,-0.1820356280337876,12.4,149.8216735,96.5125,165056.72848602835,100.564,0.5512711316274306,23.32534566224445,0.0,102.73666666666668,55929.20000000001,0.6247182150000015,0.7085939730736054,0.8774411463215185,2.75368079027565,377275.004879188,0.2130240314648585,24.35340544110795,587016.0673215409,0.0,0.0,68640.0,62032.51249,0.2608119786708316,4.536973472423771,2.0306165338039968,56603.4375,0.0704337488213933,2.744999999999999,17.88497622194315,0.1203354252567867,19105.975571187104,0.2456506610995128,12208.73806135821,18.950000000000003,0.2225000590811575,151.9420381,826975.3786318563,948580.8000000007,8.571918395339218e-05,0.0,0.0,0.0,30869.375,32644.0,0.0622222714939959,14968.0,746878.7781885468,22.0625,-172695.2800000012,0.0425287666755269,0.0,0.2675092344462955,0.1001453128730188,527243.1875
2023-08-16,527676.7083333334,146.7410499,527243.1875,149.8216735,106.16666666666669,146.7410499,-0.1646989015544022,12.4,149.8216735,100.55,153610.765954108,103.76,0.4987691190914631,27.24631807090792,0.0,107.23,88604.5,0.5553050800000108,0.6977751091568207,0.8640443115786085,3.7039141458727416,371793.2903074562,0.1785603436401693,28.567702867141843,554811.9479348897,0.0,0.0,106626.0,89827.653115,0.161890786557983,6.336665573636398,1.8372244829655209,79679.0,0.0627435171280852,2.4400000000000013,17.086407057948563,0.1659105975735166,28433.53704436554,0.2260692464358451,18749.21510784188,18.86875000000001,0.1853476958629502,151.9420381,634185.0568573922,730500.0500000007,-2.8570612268241646e-05,0.0,0.0,0.0,32947.6875,31128.0,0.0625212367122669,37986.0,727965.6912621082,20.8125,-452440.69999999925,0.0215951822331663,0.0,0.2619888944977284,0.1086550335394095,563124.6875
2023-08-17,555004.3958333334,146.7410499,563124.6875,149.8216735,112.25,146.7410499,-0.1490132918825679,12.4,149.8216735,104.575,145041.47698625724,107.532,0.4512672982255878,30.111636428814137,0.0,111.90333333333336,95020.90000000002,0.4858919450000201,0.6793609080818176,0.8412422862807887,5.1272075861598445,360777.085926305,0.147971748165355,31.61071044340645,516066.22404442925,0.0,0.0,125590.0,101749.11717999994,0.1302715539617682,7.453719598647825,1.6622507226830905,81983.0625,0.0680559059105574,2.135,14.667463528620118,0.1652502641463986,36962.3480222794,0.2190476190476191,28319.935005062485,16.943749999999994,0.164175084216139,151.9420381,562668.765728116,624263.3000000007,-5.714285714275569e-05,0.0,0.0,0.0,18166.0,35882.0,0.0324432469768072,12362.0,690563.3655738478,20.125,-591181.7000000011,0.0193654649108938,0.0,0.2576541612764125,0.10467883263936,582323.0
2023-08-18,574140.8125,146.7410499,582323.0,149.8216735,112.08333333333331,146.7410499,-0.1348215497985165,12.4,149.8216735,108.375,137293.69728925012,110.828,0.4082894602993292,32.22438592775802,0.0,114.84333333333332,96176.55,0.416478810000001,0.6527088478709734,0.8082394452294143,5.842972927506594,329661.44850653503,0.1081109447186964,33.86933754965806,472424.0756828351,0.0,0.0,126892.0,101780.42030499998,0.1067301082030326,8.258134944596241,1.5039411300466057,57409.25,0.0070073251942286,1.83,12.705086049703908,0.1089392786283927,43859.636786601055,0.2032410533423363,37338.69131818378,15.362499999999995,0.1089072878636999,151.9420381,395093.9308968671,412977.75,0.000114292245271,0.0,0.0,0.0,6295.5625,3946.0,0.0108901372843384,6733.0,636803.9067547637,18.8125,-727981.6500000004,0.0063745808640187,0.0,0.2531147071459259,0.1131565546351346,584293.1875
2023-08-22,585479.25,146.7410499,584293.1875,149.8216735,111.75,146.7410499,-0.1219814021986849,12.4,149.8216735,112.0,118718.69844032706,115.458,0.3694047497946258,33.785160725726875,0.0,119.65000000000002,100009.45,0.3470656750000103,0.6167518892850801,0.7637144899534265,7.857029353588658,312422.7948486775,0.1001632503908858,35.58537684218123,427314.2062254404,0.0,0.0,139463.0,105285.50155499997,0.1031887093574888,8.9210829851702,1.3607086414707386,34015.3125,0.0147582930532508,1.5250000000000004,11.947458806874977,0.0607490468144213,50325.43689741848,0.2061994609164421,44195.51406209051,14.871875000000005,0.1379024400861624,151.9420381,457361.6041447856,436789.44999999925,-2.8569796011623797e-05,0.0,0.0,0.0,9553.75,8369.0,0.0163481542980854,9621.0,578932.9928144881,19.125,-597566.8399999999,0.0201493111001742,0.0,0.2361292601094826,0.1219930379581707,593946.9375
2023-08-23,597946.4791666666,146.7410499,593946.9375,149.8216735,111.97916666666669,146.7410499,-0.1103641257988101,12.4,149.8216735,112.1625,107733.1966988087,118.162,0.3342233450522656,34.83202583754512,0.0,120.45333333333332,114190.7,0.2776525400000196,0.5697309908831859,0.7054892261736811,8.575072364279348,289963.36318443343,0.0917504223513125,36.75525873939743,373961.5954233748,0.0,0.0,141870.0,119396.057805,0.0931903049087752,9.485161433405707,1.2311173422830493,37401.6875,0.0279838036980397,1.2199999999999989,11.544724634791637,0.0646978743425905,57407.4275628964,0.2315573770491803,50348.37382399487,14.640625,0.1009739498530246,151.9420381,442603.7370833792,382528.25,-8.571183680461392e-05,0.0,0.0,0.0,21552.375,16103.0,0.0362867011162928,21372.0,506216.782445419,21.1875,-487062.1699999999,0.0264603746748119,0.0,0.2315000527815898,0.1510117518045205,615499.3125
2023-08-24,607651.7708333334,146.7410499,615499.3125,149.8216735,112.35416666666669,146.7410499,-0.099853256675118,12.4,149.8216735,112.0875,93068.41062202536,119.428,0.3023925502853615,35.434275389352415,0.0,121.56333333333332,114109.84999999998,0.2082394050000005,0.5085866368644747,0.6297751019782396,9.028979717378803,264437.7327172476,0.097963419595836,37.45911609938791,326544.981650255,0.0,0.0,148325.0,110302.82343,0.0934589407333734,9.88156583436146,1.113868071589426,29115.875,0.0297104352515371,0.9150000000000008,10.275584193382912,0.0498224065967571,62737.50839393152,0.2137559002022926,57359.66121880096,13.409374999999995,0.097253950582863,151.9420381,451382.76212305576,353199.75,0.0,0.0,0.0,0.0,-1990.25,17575.0,-0.003233553571191,7339.0,416294.25333836966,19.8125,-543709.9000000004,0.0286928170650737,0.0,0.2272249105827899,0.1609581331666435,613509.0625
2023-08-25,620058.1458333334,146.7410499,613509.0625,149.8216735,112.39583333333331,146.7410499,-0.0903434227060699,12.4,149.8216735,112.0875,84592.26999041277,120.282,0.2735932597819897,35.618798152691134,0.0,119.94333333333331,113891.0,0.1388262700000098,0.4272982431626139,0.5291169196297835,9.616153897971335,245074.60635414408,0.0905450159840552,37.69454113766348,291466.1924304555,0.0,0.0,158783.0,118994.370305,0.0829959930498445,10.078035877819117,1.0077853981047191,37219.125,0.0053667762239828,0.6099999999999994,8.844576174965482,0.0626640574268471,67634.18992699326,0.2190476190476191,62544.5517328068,11.846874999999995,0.0927684066259362,151.9420381,310566.54668276384,178325.75,0.0,0.0,0.0,0.0,17657.0,3269.0,0.0287803409586961,7795.0,330532.0114267509,20.125,-565722.6199999992,0.0213441907526037,0.0,0.2228938816869912,0.162089812724877,631166.0625
2023-08-28,636733.0208333334,146.7410499,631166.0625,149.8216735,112.64583333333331,146.7410499,-0.0817392872102686,12.4,149.8216735,112.5,88590.19213116175,122.324,0.2475367588503729,35.40427872967436,0.0,121.78000000000002,138790.94999999995,0.0694131349999906,0.3104249767833682,0.384394530329927,10.317149290074257,218484.36826188915,0.0901536735172229,37.51603618875333,283287.60591428954,0.0,0.0,185643.0,142965.43592999998,0.0868935955644801,10.31437183968915,0.9118058363804612,50024.625,0.0306652492623129,0.3049999999999997,9.302830824968764,0.0812748673866308,74450.57388563073,0.2280108254397834,67208.67057387337,12.224999999999994,0.0964877058871547,151.9420381,387249.44699869305,248035.80000000077,2.8573061317871407e-05,0.0,0.0,0.0,34357.875,18779.0,0.0544355551436195,35178.0,297663.87192567514,21.0625,-473672.9399999995,0.0183216608440051,0.0,0.2182463712624873,0.1444173889919286,665523.9375
2023-08-29,660092.5625,146.7410499,665523.9375,149.8216735,112.375,146.7410499,-0.0739545931902512,12.4,149.8216735,112.4625,110826.07314230772,122.058,0.2239618294360355,34.86130964641478,0.0,124.03333333333336,151599.69999999995,0.0,0.0,0.0,10.889354664074236,210917.34787203532,0.0983758333979212,36.96859242725769,285222.48366017285,0.0,0.0,177578.0,149706.69062,0.0844223043126715,10.34742441494648,0.8249671852966074,70078.625,0.0544357585801515,0.0,6.833513603543167,0.1142259002897776,80916.27289522273,0.1913333333333333,73876.67507720567,9.509375000000006,0.0846789170058811,151.9420381,482719.8329988197,357609.1499999985,-2.857224492125443e-05,0.0,0.0,0.0,18063.75,34358.0,0.0271421491882852,24224.0,298812.8007977444,17.9375,-597791.5300000012,-0.0206584879086656,0.0,0.0,0.1765622827053615,683587.6875
2023-08-30,674984.2083333334,146.7410499,683587.6875,149.8216735,112.35416666666669,146.7410499,-0.0669112986007292,12.4,149.8216735,112.3125,124056.29763321168,122.58,0.2026321313944947,33.94225487578409,0.0,124.28333333333336,139222.09999999998,0.0,0.0,0.0,11.144087067990029,197986.5082425331,0.0929806765096908,36.05275247175365,281923.713306973,0.0,0.0,161752.0,130819.17186999996,0.0865307877282451,10.136374276357351,0.7463988819350256,44674.9375,0.0025318395730282,0.0,6.408893260348577,0.0707815900668771,84459.24209531782,0.000558659217877,80200.20123553422,8.653125000000003,0.0821407985307667,151.9420381,782249.7536656,677552.25,0.0,0.0,0.0,0.0,-7746.6875,1685.0,-0.0113323976450351,-858.0,317682.6984431623,0.0625,52507.520000001416,0.0250922893171214,0.0,-8.571183680461392e-05,0.1730071702635261,675841.0
2023-08-31,671010.5208333334,146.7410499,675841.0,149.8216735,112.02083333333331,146.7410499,-0.060538793972114,12.4,149.8216735,112.3,133489.43191636793,123.068,0.1833338331664435,32.658157597017606,0.0,122.80333333333331,116912.40000000002,0.0,0.0,0.0,11.260795276673532,186485.02839374385,0.0872767286452187,34.725119904306865,341993.69533117086,0.0,0.0,112408.0,98552.12187000005,0.0845637952508088,9.971717302972396,0.6753132741316907,-11921.0625,-0.0304402368673084,0.0,6.250903426029666,-0.0179122971065184,84867.89534790024,-0.003875968992248,83831.26000036755,8.134375000000006,0.0793984546507147,151.9420381,1191799.205697447,1136181.3999999985,0.000114292245271,0.0,0.0,0.0,-22238.125,-20310.0,-0.03290437395778,-11358.0,408591.3840839745,-0.4375,1094683.1999999993,0.0606627986728667,0.0,5.714285714275569e-05,0.1850453543060004,653602.875
2023-09-01,654895.8541666666,146.63377162,653602.875,149.8216735,112.5,146.7410499,-0.5400796993081087,12.4,149.8216735,112.525,141400.66403751174,123.804,-0.0977508080875111,30.95775547334513,-0.291374200000007,122.85333333333332,91896.44999999995,-0.2768054899999868,0.0651532518121119,0.7848139312654964,11.358970487078068,175406.45019036933,0.0825627668043192,32.987600924239885,399766.9326352452,-0.5363914000000136,0.2999999999999989,85589.0,70467.63905999996,0.094019070269753,9.706364802588324,0.8824262956429578,-48344.0,-0.0204127692267263,0.2849999999999983,6.277603099741128,-0.0707209929084627,82180.94841705021,0.0100446428571427,83584.95986155416,7.759375000000006,0.1067617643883884,151.9420381,883921.8051548302,857113.5,-5.713959202324759e-05,0.0241935483870967,-0.003655360244223,-0.0019448067371908,-18359.1875,-13205.0,-0.0280892086039248,-14457.0,447585.8611312647,1.125,1268281.290000001,0.0498485003650235,-0.5363914000000136,5.714612263552077e-05,0.1360478381870035,634999.25
2023-09-04,640696.625,146.52649334,634999.25,149.8216735,112.60416666666669,146.7410499,-0.4886435374692439,12.4,149.8216735,112.2875,143475.38456549833,124.614,-0.0884412073172882,28.796044885586227,-0.291374200000007,125.17,60131.44999999995,-0.2622367799999949,0.0896830864690934,1.0802919839591587,11.144714631183732,150606.34242535863,0.0801799827118018,30.751503767254057,417007.0769818217,-0.5363914000000136,0.2999999999999989,56248.0,59383.62187499995,0.0906830591702944,9.33062744688888,0.798385696057915,-42597.6875,-0.0023970559923244,0.2699999999999996,4.888069471194356,-0.0630291555262257,78987.83025888521,0.0078563411896745,81608.90276143837,5.900000000000006,0.0911811202244315,151.9420381,753956.9189496115,750363.4499999993,8.571428571424455e-05,0.0241935483870967,-0.003655360244223,-0.0019448067371908,-2000.375,-1519.0,-0.0031489883951031,-22608.0,475371.58559625456,0.875,986032.3800000008,0.0542546300929809,-0.5363914000000136,2.8569796011623797e-05,0.1374952922370712,633243.3125
2023-09-05,622166.6875,146.41921506,633243.3125,149.5302993,112.375,146.7410499,-0.442106057710248,12.7,149.8216735,112.3,147414.54583590807,124.944,-0.0800182351918294,26.38654679148097,-0.291374200000007,127.16,42981.84999999998,-0.2476680700000031,0.1067442238774902,1.285804647562338,11.15656950670272,132196.53290263898,0.0663762942654885,28.15634468557142,437481.6718176264,-0.5363914000000136,0.2999999999999989,38369.0,16872.762499999953,0.1061778185274873,8.826698621377993,0.7223489631000195,-55589.8125,-0.0548139360145529,0.254999999999999,3.970158092985372,-0.0850513585944676,73739.7505004845,-0.0011173184357542,78291.60662654598,4.450000000000003,0.1004990166564847,148.4322435,545024.8790496513,543209.0,-0.0001142759192068,0.0241935483870967,-0.003655360244223,-0.0019448067371908,-35230.25,-34652.0,-0.0556346183284801,-8258.0,477223.2843391079,-0.125,1027393.6900000012,0.0398827216028261,-0.5363914000000136,-5.714122453637227e-05,0.1249518321975266,598133.375
2023-09-06,605079.6666666666,146.31193678,598133.375,149.5302993,112.4375,146.2046585,-0.4000007188807046,12.7,149.5302993,112.575,148726.17321558343,125.622,-0.0723974508878484,23.36665200778027,-0.291374200000007,127.31333333333332,10596.900000000023,-0.2330993600000113,0.1195774486240924,1.440389311945864,10.616213816114843,118105.91062199006,0.0681936461508195,24.91855535645492,483664.8802136129,-0.5363914000000136,0.2999999999999989,-8731.0,-3047.0968750000466,0.1130627186305839,8.088401250320663,0.6535538237571608,-51261.0625,-0.0226602155900275,0.2399999999999984,5.005738274605804,-0.0806951151324899,68600.76319420054,0.0055463117027176,72908.05059230867,4.921875,0.1075761428055766,148.4322435,690088.9381877817,690367.3000000007,2.8572244921365453e-05,0.0241935483870967,-0.003655360244223,-0.0019448067371908,-14030.4375,-13540.0,-0.0234617575765746,-25728.0,480352.2050247634,0.625,1299368.4900000002,0.0497668806338251,0.0,5.714612263552077e-05,0.1440386191620221,584655.0625
2023-09-07,576670.2708333334,146.2046585,584655.0625,149.5302993,112.70833333333331,146.2046585,-0.361905412320624,12.7,149.5302993,112.7,153826.16849747888,126.492,-0.0655024555651948,19.470473191883723,-0.291374200000007,125.93333333333334,-17732.849999999977,-0.2185306500000194,0.129446385284959,1.559267169355953,9.583601729269478,114217.7370700226,0.0634277929201241,20.77383764561557,518609.0704891517,-0.5363914000000136,0.2999999999999989,-38930.0,-43351.3125,0.1418582041776702,7.245701850925468,0.5913106024469563,-85228.1875,-0.0634282162323218,0.2249999999999996,4.302810819881444,-0.134589952736374,62722.63002079423,0.0049999999999998,67627.82539145033,3.653125000000003,0.1154139170456158,148.4322435,650662.1821698993,648193.1999999993,-2.8571428571377844e-05,0.0241935483870967,-0.003655360244223,-0.0019448067371908,-35967.5,-37041.0,-0.061590017339985,-22860.0,475871.457532936,0.5625,1316335.84,0.0481637982957445,0.0,2.8573061317871407e-05,0.1304300007821752,548015.125
2023-09-08,554849.375,146.2046585,548015.125,149.5302993,113.5,146.2046585,-0.3274382301948435,12.7,149.5302993,112.9,155486.18285278764,126.77,-0.059264126463745,14.021214556223548,-0.291374200000007,125.89666666666666,-41307.84999999998,-0.2039619399999992,0.13699317743191,1.6501732630494452,8.555571345773767,108037.17826048992,0.0606492757702274,14.959492462544416,538619.7349896703,-0.5363914000000136,0.2999999999999989,-65643.0,-61924.55625000002,0.172630850940221,6.0154773990782,0.5349953069758175,-65462.6875,-0.0358136694567248,0.209999999999999,4.854328837035595,-0.109466985932268,57754.88837144234,0.0189732142857141,62571.59161532288,3.6031250000000057,0.133256842802037,148.4322435,440646.3552965783,422762.69999999925,-2.857224492125443e-05,0.0241935483870967,-0.003655360244223,-0.0019448067371908,-15464.75,-19588.0,-0.0282195678449568,-18918.0,452851.9287209204,2.125,1204086.7400000002,0.0454631458824992,0.0,0.0,0.1243741278687352,532550.375
2023-09-11,531546.4271,146.2046585,532550.375,149.5302993,113.39583333333331,146.2046585,-0.2962536368429482,12.7,149.5302993,113.05,153423.81454052284,122.218,-0.0536199239433869,0.0163514066711766,-0.291374200000007,119.49666666666668,-68195.05000000005,-0.1893932300000074,0.1425870198092865,1.7175547874590955,7.664485700464521,108969.56355570296,0.0604632696323093,0.2663056219724881,542363.3489094346,-0.5363914000000136,0.2999999999999989,-124659.0,-82092.20776500012,0.2713468320284389,4.24943276981017,0.484043372978121,-69908.84370000003,-0.0365712595334443,0.1950000000000002,3.374154662079832,-0.11971048573577,54645.90879986386,-0.0038567493112947,57567.603059886605,1.4468750000000057,0.1171516668556814,148.4322435,350437.2262207158,318782.19999999925,0.0,0.0241935483870967,-0.003655360244223,-0.0019448067371908,-18476.593700000027,-19286.0,-0.0346945464079337,-23838.0,433296.429147037,-0.4375,771949.7200000007,0.0360669484106337,0.0,-2.857224492125443e-05,0.0692311701762558,514119.9063
2023-09-12,528236.2187666666,146.2046585,514119.9063,149.5302993,113.39583333333331,146.2046585,-0.2680390047626702,12.7,149.5302993,113.3125,157332.82611706655,113.392,-0.0485132645202099,0.0163514066711766,-0.291374200000007,105.32666666666668,-71755.90000000002,-0.1748245199999871,0.1464518669356994,1.7641094226131613,10.783635311262591,141757.79827785902,0.0585549816119408,0.211781913843034,542322.789343795,-0.5363914000000136,0.2999999999999989,-151121.0,-60179.98594000004,0.2245085673400354,0.7172395456153601,0.4379440041230626,-9930.625,0.0096660289567538,0.1799999999999997,3.1093542180722267,-0.0181210783187781,51305.2932809934,0.0123111359820928,54436.06830299149,0.5437500000000028,0.1394533120359493,148.4322435,584033.061818745,592538.8500000015,0.0,0.0241935483870967,-0.003655360244223,-0.0019448067371908,24010.718700000027,4911.0,0.0467067560599594,-2238.0,453044.3082748926,1.375,594701.7400000002,0.0436648676092636,0.0,0.0,0.0867389096839286,538084.5
2023-09-13,535189.4687666666,146.2046585,538084.5,149.5302993,112.72916666666669,146.2046585,-0.2425114804995587,12.7,149.5302993,113.075,159620.69939452157,106.032,-0.0438929536135219,0.0161815383797506,-0.291374200000007,92.75,-57374.5,-0.1602558100000237,0.1487225739269729,1.7914615874112132,12.422672777923529,148907.13496144372,0.0585396291820637,0.2062005923710666,540651.2529573586,-0.5363914000000136,0.2999999999999989,-134520.0,-46175.670315,0.2179792093102598,0.7075427734920661,0.3962350513494375,20859.75,0.0450973626600699,0.1649999999999991,1.9650109592082003,0.039169533961928,49687.71382315624,0.0016750418760469,51064.05904019523,-0.40625,0.115114917232666,148.4322435,550165.8654550575,569651.6000000015,0.0,0.0241935483870967,-0.003655360244223,-0.0019448067371908,15325.625,23134.0,0.0284818183761099,15743.0,466348.26030415326,0.1875,199779.4699999988,0.0242309125149899,0.0,0.0,0.0909554034134538,553410.125
2023-09-14,554415.9791666666,146.2046585,553410.125,149.5302993,112.60416666666669,146.2046585,-0.2194151490234048,12.7,149.5302993,112.9875,162464.0367723733,97.71,-0.0397126723169947,0.0163111222989161,-0.291374200000007,85.08666666666667,-40008.5,-0.1456871000000035,0.1494718107792581,1.8004866399325892,14.59306232967874,155390.07478304664,0.0581679615520491,0.2093165572435451,531817.2565105745,-0.5363914000000136,0.2999999999999989,-105448.0,-28423.56719000009,0.2119788453387353,0.7033460909746104,0.3584983797923495,57679.53120000003,0.0322637205216065,0.1499999999999985,2.230248010712174,0.1122008810761343,49259.63194937745,0.0016675931072818,49447.20409927106,0.1062500000000028,0.1177709513086306,148.4322435,471879.3544593379,489233.3999999985,0.0,0.0241935483870967,-0.003655360244223,-0.0019448067371908,18343.1875,17297.0,0.0331457388857856,17714.0,466009.393573128,0.1875,-465051.3499999996,-0.0048812779944771,0.0,-0.0001142791840464,0.0943506248538125,571753.3125
2023-09-15,564225.625,146.2046585,571753.3125,149.5302993,112.5625,146.2046585,-0.1985184681640248,12.7,149.5302993,112.75,162897.57276387495,89.47,-0.0359305130487257,0.0160918441296444,0.0,86.02666666666666,-36164.5,-0.1311183900000117,0.1487225739269315,1.7914615874112574,16.167187782340743,165322.1778020651,0.0581255275466395,0.1892721518134546,517865.4095565913,0.0,0.0,-87229.0,-32134.232815,0.2305889543233076,0.6981751943307232,0.3243556769549833,29428.9375,0.0047162140185395,0.134999999999998,2.300581533501486,0.0546920372172028,49565.22612347674,-0.0016574585635359,49145.42234207652,0.3718750000000028,0.0927895986924617,148.4322435,410976.65403464064,420055.8999999985,2.8573061317871407e-05,0.0,0.0,0.0,-4239.875,2610.0,-0.0074155670064438,3762.0,457843.7464757745,-0.1875,-484460.86000000127,0.0051307675769178,0.0,-2.8571428571377844e-05,0.099884243592912,567513.4375
2023-09-18,574823.7291666666,146.2046585,567513.4375,149.5302993,112.5,146.2046585,-0.1796119473864905,12.7,149.5302993,112.5375,165339.26347739922,85.946,-0.0325085594250538,0.0146808172408706,0.0,86.02,-26647.699999999957,-0.1165496800000198,0.1464518669356173,1.7641094226132512,17.189962332710166,174900.2326333628,0.0581559390707166,0.1678932934289792,499889.3220213592,0.0,0.0,-55044.0,-14483.795314999996,0.2333360867873578,0.6578536171398687,0.2934646601021278,31794.3125,0.020671918276321,0.1199999999999992,1.176716625548977,0.057451627759792,49552.41562682749,-0.002783964365256,49542.295232353325,-0.65625,0.0962706507279289,148.4322435,481082.4012694396,476929.8000000008,0.0,0.0,0.0,0.0,17691.0,11494.0,0.0311728301587572,9577.0,438360.1128668366,-0.3125,-417568.9700000007,0.0139130764095356,0.0,-0.0001142759192068,0.1117648684666831,576676.125
2023-09-19,576464.6666666666,146.2046585,576676.125,149.5302993,112.39583333333331,146.2046585,-0.1625060476353894,12.7,149.5302993,112.3875,164454.95030265528,86.486,-0.0294125061464853,0.0141048731823442,0.0,86.62,-25504.849999999977,-0.1019809699999996,0.1425870198091615,1.717554787459234,18.025892780284437,182643.39530959656,0.0587476501461995,0.1839650998923901,477009.3177424708,0.0,0.0,-46026.0,-22148.56719000009,0.2393361871436089,0.6397197551558358,0.2655156448543074,4922.8125,0.0025514789062472,0.1050000000000004,1.4039340897824104,0.0086100288225265,49807.56472908503,0.0050335570469799,49695.78437412131,-0.3031249999999943,0.0833171765363717,148.4322435,295227.7916247323,271539.1499999985,-2.857224492125443e-05,0.0,0.0,0.0,-8528.3125,1448.0,-0.0145732191239578,760.0,412140.84790347057,0.5625,-555623.6100000013,0.0138559125385524,0.0,-2.857224492125443e-05,0.1040525139094634,576676.125
2023-09-20,574637.7291666666,146.2046585,576676.125,149.5302993,111.60416666666669,146.2046585,-0.1470292811939089,12.7,149.5302993,112.075,163800.29749348463,85.928,-0.0266113150849207,0.014142138419274,0.0,86.84666666666668,-27756.5,-0.0874122600000077,0.136993177431735,1.6501732630496375,18.78426874723677,188711.0979445459,0.0618036885685206,0.1810960782495328,456834.8354148984,0.0,0.0,-24196.0,-34118.732815,0.2410833270031157,0.7867307751099201,0.2402284405824684,-5480.8125,-0.0162770097124236,0.0899999999999998,-0.3131072521016165,-0.0096575907068279,50297.93105121226,-0.02426916712631,49942.98161843444,-1.9468750000000057,0.0778312766643256,148.4322435,440311.2400414236,404378.5,5.714612263552077e-05,0.0,0.0,0.0,-14643.5,-9261.0,-0.0253929361129697,-3898.0,388689.3176530104,-2.75,-898052.370000001,0.0123620211770993,0.0,0.0,0.1334313405605791,562032.625
2023-09-21,564154.5208333334,146.2046585,562032.625,149.5302993,110.9375,146.2046585,-0.133026492508776,12.7,149.5302993,111.5375,162787.29058512562,88.03399999999999,-0.0240769041244561,0.014142138419274,0.0,88.56666666666666,-42660.80000000005,-0.0728435499999875,0.1294463852847283,1.559267169356205,18.998670147366003,191270.8475723813,0.0699083746601841,0.1567566000607755,424172.0126732092,0.0,0.0,-19144.0,-39408.83281500009,0.17145496873179,0.9745739622521116,0.2173495414793773,-31449.625,-0.0228979401501873,0.0749999999999992,-0.848763704282419,-0.0537412620012813,50982.66171515648,-0.0276395798783858,50409.89144599192,-2.4437499999999943,0.0722291839833327,148.4322435,596441.8838470019,556568.8000000007,-5.714285714275569e-05,0.0,0.0,0.0,-8277.8125,-12816.0,-0.0147283487324245,-17808.0,374459.7300584778,-3.125,-565472.8900000006,0.0220125618002282,0.0,-2.857224492125443e-05,0.1637537889274313,553754.8125
2023-09-22,556393.2083333334,146.2046585,553754.8125,149.5302993,111.02083333333331,146.2046585,-0.1203573027460152,12.7,149.5302993,111.4625,162720.97483743803,89.84599999999999,-0.0217838656364222,0.0165035905222111,0.0,91.62666666666668,-39836.65000000002,-0.0582748399999957,0.1195774486237943,1.4403893119461884,19.001988226997263,181123.79472805728,0.0728837049262373,0.1569604377893846,381293.5500498911,0.0,0.0,-720.0,-35882.764065,0.1806158109197449,0.97110283041596,0.196649585148009,-23283.9375,0.0105415215264634,0.0600000000000005,1.6070709342206726,-0.0403761079930263,50897.49785954288,-0.0136911281489594,51068.69795438982,0.1531250000000028,0.0754447959546079,148.4322435,600904.7520520464,548769.0500000007,0.0001428653065889,0.0,0.0,0.0,-362.625,5765.0,-0.0006548475820243,-494.0,336765.66313838173,-1.5625,-453842.2400000002,0.0340788443236668,0.0,0.0001428653065889,0.1983192919764019,553392.1875
2023-09-25,551897.25,146.2046585,553392.1875,149.5302993,111.60416666666669,146.2046585,-0.1088947024844912,12.7,149.5302993,111.5375,146826.37589244364,92.918,-0.0197092117662975,0.0169441831385004,0.0,97.67,-41904.55000000005,-0.0437061300000038,0.1067442238770985,1.2858046475627596,18.5400327598642,186727.5411507773,0.0968920906814145,0.1566516419504486,340295.0058546745,0.0,0.0,15597.0,-34881.24219000002,0.1704363757913721,0.9405159820572104,0.1779210532291522,-13487.875,-0.015943182846286,0.0449999999999999,1.2278260833425207,-0.0239983844354231,48330.760297025874,-0.0060840707964602,50951.81823486074,-0.0406250000000056,0.0683774948426293,148.4322435,777471.6328089945,724611.3000000007,-5.713795960338164e-05,0.0,0.0,0.0,-4847.4375,-8811.0,-0.0087594975308537,-7521.0,320977.3319576928,-0.6875,36329.41000000015,0.0502256892857198,0.0,8.571918395339218e-05,0.2111479961064499,548544.75
2023-09-26,548396.6875,146.2046585,548544.75,149.5302993,112.33333333333331,146.2046585,-0.0985237784383343,12.7,149.5302993,111.5,119003.81119521048,95.672,-0.0178321439790352,0.0184676124784597,0.0,99.35,-34093.59999999998,-0.0291374199999836,0.0896830864685585,1.080291983959731,18.061955735744554,186649.4003853625,0.1056947560055483,0.1563355031889741,294154.74549236626,0.0,0.0,19042.0,-33156.139065,0.1740224409115403,0.9292399270964984,0.1609761910168519,-10501.6875,-0.0019435899227528,0.0300000000000011,0.9412474087384624,-0.0189645078705298,42906.3791148341,-0.0082918739635157,48337.461211017886,-0.25,0.0745614676110799,148.4322435,749588.5725414716,697831.6499999985,5.714122453648329e-05,0.0,0.0,0.0,-5291.625,-1057.0,-0.0096466605504837,1207.0,310267.7205631201,-0.9375,263916.9000000004,0.0370938738357327,0.0,0.0001428653065889,0.1776691033564564,543252.125
2023-09-27,549607.1041666666,146.2046585,543252.125,149.5302993,112.52083333333331,146.2046585,-0.0891405614441964,12.7,149.5302993,112.0125,85831.29056397348,98.384,-0.0161338445524563,0.0195407825928546,0.0,101.07666666666668,-21125.75,-0.0145687099999918,0.0651532518112845,0.7848139312663787,17.627079429404127,200123.34712563036,0.117409943206439,0.1660691044477271,291378.21810887,0.0,0.0,10043.0,-13444.948440000066,0.174334153657849,0.9377137914152236,0.1456451252057231,3631.25,0.0008659093337657,0.0150000000000005,1.756366703144323,0.006561802067363,36100.33496623287,0.0089186176142697,42845.636872769,0.6906249999999972,0.0726135774341705,148.4322435,1097021.6132518053,1078888.1499999985,0.0,0.0,0.0,0.0,13770.3125,470.0,0.0253478753573668,6744.0,384947.4834028293,1.0,710300.7200000007,0.0592838228808969,0.0,0.0001428653065889,0.1160356190369082,557023.4375
2023-09-28,560581.8333333334,146.2046585,557023.4375,149.5302993,112.625,146.2046585,-0.0806509841637819,12.7,149.5302993,112.55,82400.45912593055,99.388,-0.0145972879284101,0.0202354580696593,0.0,99.35,856.9000000000233,0.0,0.0,0.0,17.1975005527883,215790.93012769023,0.1092363585100177,0.1523120069202862,327555.9243996852,0.0,0.0,9515.0,14607.248434999958,0.1722686472950693,0.938683463549824,0.1317741609004166,32924.1875,0.0253491933761864,0.0,1.1367127314162817,0.0600209691187456,30531.220539675967,0.0,35959.189319388504,0.1812500000000056,0.0821537388903864,148.4322435,1435940.0310373455,1489352.25,0.0,0.0,0.0,0.0,24445.5,13771.0,0.0438859451044193,17186.0,520619.9768741547,0.0,885629.9199999999,0.0856873376264086,0.0,0.0001428653065889,0.1346457706624226,581685.5
2023-09-29,567020.2916666666,146.2046585,581685.5,149.5302993,112.3125,146.2046585,-0.0729699380529496,12.7,149.5302993,112.275,106430.31138358166,100.054,-0.0132070700304893,0.0203844645470107,0.0,98.93,12427.150000000023,0.0,0.0,0.0,16.390636447615172,221659.77795190932,0.1343462666223548,0.33453188044038,462758.80427222064,0.0,0.0,13644.0,-659.429690000019,0.1894023299988831,0.964304315299397,0.1192242408146633,19315.375,0.0099547056405211,0.0,-0.272140862051927,0.0355550186664825,25944.47790721333,-0.0154952960708356,30320.23124371339,-1.1593749999999972,0.0903733738218129,148.4322435,1721721.2185575962,1842668.9499999995,-5.713795960338164e-05,0.0,0.0,0.0,-18900.4375,5545.0,-0.0325046383066679,7891.0,673475.5037354116,-1.75,1598311.5700000003,0.1103770419514837,0.0,5.714448984250886e-05,0.1275270955829628,562568.5
2023-10-02,566955.1458333334,146.09225688,562568.5,149.5302993,112.375,146.2046585,-0.5745039391907483,12.7,149.5302993,112.475,130126.87107848653,101.976,-1.1740853395513966,0.0203844645470107,-1.2844661999999971,103.65666666666668,-7913.300000000047,-1.2202428899999802,0.2872153738005558,0.2068993450367127,15.343524083983633,296397.91512765264,0.1256348835216446,0.33453188044038,578246.6463276249,-0.5620080999999857,-4.399999999999999,-20027.0,-2579.164065000019,0.2174558926951108,0.9876707047683846,-3.873082829739113,-195.4375,-0.0115683792892592,-4.18,1.6763963629053933,-0.000350860460876,20047.368923655937,0.012283640424344,25674.58429875203,0.9124999999999944,0.0857196181374174,148.4322435,1816346.8167902045,1997969.6000000013,5.714122453648329e-05,-0.3464566929133857,-0.0038439821669566,-0.0085900062128746,-5740.5,-6508.0,-0.0102040907018434,-24094.0,813548.0865576774,1.375,1908793.8900000008,0.1180364000479106,-0.5620080999999857,0.000114288979685,0.1223455561465237,556828.0
2023-10-03,560130.6458333334,145.97985526,556828.0,149.5302993,111.9375,146.2046585,-0.519789278315443,12.7,149.5302993,112.3125,160992.17286035352,103.96,-1.062267688165548,0.021343064327085,-1.2844661999999971,106.97,-4486.199999999953,-1.1560195799999915,0.3953503545558318,0.2847957904729899,14.230386270971318,357240.35195267294,0.1451518112512351,0.3361703829896169,647528.0252610168,-0.5620080999999857,-4.399999999999999,-20696.0,3439.1546849999577,0.2304576065937794,1.007471063645994,-3.504217798335389,-20473.5,-0.0104305290795957,-3.959999999999999,-0.292784243085606,-0.0352099633869091,17888.0068687035,-0.0089037284362827,19620.38376250595,-1.0656249999999972,0.0955620459246129,148.4322435,1432246.9770958982,1638202.0500000007,0.0,-0.3464566929133857,-0.0038439821669566,-0.0085900062128746,4167.4375,-5800.0,0.0074842455839145,91.0,882160.0532527094,-1.0,1907790.16,0.1149693401154055,-0.5620080999999857,0.0001428653065889,0.093482432784844,561427.0
2023-10-04,570521.1041666666,145.86745364,561427.0,148.2458331,112.0,146.2046585,-0.4702855375234946,8.3,149.5302993,111.9625,185873.588681848,105.316,-0.9610993369117012,0.0222663322701797,-1.2844661999999971,109.84666666666668,24379.150000000023,-1.0917962700000032,0.4705610435431132,0.3389747924019489,12.982502597119208,395947.0043944069,0.110217001935742,0.3386412479607886,725131.886713148,-0.5620080999999857,-4.399999999999999,11429.0,35695.72968499991,0.212756944396017,1.0060466859025758,-3.170482769922496,31171.375,0.0124214007923526,-3.7399999999999984,-0.2083524104107965,0.0554090301892125,18758.542742629998,0.0073487846240813,17356.612967649806,-0.90625,0.1086683641975566,147.5069615,1356295.979277242,1586132.8999999985,0.0,-0.3464566929133857,-0.0038439821669566,-0.0085900062128746,32744.4375,6835.0,0.0583684559823181,28227.0,944730.5896899496,0.8125,2144429.8900000006,0.1075822109130284,-0.5620080999999857,8.571428571424455e-05,0.0887270952511816,593739.875
2023-10-05,589268.9791666666,145.75505202,593739.875,148.2458331,112.02083333333331,145.6426504,-0.4254964387117468,8.3,148.2458331,112.1125,210811.4273047566,106.5,-0.8695660667296465,0.0228265790398486,-1.2844661999999971,106.89,44075.30000000005,-1.0275729600000147,0.5271338060742072,0.379727720630254,11.536990668463206,424360.00399530097,0.1706287462972502,0.3397410005460158,829842.5172111857,-0.5620080999999857,-4.399999999999999,50501.0,51774.65468499996,0.2090327647868612,1.021132586823794,-2.8685320299298773,56243.625,0.0657787271470755,-3.52,1.6210144858188045,0.1010071781591444,22244.574090759408,0.0312677657760092,18210.86599152809,1.078125,0.1263790868453917,147.5069615,1694533.0764889345,1959478.5,0.0,-0.3464566929133857,-0.0038439821669566,-0.0085900062128746,19331.75,36645.0,0.0325592920637172,21264.0,1035867.0729613728,3.4375,2257481.9300000016,0.1212433159843557,0.0,0.0001428653065889,0.0991898451733597,613071.625
2023-10-06,611909.75,145.6426504,613071.625,148.2458331,112.20833333333331,145.6426504,-0.3849729683582552,8.3,148.2458331,112.25,242040.27154727027,107.40800000000002,-0.7867502508506448,0.022682014092583,-1.2844661999999971,104.67666666666668,61528.65000000002,-0.9633496499999978,0.5706390840672523,0.4110673157336239,9.432511232852653,437417.4743287647,0.206084432903563,0.3400170275603203,895986.805122242,-0.5620080999999857,-4.399999999999999,72013.0,62802.410934999934,0.2426302463570928,0.92890246322702,-2.5953385032698897,67922.3125,0.032559706268737,-3.299999999999997,0.1094892966932121,0.1210746254955059,25837.009367317183,-0.0061077179344808,21846.201885732597,-0.3093750000000028,0.1181031998896355,147.5069615,1379501.402537607,1646703.5500000007,0.0,-0.3464566929133857,-0.0038439821669566,-0.0085900062128746,15846.125,19332.0,0.0258471022859685,21018.0,1076981.3136798914,-0.6875,2098442.8099999987,0.1090384536399251,0.0,0.0,0.091087537767169,628917.75
2023-10-09,630206.7083333334,145.6426504,628917.75,148.2458331,113.02083333333331,145.6426504,-0.3483088761336717,8.3,148.2458331,112.35,261862.5438478068,107.148,-0.7118216555315371,0.0222426824190101,-1.2844661999999971,106.71,75030.15000000002,-0.8991263400000093,0.6039076419262125,0.4350327558151686,9.853826454198916,465650.67406183656,0.1931272855234158,0.3471690018896837,923000.5707099448,-0.5620080999999857,-4.399999999999999,98753.0,75787.5625,0.2389469255239288,0.9826622003542316,-2.348163407720378,54890.875,0.0258468825847535,-3.0799999999999983,1.8520379351033824,0.092449365978662,28908.8043625462,0.0133555926544239,25572.65006460032,1.5875000000000057,0.1375086801122166,147.5069615,921936.459438786,1158590.5,0.0,-0.3464566929133857,-0.0038439821669566,-0.0085900062128746,19713.0,15846.0,0.0313443212566348,19219.0,1070281.9257586114,1.5,1669453.3200000003,0.0773078321140856,0.0,5.714122453648329e-05,0.0751777131242242,649732.8125
2023-10-10,658460.7291666666,145.6426504,649732.8125,148.2458331,112.89583333333331,145.6426504,-0.315136602216171,8.3,148.2458331,112.6875,294059.54072670755,106.76399999999998,-0.6440291169094792,0.0214905138224524,-1.2844661999999971,107.40999999999998,126620.65000000002,-0.8349030299999924,0.6285670025077494,0.452796448217217,9.496584690796483,505929.8126165754,0.1509677508464018,0.3472963243769243,937914.5917699928,-0.5620080999999857,-4.399999999999999,157988.0,117003.04062500002,0.2400373654749576,0.9799543071408824,-2.124528797461295,84762.0625,0.0330742640535013,-2.8599999999999994,0.9405343222364024,0.138258009412848,39079.62789508606,0.0078037904124861,28928.51040757718,0.7781250000000028,0.1047043805869222,147.5069615,929730.1299684272,1146127.1000000015,0.0,-0.3464566929133857,-0.0038439821669566,-0.0085900062128746,49202.9375,20801.0,0.0758566218144916,60442.0,1073061.275250405,0.875,1627088.4499999993,0.0797874432221934,0.0,0.0,0.0759360861892667,697882.5
2023-10-11,687669.375,145.6426504,697882.5,148.2458331,113.39583333333331,145.6426504,-0.285123592481284,8.3,148.2458331,113.0875,323620.8578479353,106.958,-0.5826930105371559,0.0203909183897202,-1.2844661999999971,109.09666666666664,120731.80000000005,-0.770679720000004,0.645604425526351,0.4650695783669453,9.450953878340677,545142.2681880693,0.1105371128696999,0.3465814252007094,948205.2433990238,-0.5620080999999857,-4.399999999999999,153534.0,127556.36250000005,0.2299502991224243,1.012762920706351,-1.9221927215126016,87625.9375,0.017884654750746,-2.639999999999999,1.1902453391662675,0.1393281355153357,48856.74301736821,0.0022099447513812,39174.73535251335,1.0906250000000028,0.1235640563206597,147.5069615,1268404.831876196,1477787.3999999985,0.0,-0.3464566929133857,-0.0038439821669566,-0.0085900062128746,18710.0,11620.0,0.0268115459817206,2290.0,1092562.317027452,0.25,1415202.3100000003,0.0784648411382376,0.0,0.0,0.0883091287641947,716543.6875
2023-10-12,725017.0416666666,145.6426504,716543.6875,148.2458331,113.04166666666669,145.6426504,-0.2579689646259169,8.3,148.2458331,112.9625,378850.17156075663,107.264,-0.5271984381050459,0.0188833002005134,-1.2844661999999971,107.08333333333331,160071.30000000005,-0.706456409999987,0.6556143933973528,0.4722803894351156,8.837840457225093,581273.6079544361,0.1218165041523728,0.3671669634253747,958406.281194356,-0.5620080999999857,-4.399999999999999,185435.0,162240.40312499995,0.2274104107912726,1.0153580114680718,-1.7391267480352113,112043.0,0.0717362804854999,-2.42,0.5114124497218597,0.1727377248149275,61877.34734907736,0.0011098779134295,48991.862003819486,0.4593749999999943,0.1204206785195207,147.5069615,1510963.9907451272,1717353.5500000007,0.0,-0.3464566929133857,-0.0038439821669566,-0.0085900062128746,44130.0625,47442.0,0.0615873997215277,49087.0,1120000.2004577275,0.125,1182848.1300000008,0.0725335524982326,0.0,0.0,0.0993138666308458,760673.75
2023-10-17,766966.8333333334,145.6426504,760673.75,148.2458331,118.125,145.6426504,-0.2334004918043888,8.3,148.2458331,116.2375,387281.2510243295,112.826,-0.4769890630474265,0.0177408263956572,-1.2844661999999971,114.78000000000002,203346.15,-0.6422330999999701,0.6589172575925482,0.4746596507876515,10.4189333098828,641788.7152450273,0.1130889474778464,0.3973914947298985,967402.0190924592,-0.5620080999999857,-4.399999999999999,233159.0,212441.234375,0.2720003235315017,3.7144643040140535,-1.5734956291747153,125849.375,0.0732144343598375,-2.1999999999999997,14.486516025938826,0.1803429345047202,79222.39381007127,0.1534569983136593,62038.04792849925,15.193749999999994,0.2058260089410168,147.5069615,1335649.324959878,1521445.6000000015,-2.856897980174633e-05,-0.3464566929133857,-0.0038439821669566,-0.0085900062128746,63009.3125,51893.0,0.0828335570933005,55615.0,1118508.533198645,17.0625,500938.9600000009,0.0480369137293237,0.0,2.8570612268241646e-05,0.0972166602279562,823683.0625
2023-10-18,794421.375,145.6426504,823683.0625,148.2458331,122.89583333333331,145.6426504,-0.211171873537296,8.3,148.2458331,119.0125,378372.6345790872,112.99,-0.4315615332334062,0.0165115613448442,0.0,116.76333333333334,202037.44999999995,-0.5780097899999816,0.6556143933973108,0.472280389435154,10.176007178911522,698806.241674675,0.1036087695347504,0.3985668405668672,960553.3358437977,0.0,0.0,268361.0,176980.34062499995,0.164529036100097,4.934126095769403,-1.4236389025866476,82363.625,0.0345114990127177,-1.9799999999999984,12.597919261563703,0.1149457129227726,89296.81679802589,0.1268615554329839,79405.13318369139,13.84375,0.1696828879190977,147.5069615,1542684.4844875112,1717246.8000000007,2.8569796011623797e-05,0.0,0.0,0.0,-24775.75,26252.0,-0.0300792272270379,11108.0,1129538.8782233663,14.375,565145.6600000001,0.0511913949088644,0.0,0.0,0.1132031239959291,798907.3125
2023-10-19,795556.6041666666,145.6426504,798907.3125,148.2458331,127.5625,145.6426504,-0.1910602665337535,8.3,148.2458331,121.7625,375627.9140662592,114.298,-0.3904604348302314,0.0134848872580561,0.0,119.13333333333333,155568.94999999995,-0.5137864799999932,0.6456044255262634,0.4650695783670235,9.428005468032918,712198.4049364707,0.0847051313954509,0.39528137889956,919401.4356395511,0.0,0.0,232386.0,132782.30000000005,0.1491722235125245,5.695662700860983,-1.2880542451974435,3405.6875,-0.0460119502977408,-1.7599999999999998,10.549903141414774,0.0044771986676286,94006.77259434902,0.1386861313868612,89296.10943215906,12.184375000000005,0.2065748657002404,147.5069615,1457481.3907267973,1600691.3000000007,0.0,0.0,0.0,0.0,-34827.875,-36208.0,-0.0435943875529365,-35884.0,1102590.1569965277,15.4375,688200.0700000003,0.0654952061371301,0.0,0.0,0.1135445504737554,764079.375
2023-10-20,787930.5,145.6426504,764079.375,148.2458331,127.04166666666669,145.6426504,-0.1728640506733825,8.3,148.2458331,124.425,367784.2319174028,115.774,-0.353273726751155,0.0123544185637322,0.0,114.01,154566.94999999995,-0.4495631700000047,0.6285670025076132,0.4527964482173361,8.527187232919093,703399.4373995947,0.0887453836864145,0.4616264154618362,850868.7099854851,0.0,0.0,214451.0,157569.00624999998,0.125668064704987,6.21663710469357,-1.165382412321497,-22878.3125,0.0177976284037415,-1.5399999999999991,9.48860284223241,-0.0277756257735358,99734.60683186947,0.1374859708193041,93996.663041585,11.315624999999995,0.1845423271673155,147.5069615,1428845.5916099623,1541171.9499999993,0.0,0.0,0.0,0.0,36725.3125,13361.0,0.0480647831855833,10292.0,1070793.6015602164,15.3125,378745.7400000002,0.0677957898465886,0.0,0.0,0.1152918567867451,800804.75
2023-10-23,755363.125,145.6426504,800804.75,148.2458331,126.97916666666669,145.6426504,-0.1564008077521066,8.3,148.2458331,127.375,349498.01442420704,120.83,-0.3196286099177143,0.0088258039828364,0.0,120.15000000000002,134408.25,-0.3853398600000162,0.6039076419260248,0.4350327558153329,9.713015941725075,686386.9740962249,0.0691868738120684,0.5030967261603204,778169.4276523725,0.0,0.0,184793.0,50596.92500000005,0.1135372413364205,6.634923055120839,-1.054393611148022,-97702.125,-0.0845449227108715,-1.3200000000000005,9.32004542868647,-0.1222946936037714,98210.1353155246,0.1245865490628446,99713.7488487868,11.25,0.2454722576876347,147.5069615,1756040.24955187,1857268.25,-8.570693940512797e-05,0.0,0.0,0.0,-99599.5625,-64599.0,-0.1243743403120423,-8394.0,1069983.052848096,14.125,-349419.2000000011,0.06603618913366,0.0,-8.570693940512797e-05,0.1332635523912257,701205.1875
2023-10-24,718715.4583333334,145.6426504,701205.1875,148.2458331,126.83333333333331,145.6426504,-0.1415054927281005,8.3,148.2458331,126.9875,327216.40009316284,119.564,-0.2891877899255632,0.0088258039828364,0.0,123.55666666666669,59282.34999999998,-0.3211165500000277,0.570639084067006,0.4110673157338421,9.715520464428632,644068.7568974319,0.0639808875952311,0.5393280420355526,678671.3573687004,0.0,0.0,97105.0,-1509.0374999999767,0.0968715620437747,6.938166753166327,-0.9539751719910684,-109943.0,-0.0886329845027734,-1.1000000000000014,7.358017292621099,-0.1438894892391342,95507.89316518662,0.1290502793296088,98181.84807075156,9.375,0.1716502223292909,147.5069615,1455972.0353088342,1525241.75,8.571428571424455e-05,0.0,0.0,0.0,-47068.75,-61997.0,-0.0671255016920421,-66670.0,1026396.1289026486,14.4375,-573871.5,0.0675689376369472,0.0,0.0,0.1238683837774711,654136.4375
2023-10-25,671078.6458333334,145.6426504,654136.4375,148.2458331,127.10416666666669,145.6426504,-0.1280287791349508,8.3,148.2458331,126.95,299345.42113664607,121.5,-0.2616460956469382,0.0081272818753072,0.0,126.30666666666669,-21978.550000000047,-0.2568932400000108,0.5271338060738889,0.3797277206305381,10.045347325738986,601689.8908622639,0.065829113192802,0.5555840929097564,575341.8454839282,0.0,0.0,1645.0,-3218.640625,0.1027658106395371,7.230300908922012,-0.8631203937062057,-142910.4375,0.0261230495558313,-0.879999999999999,7.731658502847665,-0.1784585287487368,92124.06426399872,0.1202635914332783,95473.812865843,9.803124999999994,0.1846985479996195,147.5069615,1398794.5081365667,1438504.3500000015,-2.856897980174633e-05,0.0,0.0,0.0,3757.875,16653.0,0.0057447877607337,-76241.0,981705.1561494876,13.6875,-280670.0600000005,0.0891865611787909,0.0,-2.856897980174633e-05,0.1327068591904528,686455.0625
2023-10-26,661711.1666666666,145.6426504,686455.0625,148.2458331,126.83333333333331,145.6426504,-0.1158355620744657,8.3,148.2458331,126.9375,270550.54899649974,124.182,-0.2367274198710447,0.0088704165419219,0.0,124.71999999999998,21241.150000000023,-0.1926699299999938,0.470561043542695,0.3389747924023208,10.267351885312802,552344.0657101056,0.0710570842791169,0.5937428116614739,457113.8179223168,0.0,0.0,-8082.0,5497.315625000047,0.0881414241398363,7.371531298462788,-0.780918451448473,-28102.4375,0.0187881419154427,-0.6600000000000001,6.260191026385982,-0.0400773382755386,87857.47759017299,0.1211283185840708,92250.4135432614,8.262500000000003,0.1724202170955781,147.5069615,1356150.7930759415,1359357.5500000007,-2.8569796011623797e-05,0.0,0.0,0.0,15208.4375,12290.0,0.0231168399103618,50715.0,913283.848372619,13.6875,-389380.2599999998,0.0885082423397787,0.0,-5.713795960338164e-05,0.1244942203667638,673102.75
2023-10-27,662187.4166666666,145.6426504,673102.75,148.2458331,127.25,145.6426504,-0.1048036037816473,8.3,148.2458331,127.1125,237869.35459736668,125.594,-0.2141819513119003,0.0094451366012266,0.0,124.06,-12500.800000000048,-0.1284466200000054,0.3953503545552632,0.2847957904734965,10.03602640752931,507769.39787803526,0.0672296332175379,0.6001971168135587,362001.4003136859,0.0,0.0,-38355.0,-16967.334374999977,0.0960436332738152,7.530400967648315,-0.7065452655962385,1428.75,-0.024124208839391,-0.4399999999999995,6.455649023873036,0.0021841773643744,84008.41332833485,0.1251378169790518,87871.90105539553,8.415625000000006,0.1760869624574072,147.5069615,1293365.098497279,1272937.3000000007,0.0,0.0,0.0,0.0,-17537.5625,-16077.0,-0.0260548073826767,-27983.0,867000.7055983583,14.1875,-394019.79000000097,0.0689665816362961,0.0,-5.713795960338164e-05,0.1117885082284037,655565.1875
2023-10-30,640119.9166666666,145.6426504,655565.1875,148.2458331,127.33333333333331,145.6426504,-0.0948223081833816,8.3,148.2458331,127.1625,193386.7083128605,125.93,-0.1937836702345805,0.0094451366012266,0.0,127.53333333333336,-33312.94999999995,-0.0642233099999884,0.2872153737996785,0.2068993450374983,10.403604081986714,462846.2331886023,0.0644753623449369,0.6124875939278754,287693.9867280679,0.0,0.0,-104192.0,-81351.85312500002,0.0932310221891606,7.600112398537332,-0.6392552403013596,-66202.5,-0.0926379528530065,-0.2199999999999988,6.0104681644565545,-0.1006278649049728,83454.45503018235,0.1330376940133038,83929.74659935918,7.846874999999997,0.1962886397297093,147.5069615,1618988.2795927748,1608903.3999999985,5.714122453648329e-05,0.0,0.0,0.0,-63873.375,-60247.0,-0.0974325303080557,-16750.0,883971.0553233352,15.0,263.0099999997765,0.0718745792415824,0.0,0.0,0.110312654999665,591691.8125
2023-10-31,608802.3333333334,145.6426504,591691.8125,148.2458331,127.08333333333331,145.6426504,-0.0857916121659059,8.3,148.2458331,127.0875,181716.5289519833,125.768,-0.1753280825932108,0.0094451366012266,0.0,126.2,-94101.19999999995,0.0,0.0,0.0,9.71012617133019,395212.2855342753,0.0644988901090476,0.4787472688721147,345758.7009904218,0.0,0.0,-219934.0,-94722.74062499998,0.0915300481623121,7.423454644916869,-0.5783737888440879,-93952.75,-0.0363970974509492,0.0,3.798161672603541,-0.1395815869122507,82374.55730759584,-0.0180311890838206,83378.18049250421,5.296875,0.1520346065602574,147.5069615,1546913.30058394,1558397.3500000015,-5.713795960338164e-05,0.0,0.0,0.0,-12541.8125,-21478.0,-0.021196528724994,-60127.0,919651.2628690838,-2.3125,616682.5199999996,0.0774593048805341,0.0,-2.8569796011623797e-05,0.0978570975816772,579150.0
2023-11-01,596715.1041666666,145.53153028000003,579150.0,148.2458331,127.375,145.6426504,-0.5803072395787012,8.3,148.2458331,127.275,180709.6379787242,127.954,-1.7653694223462535,0.0120852269601043,-1.775869699999987,130.24,-80002.40000000002,-1.687076214999962,0.3970965368378319,0.2565811530671483,10.456175510949636,371870.7496211898,0.0663334741761665,0.4813697562055503,419171.7502587627,-0.5556006000000195,4.5,-214237.0,-57693.015625,0.0985428931184884,7.408023605089213,3.548138000569633,-36261.6875,0.0185113537240777,4.275,5.698336751403204,-0.0553136258474676,78809.88364753716,0.0058737151248164,82281.2979189677,7.040625000000006,0.1629360626236568,147.5069615,1153545.4624330886,1173079.3999999985,-5.714122453637227e-05,0.542168674698795,-0.0038148207168304,-0.0119792216945623,40153.5,10526.0,0.0693317793317793,16805.0,932026.931564284,0.75,683352.129999999,0.0486854401197578,-0.5556006000000195,-0.0001142759192068,0.0949081711232616,616255.375
2023-11-02,616335.0833333334,145.42041016,616255.375,148.2458331,127.1875,145.6426504,-0.5250398834283487,8.3,148.2458331,127.375,192276.87079975623,129.472,-1.5972390011704365,0.0120852269601043,-1.775869699999987,130.6233333333333,-53843.05000000005,-1.5982827299999656,0.5466011604968687,0.3531825211685653,10.941594659107224,349452.7314537344,0.0738160432807301,0.4575115760168775,439931.1377026115,-0.5556006000000195,4.5,-147973.0,-30922.581250000047,0.1073064716267318,7.115340722831209,3.2102200957534777,58859.9375,0.0640680307346974,4.050000000000001,4.024685632221946,0.0994773567193816,74286.4357872877,0.0034516765285996,78773.0263567708,4.996875000000003,0.1691347818190232,147.5069615,886880.6088680327,883393.0500000007,0.000114288979685,0.542168674698795,-0.0038148207168304,-0.0119792216945623,31248.25,37105.0,0.0504570860652329,30380.0,902350.32942952,0.4375,456714.7799999993,0.038200669228871,-0.5556006000000195,0.0,0.0906739823856987,654094.875
2023-11-03,633551.9166666666,145.30929004,654094.875,146.4699634,128.0625,145.6426504,-0.4750360850065931,12.8,148.2458331,127.575,213418.52950343624,132.25400000000002,-1.4451210010589932,0.0120852269601043,-1.775869699999987,134.87,-37493.69999999995,-1.5094892449999977,0.6505855111078871,0.4203712828558968,11.18954704882587,323476.1081545683,0.07466357758034,0.4585044338648134,502241.9546905724,-0.5556006000000195,4.5,-138098.0,-52526.86250000005,0.1046735526824747,6.769847769026719,2.904484848538861,51650.5,0.0227843993152185,3.8249999999999993,4.885429857724617,0.0891832858499526,72421.58887245183,0.0148001973359643,74121.6375071345,5.512500000000003,0.1628794171806212,146.3594957,927384.2175472676,901573.3999999984,0.0,0.542168674698795,-0.0038148207168304,-0.0119792216945623,-19751.25,14041.0,-0.0303607668413773,20167.0,868428.690045889,1.875,968215.1499999984,0.0386991860636802,-0.5556006000000195,0.0,0.0816068178197573,637284.125
2023-11-07,638230.7083333334,145.19816992,637284.125,146.4699634,128.3125,145.0870498,-0.4297945531012033,12.8,146.4699634,127.8625,229239.35868283344,134.316,-1.3074904295295653,0.0120852269601043,-1.775869699999987,138.13666666666666,-70340.34999999998,-1.4206957599999726,0.7288015473292856,0.4709100282241331,11.784211783925722,286238.93407617643,0.0741282319161199,0.4056755250975949,520140.2829381021,-0.5556006000000195,4.5,-161380.0,-51000.90000000002,0.1274847971908758,6.4983700828407205,2.6278672439161106,14036.375,-0.0031255156307512,3.6000000000000014,4.9856270141317935,0.0226647758328508,71522.97544675638,0.013235294117647,71970.54514710537,5.346874999999997,0.1952360266352826,146.3594957,362896.5777808614,307487.6000000015,0.0,0.542168674698795,-0.0038148207168304,-0.0119792216945623,2539.375,-1970.0,0.004025638850952,-31676.0,840313.0017174855,1.6875,853493.6099999994,-0.0054152445562913,0.0,8.571428571424455e-05,0.0751831089189006,611365.25
2023-11-08,617478.7708333334,145.0870498,611365.25,146.4699634,128.9375,145.0870498,-0.38886173852012,12.8,146.4699634,128.4875,243393.42944657852,136.814,-1.182967531479136,0.0120852269601043,-1.775869699999987,138.43666666666667,-96711.44999999995,-1.331902274999976,0.7889508178807308,0.5097750591735604,11.192655533640323,231781.8739848053,0.0770402844711879,0.3869703512103662,541074.7858682004,-0.5556006000000195,4.5,-122343.0,-94013.74687499995,0.1260358274639073,5.945669587364577,2.3775941730669565,-62255.8125,-0.0685885989120297,3.375,4.39771015564304,-0.0956969410965384,73722.65839157645,0.0217714002968827,72061.45773484286,4.362499999999997,0.1479652928629224,146.3594957,549336.6656112559,463250.5,0.0,0.542168674698795,-0.0038148207168304,-0.0119792216945623,-45043.9375,-43096.0,-0.0711212719710724,-27633.0,797362.1745817091,2.75,1372200.190000001,0.0109557851991424,0.0,0.0,0.1004799389870963,584969.6875
2023-11-09,615210.4583333334,145.0870498,584969.6875,146.4699634,128.70833333333334,145.0870498,-0.3518272872324814,12.8,146.4699634,128.375,251330.51909978315,137.10600000000002,-1.0703039570525732,0.0120852269601043,-1.775869699999987,138.32666666666668,-78831.65000000002,-1.2431087899999795,0.834947064309379,0.5394952124625139,11.16676595268736,187921.0510784642,0.0790558447933356,0.370156439303712,540521.4177151544,-0.5556006000000195,4.5,-29621.0,-57082.36250000005,0.1504500146346102,5.396509707489945,2.151156632774864,-6804.9375,-0.0116501204654579,3.1499999999999986,2.904475855105602,-0.0107877807642828,74516.51120896461,0.0029411764705882,74493.1017270778,2.471874999999997,0.1675418219554234,146.3594957,277237.74507685006,125952.25,0.0,0.542168674698795,-0.0038148207168304,-0.0119792216945623,35699.625,-6818.0,0.0606831064509942,16481.0,694732.251257104,0.375,1164278.7699999996,-0.0030004243695521,0.0,2.8569796011623797e-05,0.0962143433611614,623995.5625
2023-11-10,624188.7291666666,145.0870498,623995.5625,146.4699634,128.5,145.0870498,-0.3183199265436656,12.8,146.4699634,128.65,265327.60104799643,137.308,-0.9683702468570914,0.0129370978256208,-1.775869699999987,135.61,-39849.75,-1.154315304999983,0.8690404575634509,0.5615244203289389,10.591316453138322,156228.60217833167,0.0769542878327342,0.3342564412324744,532117.2001357762,-0.5556006000000195,4.5,-43956.0,-18925.287499999977,0.1776577315503108,4.573140080663989,1.946284572510592,26934.8125,0.0788088767176338,2.9250000000000007,3.2498829165241148,0.0425282120441254,74545.28245931224,0.0148001973359643,75313.62453760051,2.3812499999999943,0.1652462384772458,146.3594957,324498.95983143523,114201.05000000076,-8.570693940512797e-05,0.542168674698795,-0.0038148207168304,-0.0119792216945623,36279.125,45584.0,0.0581400368532267,36380.0,575707.7914090079,1.875,964234.7400000002,-0.0037657111667199,0.0,-2.8570612268241646e-05,0.1053802933276466,660274.6875
2023-11-13,640401.5,145.0870498,660274.6875,146.4699634,128.375,145.0870498,-0.2880037430633138,12.8,146.4699634,128.675,272589.4242392672,138.552,-0.8761445090611915,0.0129370978256208,-1.775869699999987,137.76666666666668,-28766.699999999957,-1.0655218199999863,0.8925959573538282,0.5767446419540813,10.17169771835932,145041.66978393248,0.0801249307374011,0.2807152520187438,527848.3297406189,-0.5556006000000195,4.5,-7166.0,-38285.25312500005,0.2865647541952368,3.4634650350984084,1.760924137033392,48638.3125,0.013344636824595,2.6999999999999997,3.0534654959027705,0.0826766078084637,74571.73837508976,0.0088192062714356,75354.96716322222,1.7406249999999943,0.2144601204002666,146.3594957,348493.439847488,102284.5,8.571428571424455e-05,0.542168674698795,-0.0038148207168304,-0.0119792216945623,-23340.4375,8327.0,-0.0353495869853408,8807.0,491601.7616228856,1.125,696608.0500000007,-0.0042803239851235,0.0,5.714122453648329e-05,0.0950780166251512,636964.25
2023-11-14,644433.5416666666,145.0870498,636964.25,146.4699634,128.35416666666666,145.0870498,-0.2605748151525233,12.8,146.4699634,128.4,276467.52565734106,136.36399999999998,-0.7927021748648997,0.0129370978256208,-1.775869699999987,136.89999999999998,-45942.34999999998,-0.97672833499999,0.906435479670652,0.5856869526128649,8.869431240294253,146980.72683061613,0.0920270239558585,0.2671935038608331,526676.6345028041,-0.5556006000000195,4.5,-13475.0,-32898.71250000002,0.1876221637226095,0.911052384539789,1.593217076363544,12096.125,-0.005350113786783,2.4750000000000014,1.970992591531072,0.0193849535588643,72224.23498097203,0.0004892367906066,75408.7760550527,0.1124999999999971,0.1381331333351956,146.3594957,561475.7312905826,308251.1000000015,0.0,0.542168674698795,-0.0038148207168304,-0.0119792216945623,-842.5625,-3383.0,-0.0013228406228743,-23059.0,444012.33142788906,0.0625,406347.2400000002,-0.0132983185377528,0.0,0.0,0.1410384167998715,634516.25
2023-11-15,633365.7083333334,145.0870498,634516.25,146.4699634,127.77083333333331,145.0870498,-0.2357581660903633,12.8,146.4699634,127.95,287572.27733438055,135.668,-0.7172067296396847,0.6684741069466837,-1.775869699999987,135.70333333333335,-42115.65000000002,-0.8879348499999935,0.9110019341616108,0.5886375352798693,8.88914197209111,158808.78150607966,0.1138078941320562,0.644824537603025,529289.7993497499,-0.5556006000000195,4.5,41560.0,-32088.618750000023,0.1973709746180516,0.9220157675794372,1.4414821167098744,-33203.5,-0.0047794702197347,2.25,0.8785171066233488,-0.0502874040586327,62830.20197697292,0.0069478908188584,73172.9283497816,-0.8156249999999972,0.1425461198710277,146.3594957,537562.2330724299,271435.1000000015,0.0085135559809159,0.542168674698795,-0.0038148207168304,-0.0119792216945623,-9020.5,-3006.0,-0.0141811317098842,-5092.0,374544.6451621064,0.875,-202114.83999999985,-0.0156020585435743,0.0,0.0085711836804662,0.1341187233427809,629361.5
2023-11-16,622255.3333333334,145.0870498,629361.5,146.4699634,127.66666666666669,145.0870498,-0.213305007415073,12.8,146.4699634,128.05,294735.1933996947,133.828,-0.6489013268168833,0.9954692096934996,0.0,130.45333333333335,-43440.19999999995,-0.799141364999997,0.9064354796706106,0.5856869526129013,8.10050362306938,160844.45864909183,0.1317030404193805,0.8903924327480707,530961.2622191146,0.0,0.0,13388.0,-45791.47187500005,0.2157845724227744,0.9370393605207324,1.3041981055946472,-33331.125,-0.036805797416341,2.0249999999999986,2.2085392869449265,-0.0523305584524619,54606.26741286712,-0.0004866180048661,63929.55891484801,0.7125000000000057,0.1425903806183364,146.3594957,856604.3537321985,609168.6999999993,0.0013314070422933,0.0,0.0,0.0,-23468.0625,-23038.0,-0.0374248776977972,-11367.0,360236.3855916769,-0.0625,-513232.9799999986,0.0121197770115015,0.0,0.0099717134775279,0.1969455121005619,602278.1875
2023-11-17,621990.8125,145.0870498,602278.1875,146.4699634,127.72916666666669,145.0870498,-0.1929902448041218,12.8,146.4699634,127.9375,308201.9646972412,132.15800000000002,-0.5871012004533895,1.2852425534241343,0.0,128.6,-33000.30000000005,-0.7103478800000005,0.8925959573537441,0.5767446419541552,7.167341135132332,183844.2251599695,0.166918076597584,1.1316326119839606,533361.9146149349,0.0,0.0,-14685.0,-7657.40625,0.2145992946379327,0.9143861184923068,1.1799887622046796,-793.5625,-0.0026638093468857,1.8000000000000007,1.6589164977120705,-0.0012475599282217,47501.75116008902,0.0063882063882063,56027.13058921325,0.2750000000000057,0.1728699032928371,146.3594957,868110.3200434186,638843.8000000007,0.0014993776168381,0.0,0.0,0.0,31695.0,-1606.0,0.0525096685011363,2307.0,347904.27940424444,0.8125,-190854.18999999948,0.0235984196419232,0.0,0.011370453961089,0.1929373066349632,645079.5625
2023-11-21,677114.8125,145.0870498,645079.5625,146.4699634,128.375,145.0870498,-0.1746102214894449,12.8,146.4699634,127.95,312098.62242836657,133.174,-0.5311868004102109,1.7687509717537426,0.0,133.61,139007.30000000005,-0.621554395000004,0.8690404575633208,0.561524420329053,7.030550083291884,195341.12918755005,0.1535726626858675,1.6326712854706786,534631.7553808925,0.0,0.0,137106.0,149905.734375,0.2300187469761227,0.9074968736393112,1.0676088800899493,165372.0,0.0728267558083453,1.5749999999999993,2.1794958788823493,0.263721254135919,46054.08641048622,0.0014584346135149,49158.52754629926,0.921875,0.2021128792173622,146.3594957,768819.003848806,554276.5,0.0057060535013133,0.0,0.0,0.0,157145.0625,43790.0,0.2473564084578401,171958.0,332612.175289048,0.1875,-1045353.6899999996,0.0170468431479544,0.0,0.0171413878810386,0.1577827623350251,792443.1875
2023-11-22,755452.6458333334,145.0870498,792443.1875,146.4699634,128.22916666666666,145.0870498,-0.1579806765856801,12.8,146.4699634,127.975,299997.6139529274,133.82,-0.4805975813235363,2.1611324395170013,0.0,136.88666666666668,208058.44999999995,-0.5327609100000075,0.8349470643091971,0.5394952124626718,7.078750168452032,200873.43895174764,0.1969075177287904,2.048317088446431,529963.304760172,0.0,0.0,241857.0,189208.6,0.2304235289507159,0.9044389799363388,0.9659318438909068,235013.5,0.2284414336206361,1.3499999999999996,1.236805795179265,0.3893510326010987,62559.29484378697,-0.0096758587324624,47770.06234784679,0.0875000000000056,0.1962225381952423,146.3594957,1015637.7653870172,849715.8500000015,0.0013482009942982,0.0,0.0,0.0,46173.4375,147363.0,0.0582671896589432,73075.0,383341.44199815503,-1.25,-735487.0599999987,0.0543108499678515,0.0,0.0185126989115218,0.1597518839706888,838616.625
2023-11-23,836677.0208333334,145.0870498,838616.625,146.4699634,127.66666666666669,145.0870498,-0.1429348978632276,12.8,146.4699634,127.875,287348.9612879112,135.382,-0.434826383102262,2.504146613766503,0.0,141.07666666666668,205048.30000000005,-0.4439674249999825,0.7889508178804875,0.5097750591737699,6.94866787687748,202975.61819709104,0.1338528511123592,2.368096004028445,499235.5711079624,0.0,0.0,274066.0,218321.484375,0.2304235289507159,0.9044389799363388,0.8739383349489138,243673.125,0.0488779634623561,1.125,-0.3512233281711303,0.3835571291824606,80951.26012403701,-0.0213075060532688,63722.88508578564,-1.5374999999999943,0.233878817892787,146.3594957,832069.5020168237,692903.8999999985,0.001402485203781,0.0,0.0,0.0,40354.625,38733.0,0.0481204686348784,4576.0,402095.005474453,-2.75,-922391.1100000012,0.0396426963297213,0.0,0.0199411479016085,0.1440722682502118,878971.25
2023-11-24,878395.7291666666,145.0870498,878971.25,146.4699634,127.20833333333331,145.0870498,-0.1293220504476835,12.8,146.4699634,127.675,271769.8210148406,137.89,-0.3934143466163391,2.8120691015086314,0.0,138.31333333333336,228833.35,-0.3551739400000144,0.7288015473289671,0.4709100282244046,6.605863005892759,192538.53313893155,0.1189707149338703,2.6890504585273582,472613.4191446741,0.0,0.0,294620.0,243964.296875,0.2274413765980024,0.9074119139542852,0.7907061125728276,125156.125,0.0554515529803556,0.8999999999999986,0.6435360364165916,0.1579370319212947,99247.74067793404,-0.0039100684261974,81713.17656626382,-0.46875,0.219037755299694,146.3594957,270222.07325331867,129844.30000000076,0.0014565418335621,0.0,0.0,0.0,38628.0625,46090.0,0.043946900993633,37035.0,390124.2584009479,-0.5,-822969.8900000006,0.0278705728973682,0.0,0.0214267348512984,0.1131590114552982,917599.3125
2023-11-27,880078.5833333334,145.0870498,917599.3125,146.4699634,127.375,145.0870498,-0.1170056646907653,12.8,146.4699634,127.7625,257457.30514483,140.094,-0.3559463136052727,3.191996735270203,0.0,139.0566666666667,230626.85,-0.2663804549999895,0.6505855111074687,0.4203712828562524,6.448536023168057,181729.26813047013,0.0958290992486384,3.07374210473181,421614.5806450613,0.0,0.0,271406.0,161502.05000000005,0.2633846237600841,0.8738008700691239,0.715400768518272,5048.5625,-0.0485496987230782,0.6750000000000007,1.543556413900717,0.0060201078174428,106278.5727155573,-0.0009722897423432,99762.94344484292,0.5062499999999943,0.2504891724482724,146.3594957,-129371.83848509192,-287358.25,0.0041954521298912,0.0,0.0,0.0,-73934.125,-42591.0,-0.0805734311183892,13166.0,386606.1370131548,-0.125,-283406.94999999925,0.0071138446988803,0.0,0.0257999999999998,0.1119373910676513,843665.1875
2023-11-28,844894.75,145.0870498,843665.1875,146.4699634,127.66666666666669,145.0870498,-0.1058622680535563,12.8,146.4699634,127.45,247060.21628454575,136.864,-0.3220466646905038,3.5188707818032445,0.0,136.08,149449.5,-0.177586969999993,0.5466011604962973,0.3531825211690479,5.78476210673954,169808.3467057005,0.0938301098322045,3.4378725061448425,375928.9202088346,0.0,0.0,190593.0,85363.88437500002,0.2676901375063697,0.8860672274642526,0.6472673619927214,-105551.5,-0.0746062838829484,0.450000000000001,0.2655986601958773,-0.120085270138244,107979.87113500986,-0.0116561437591063,106798.19125830448,-0.7249999999999943,0.2358765929604736,146.3594957,-365095.711010322,-548128.1499999985,0.0013926412834581,0.0,0.0,0.0,-70245.4375,-62272.0,-0.0832622212469801,-72006.0,401655.1715357769,-1.5,-21630.669999999925,-0.0068555665180952,0.0,0.0271405308116448,0.1254282079545318,779419.75
2023-11-29,802487.1875,145.0870498,779419.75,146.4699634,127.89583333333331,145.0870498,-0.0957801472865469,12.8,146.4699634,127.475,188985.72328878316,134.788,-0.2913755537676081,3.799020095273528,0.0,131.71666666666667,82265.84999999998,-0.0887934850000249,0.3970965368369442,0.2565811530678972,6.152248711692102,170605.85181738014,0.0914431818996185,3.7264532311966967,372564.298934577,0.0,0.0,153468.0,92386.51875000005,0.2809748717573757,0.885806157886333,0.5856228513267467,-127222.6875,-0.0001941991421576,0.2249999999999996,1.0319702163676965,-0.1386473221665584,107787.10086990056,0.0019559902200489,108775.13883945363,0.1343750000000056,0.2010879344720686,146.3594957,-542242.5480569601,-732454.6499999985,0.0013350763496788,0.0,0.0,0.0,16956.875,-150.0,0.021924543561242,-60184.0,434135.5160044933,0.25,357139.30999999866,-0.0276385569906523,0.0,0.0285118418421279,0.1265632192218329,790376.625
2023-11-30,792396.7708333334,145.0870498,790376.625,146.4699634,127.8125,145.0870498,-0.086658228497356,12.8,146.4699634,127.85,313480.5637739755,131.224,-0.2636255010278603,4.037684849941904,0.0,126.29333333333334,82933.09999999998,0.0,0.0,0.0,6.255637962332881,172970.99739507487,0.0889736244659626,3.9768994468822494,467868.2631290297,0.0,0.0,169795.0,103691.63437500002,0.2437232672921235,0.7525381940871074,0.5298492464384843,-30271.25,-0.0072942416539657,0.0,1.046782576713639,-0.0358806437061858,106917.25415029,0.0108427796944308,108598.80709246396,0.1468749999999943,0.2005815946587181,146.3594957,-312020.3053848669,-490509.1499999985,0.001444404322102,0.0,0.0,0.0,23017.3125,-5633.0,0.0291219549920267,11235.0,441328.7567528481,1.375,1196480.7699999996,-0.0208246810180924,0.0,0.0213025126766945,0.1072722437654152,822336.9375
2023-12-01,824646.5833333334,144.98601667999998,822336.9375,146.4699634,128.20833333333334,145.0870498,-0.535459654354753,12.8,146.4699634,128.05,338702.4296804785,131.696,-3.004912248549033,4.232992471436761,-3.057593300000008,129.70000000000002,127890.44999999995,-2.904713635000008,0.6836986466339834,1.5705540418890316,6.415579721107476,171765.01470548648,0.0868495163795246,4.210525532904913,586275.6286900379,-0.505165599999998,12.7,238725.0,147923.59999999998,0.2423467762447436,0.7509314391627525,11.969863603920532,96749.4375,0.0594088335811744,12.064999999999998,1.1167318551218557,0.1250930526405616,110412.0710367974,0.0,108224.51857607672,0.3375000000000057,0.2287510837725257,146.3594957,-387839.1334434524,-570350.5500000007,0.001386847141708,0.9921875,-0.0034818104075887,-0.0208752240324517,56775.25,45544.0,0.069800434183836,57563.0,460296.3442398985,0.0,1665006.749999998,-0.0417575855447389,-0.505165599999998,0.021359058504017,0.0928245233088978,870169.1875
2023-12-04,842982.4791666666,144.88498355999997,870169.1875,146.4699634,128.33333333333334,145.0870498,-0.4844634967971615,12.8,146.4699634,128.05,355693.8033097777,132.93,-2.718730129639596,4.470569138391162,-3.057593300000008,135.96,122138.05000000005,-2.7518339700000354,0.941107360583564,2.1618588486198527,6.750181186651381,183805.32647495743,0.085821745352906,4.461896103921727,660572.0872066496,-0.505165599999998,12.7,242033.0,113397.09687500005,0.2092212161292526,0.7281352354198309,10.82987659402334,55007.6875,0.0107712235459833,11.429999999999998,1.0669240593959586,0.0695968045613697,112331.94138958138,0.00341796875,111493.2689967365,0.3375000000000057,0.2149025561633071,146.3594957,10414.59355116263,-162830.8999999985,0.0041547793812148,0.9921875,-0.0034818104075887,-0.0208752240324517,-24784.875,8748.0,-0.0284828230601994,5615.0,461885.7352175991,0.4375,1399918.6899999997,-0.0296383489436798,-0.505165599999998,0.0240671167481143,0.0903903576454387,845384.3125
2023-12-05,866941.2916666666,144.78395043999998,845384.3125,143.4123701,128.29166666666666,145.0870498,-0.4383241161498006,25.5,146.4699634,128.225,416946.1616789586,134.324,-2.4598034506263105,4.648246868169954,-3.057593300000008,141.24666666666667,124357.94999999995,-2.5989543050000066,1.1201418098639215,2.5731267066716943,6.770556437522315,199137.6904672208,0.0892584231502968,4.665640899178479,735877.7572344776,-0.505165599999998,12.7,83316.0,140559.66562500002,0.218620742665717,0.7199575097161853,9.798459775544924,71876.4375,0.0284707739684644,10.794999999999998,0.6260265299296748,0.0883660846070666,114655.10426252884,-0.0053398058252427,113486.28403609664,-0.0124999999999886,0.2079610469852279,139.3357645,313158.5370224826,171167.5,0.001379196204452,0.9921875,-0.0034818104075887,-0.0208752240324517,39886.0625,23372.0,0.0471809825546059,13241.0,462488.9583690073,-0.6875,2046381.790000001,-0.0153823205719206,-0.505165599999998,0.0196612645001825,0.0920487972147339,885270.375
2023-12-06,875052.3333333334,144.68291731999997,885270.375,143.4123701,128.0625,144.5818842,-0.3965789622307625,25.5,143.4123701,128.15,464818.601810067,136.578,-2.22553645532858,4.766307298448331,-3.057593300000008,139.85333333333332,131222.34999999998,-2.446074640000006,1.25480981411173,2.8824784648263173,6.506035153689483,215807.37941489444,0.1010216724403815,4.780883286599591,848862.7526624966,-0.505165599999998,12.7,30735.0,136733.48124999995,0.2651587289595708,0.6746709724449974,8.865273130254934,24333.125,0.0180460603304102,10.16,0.2271192413649316,0.0279636711452737,116165.452880319,-0.0019540791402051,116081.56928178358,-0.3125,0.2118396037067111,139.3357645,555555.962067958,428976.6499999985,0.0014323885078368,0.9921875,-0.0034818104075887,-0.0208752240324517,9231.9375,15236.0,0.0104283818375827,20494.0,464428.8903080904,-0.25,2598499.85,-0.0172672439855198,0.0,0.0197469916692378,0.0980377582684233,894726.75
2023-12-07,907200.8541666666,144.5818842,894726.75,143.4123701,128.33333333333334,144.5818842,-0.3588095372564055,25.5,143.4123701,128.3625,651830.4924180593,139.358,-2.013580602440157,4.847160210406472,-3.057593300000008,137.00666666666666,148068.40000000002,-2.293194975000034,1.358371469923542,3.1203744705014222,6.507385763397995,274164.25743564323,0.1117891891775723,5.864335449413328,989322.8248081576,-0.505165599999998,12.7,59693.0,166384.34687500005,0.2677493645834691,0.6913097195155893,8.020961403563987,96445.5625,0.0357664743112435,9.524999999999997,1.6191793136158878,0.1140848736769053,115917.83166877774,0.0232558139534884,116249.63350111851,1.2406249999999943,0.2118013084110062,139.3357645,300375.48949005455,185738.1499999985,0.0023655618209326,0.9921875,-0.0034818104075887,-0.0208752240324517,47327.5625,30742.0,0.0529093797060473,33534.0,464375.8793651674,2.9375,3159148.5700000003,-0.0224251531061236,0.0,0.0207277107083836,0.0987699629648376,941829.875
2023-12-11,937718.4375,144.5818842,941829.875,143.4123701,128.6875,144.5818842,-0.3246372003748377,25.5,143.4123701,128.5125,734187.0916662955,140.63,-1.821811021255371,4.941570680417205,-3.057593300000008,140.21,166530.84999999998,-2.1403153100000054,1.4375652389852125,3.3022939385366312,7.054107351487242,294462.8091582079,0.1124030690015537,20.18181813311141,1047653.5507033268,-0.505165599999998,12.7,58791.0,183736.21875,0.215233687633142,0.7337255667101307,7.257060317510273,91552.75,0.0476691131374809,8.889999999999997,1.3518765218429394,0.1034178400017056,118475.71598152902,0.013738959764475,115545.86860643598,1.0531249999999943,0.2136447105812494,139.3357645,175113.49049099907,52428.300000000745,0.0043632172552892,0.9921875,-0.0034818104075887,-0.0208752240324517,34993.25,42438.0,0.0371545338801235,36133.0,452264.3945487803,1.75,2667029.6100000013,-0.0055178973220251,0.0,0.0236903196934523,0.0979125460333944,976823.0625
2023-12-12,976224.9583333334,144.5818842,976823.0625,143.4123701,128.875,144.5818842,-0.2937193717677075,25.5,143.4123701,128.475,811267.0936609119,140.04000000000002,-1.648305209707246,4.936823477978284,-3.057593300000008,141.73000000000002,187288.5,-1.987435645000005,1.496265340004979,3.437136506047397,7.162989287043942,314574.30751920625,0.116252388234024,50.39864540786254,1085483.006215453,-0.505165599999998,12.7,84161.0,199447.609375,0.2215453184044751,0.7260144898560511,6.565911715842631,115519.5625,0.04132732925914,8.254999999999999,0.4314597102388546,0.1291439506479754,123543.9301217098,-0.0014598540145985,117920.0812313138,0.1937499999999943,0.1954574186753206,139.3357645,397552.8247299493,281091.05000000075,0.0013661202185792,0.9921875,-0.0034818104075887,-0.0208752240324517,33198.75,38546.0,0.0339864496963051,38536.0,447484.8866021629,-0.1875,2358863.669999998,0.0224884055208862,0.0,0.0208060607748656,0.1037347747776858,1010021.875
2023-12-13,996776.2293333332,144.5818842,1010021.875,143.4123701,128.70833333333334,144.5818842,-0.2657460982660211,25.5,143.4123701,128.6125,799245.0104480567,141.25799999999998,-1.4913237611636987,98.67614243201476,-3.057593300000008,144.41333333333336,231054.5,-1.834555980000033,1.5368218844053,3.5303007166926776,7.260436046060722,478427.25737718126,0.1176542133868882,110.49517312034423,1191718.0746528364,-0.505165599999998,12.7,220487.0,174581.95047499996,0.221243754720575,0.7290029578179076,5.940586790524286,61653.812999999966,0.0016113322474429,7.619999999999997,0.8427492616446841,0.0654617300178548,123617.4524423381,0.0122850122850122,122828.72454119356,0.6906250000000114,0.1959615336993231,139.3357645,3017143.746184241,3038826.4499999997,1.182755798090041,0.9921875,-0.0034818104075887,-0.0208752240324517,-6538.1870000000345,1565.0,-0.0064733122735585,64320.0,839186.2910495852,1.5625,3258546.280000001,0.1574770362377273,0.0,1.2250716212833423,0.2196874827682448,1003483.688
2023-12-14,1001451.646,144.5818842,1003483.688,143.4123701,125.89583333333331,144.5818842,-0.2404369460502096,25.5,143.4123701,127.2125,784749.1432418439,141.696,-1.3492929267671627,135.67238425125868,-3.057593300000008,141.63,155615.55000000005,-1.6816763150000045,1.5606500012492026,3.5850373252906538,7.238091108484837,610409.9211731814,0.1219463977414428,144.7837634570589,1268239.8638183137,-0.505165599999998,12.7,224111.0,144209.75309999997,0.2479436670523066,1.804129377984632,5.374816619998164,14026.25,0.014952544738906,6.984999999999999,-6.532155429940531,0.0143590478573079,119890.9345305172,-0.0575890678379696,122713.75263179862,-7.015625,0.1934972061722841,139.3357645,3679305.437023837,3869965.25,0.0006875171879296,0.9921875,-0.0034818104075887,-0.0208752240324517,-12634.312999999966,14546.0,-0.01259045179417,-56560.0,1236802.222985516,-7.375,2609625.6999999997,0.2134305291414764,0.0,1.223632676870087,0.1535016955638678,986696.0
2023-12-15,973330.3335,144.5818842,986696.0,143.4123701,125.5625,144.5818842,-0.2175381892835162,25.5,143.4123701,126.8125,772923.9328766732,142.316,-1.220788838503637,161.4123877550593,-3.057593300000008,140.79999999999998,104719.69999999995,-1.528796650000004,1.56851226763977,3.603098081032862,7.172723919198548,719826.9675612765,0.1180314262682029,169.08177062562024,1329671.2588102366,-0.505165599999998,12.7,179442.0,64088.97809999995,0.2575490471639011,1.795393410928986,4.862929322855482,-84363.9375,-0.066834994839759,6.350000000000001,0.0274546110061777,-0.0835268419310225,109226.65520087132,-0.0073135056070209,118359.2341404025,-0.4749999999999943,0.1998482760142598,139.3357645,3419257.5858787075,3748160.9499999993,0.0006870448327984,0.9921875,-0.0034818104075887,-0.0208752240324517,-65191.4375,-65990.0,-0.0657934890456988,-33434.0,1515284.7714853624,-0.9375,1678362.5,0.2075633401436971,0.0,1.221951016558955,0.1190539785087424,925657.9375
2023-12-18,946128.0625,144.5818842,925657.9375,143.4123701,125.60416666666669,144.5818842,-0.1968202664945977,25.5,143.4123701,126.7625,753373.4588133185,139.83599999999998,-1.1045232348366198,180.8497029696502,0.0,137.84000000000003,37248.65000000002,-1.3759169850000037,1.5606500012491615,3.5850373252906893,6.7340299188048345,838181.3572953996,0.1267728289605464,187.47133991416035,1395625.472226994,0.0,0.0,69836.0,44394.22809999995,0.2564951806915909,1.8083550609111612,4.399793196869247,-81606.81299999997,-0.020982952504268,5.714999999999996,1.4950779813865438,-0.081323507273593,91394.04158005687,0.0038948393378772,107646.84601871812,1.125,0.211367476232621,139.3357645,3749060.625318829,4235162.149999999,0.0019348879013332,0.0,0.0,0.0,-3781.0625,-19333.0,-0.0040847297331148,-52043.0,1812616.6418021072,0.5,1640909.0199999996,0.2441016423985433,0.0,1.2231670498296543,0.101492430307468,921876.875
2023-12-19,920665.2083333334,144.5818842,921876.875,143.4123701,124.22916666666669,144.5818842,-0.178075479209383,25.5,143.4123701,124.425,734275.0063712954,138.348,-0.999330545804554,195.7632788068557,0.0,136.15,18856.050000000047,-1.223037320000003,1.5368218844052155,3.530300716692748,6.355450292547553,937455.0186662872,0.1355536676305041,201.46661345193056,1441893.209037174,0.0,0.0,60979.0,23020.03122499993,0.2785299802358836,3.083825788970202,3.9807652733578927,-76388.5625,0.0128232416959892,5.079999999999998,-9.787191350174083,-0.0770940209756906,71643.12053101325,-0.0924574209245742,89102.22553550218,-10.615624999999994,0.1905939132825795,139.3357645,3967322.7086218,4606947.899999999,0.0006852472496665,0.0,0.0,0.0,-7416.0625,11567.0,-0.0080445260111335,-3242.0,2109994.128124908,-11.875,1863556.8599999996,0.2498755566522137,0.0,1.2154856149835878,0.097248794285477,914460.8125
2023-12-20,918749.5416666666,144.5818842,914460.8125,143.4123701,118.27083333333331,144.5818842,-0.1611159097608663,25.5,143.4123701,120.55,702114.321181752,136.584,-0.9041562081088728,207.18452843768904,0.0,134.86,9434.349999999977,-1.0701576550000027,1.4962653400048491,3.437136506047504,5.985703911469375,1020409.1311611608,0.086721347226812,211.9263742875916,1456391.125424364,0.0,0.0,44718.0,22096.768724999973,0.1950571245619061,5.0073660790229,3.601644771133333,-5747.0,0.0009413299678961,4.445,-15.35805407872894,-0.0062085569271099,67947.20184267592,-0.145924841386042,70342.25106664482,-16.834374999999994,0.1660770679070402,139.3357645,4037126.974467341,4811967.25,0.0006847780074206,0.0,0.0,0.0,5450.125,860.0,0.0059599328101334,-3020.0,2389200.774705546,-18.6875,1865806.1499999985,0.2529542288804576,0.0,1.2139492603917033,0.0841244819732012,918286.5625
2023-12-21,925758.625,144.5818842,918286.5625,143.4123701,111.79166666666669,144.5818842,-0.1457715374026804,25.5,143.4123701,118.3,662312.1960448811,134.934,-0.8180460930508957,215.62908330534984,0.0,133.46,39331.25,-0.9172779900000024,1.4375652389850326,3.3022939385367764,6.145552007238617,1101560.2325681795,0.0731574902652888,219.39448305206847,1467253.1788480903,0.0,0.0,58587.0,39875.58122499997,0.1353302524363384,6.230643545952336,3.258630983406352,21027.25,-0.0030531646510895,3.809999999999999,-13.83883464265952,0.0228091739474427,67162.24791593329,-0.1429270680372002,66491.9283462607,-15.846874999999995,0.1709579919465027,139.3357645,4436559.691184737,5363025.050000001,0.0006220994612617,0.0,0.0,0.0,22993.1875,-2792.0,0.0249950148027238,34363.0,2698112.430181253,-18.25,1933955.27,0.2727558866023158,0.0,1.212157887498281,0.087039963955151,943719.0
2023-12-22,937096.2708333334,144.5818842,943719.0,143.4123701,109.27083333333331,144.5818842,-0.1318885338405095,25.5,143.4123701,114.65,615732.0170959737,133.376,-0.7401369413317695,221.4414700594844,0.0,132.51333333333335,20230.25,-0.7643983250000304,1.3583714699233038,3.1203744705016137,6.23040952865278,1170057.7873054678,0.0711657643609121,224.13198124213883,1429132.896801339,0.0,0.0,9407.0,41970.08122499997,0.1200155760431563,7.206485223486042,2.9482851754628925,34012.9375,0.0172771038611601,3.1750000000000007,-12.916683724311,0.0371945271301605,67648.30369641598,-0.1566731141199226,65676.33790810242,-15.418750000000005,0.1634182716828804,139.3357645,4744330.482500479,5809660.050000001,0.0006838839635427,0.0,0.0,0.0,5569.625,15751.0,0.0059068836929736,-15646.0,3014920.6433195327,-20.25,1411854.4499999993,0.3173260741638184,0.0,1.208446530007409,0.0882369722594043,948473.75
2023-12-26,934834.3125,144.5818842,948473.75,143.4123701,108.79166666666669,144.5818842,-0.1193277210937822,25.5,143.4123701,110.4625,574393.8188489755,134.748,-0.6696477088239874,224.91516286614728,0.0,134.78,22585.650000000023,-0.6115186600000015,1.2548098141114208,2.882478464826564,6.331719542779159,1242412.8257790382,0.0716695772409674,226.25703228617567,1335135.8155559578,0.0,0.0,-22559.0,6845.106224999996,0.1093726777995388,8.048329422726017,2.6674961111330937,-6785.875,-0.0214358111750878,2.539999999999999,-12.647832893424235,-0.0073766652002656,67617.07020014845,-0.1640851887705711,66145.09789807968,-15.509375000000006,0.1713753975626041,139.3357645,4898665.484167099,6058935.699999999,0.0026094087825243,0.0,0.0,0.0,-35348.6875,-19880.0,-0.037269020360342,4167.0,3303974.3283076216,-21.1875,1917120.2300000004,0.350569123039723,0.0,1.204590163934426,0.0927709004485008,913125.0625
2023-12-27,911523.6666666666,144.5818842,913125.0625,143.4123701,108.27083333333331,144.5818842,-0.1079631762277131,25.5,143.4123701,108.725,532438.1165028634,136.45999999999998,-0.6058717365550308,226.10416468323967,0.0,138.69333333333336,-14436.800000000048,-0.4586389950000011,1.1201418098635176,2.5731267066720163,6.464316201065572,1306700.8389842084,0.0755333370869559,225.89638567738405,1318725.7460480062,0.0,0.0,-98852.0,-34773.1187750001,0.0972740388352914,8.666853542604374,2.413448862453752,-69931.9375,-0.0474006655354034,1.9049999999999976,-11.4998249988124,-0.0741665410573954,66496.99187741558,-0.1588693957115009,66114.97158695484,-14.543750000000005,0.1755940287920922,139.3357645,4834934.961865474,6040516.25,0.00068163791394,0.0,0.0,0.0,-40152.875,-43018.0,-0.0439730291599569,-37757.0,3537388.782135382,-20.375,3094122.490000002,0.3541498929892113,0.0,1.203083219645293,0.090438297638789,872981.0625
2023-12-28,896721.4791666666,144.5818842,872981.0625,143.4123701,108.27083333333331,144.5818842,-0.0976809689679214,25.5,143.4123701,108.65,494276.24458651664,137.06799999999998,-0.5481696664069489,225.00177252869133,0.0,141.01333333333335,-25517.199999999957,-0.3057593300000292,0.941107360583017,2.1618588486202874,6.315214939875951,1385991.548615822,0.0795782658503732,223.0860872416513,1215051.3097504794,0.0,0.0,-171819.0,-10210.49065000005,0.0890870960055333,9.084270017996763,2.1835965898391088,-44406.5625,0.0097845977314632,1.2699999999999996,-9.38674642749693,-0.0468189683689189,58549.07275504049,-0.1533980582524271,64956.63352447682,-12.509375000000006,0.1866957519129422,139.3357645,5623099.727402095,6874245.550000001,0.0006811736001883,0.0,0.0,0.0,31095.0,8459.0,0.035619691492176,-8647.0,3801322.294681823,-19.75,1498501.869999997,0.2600062960092109,0.0,0.0100002500062501,0.1006960003455029,904067.1875
2023-12-29,902247.8541666666,144.5818842,904067.1875,143.4123701,108.08333333333331,144.5818842,-0.0883780195424037,25.5,143.4123701,108.2375,429186.1080358335,138.45999999999998,-0.495963031511053,221.56958411523985,0.0,139.64666666666668,-13206.199999999952,-0.1528796650000004,0.6836986466331392,1.5705540418897057,5.701399735798093,1413799.2156672482,0.1089601801353874,217.7409268059544,1182510.528304222,0.0,0.0,-96571.0,8460.131224999903,0.0913244811090351,9.468489986876753,1.9756350098544324,16579.125,0.0305986040933308,0.634999999999998,-9.963008672497224,0.0181564669297422,50808.092095060325,-0.110305541170378,57495.92407352469,-13.099999999999994,0.2217596641056833,139.3357645,5655766.848601896,6912804.050000001,0.0006188271986931,0.0,0.0,0.0,25637.0,26712.0,0.0283574056823072,18688.0,4009916.279719213,-13.3125,2248881.8599999994,0.2357621919857009,0.0,0.0099309207649933,0.0961674168393874,929704.1875
2024-01-02,921397.0208333334,144.50066184,929704.1875,143.4123701,108.02083333333331,144.5818842,-0.4473955510145515,25.5,143.4123701,107.975,445156.779412875,141.01999999999998,-0.0893006618433389,215.76387196911728,0.3972622999999942,140.11333333333334,-12473.099999999977,0.3773991850000016,0.0888305507567573,0.4001982761769727,4.483931398835576,1420399.4305402052,0.1079801026292661,209.71526231636372,1163019.0738800347,-0.4061117999999908,-4.899999999999999,-56244.0,3324.343724999926,0.0856680005250457,9.69649624728904,-2.6458540387031317,57447.5,0.0173992684171155,-4.654999999999998,-8.731412608449872,0.0658067929569634,44018.88052146968,-0.1537328094302553,49559.66007321184,-11.762500000000005,0.2007408928014347,139.3357645,4794281.624925524,5994237.649999999,0.0026840490797546,-0.192156862745098,-0.0028088705735651,0.0027700699718091,715.5,15654.0,0.0007695996313881,6893.0,4105754.1231794218,-19.5625,1732098.1499999985,0.2190511971576823,-0.4061117999999908,0.0119463723972637,0.0942638362380073,929704.1875
2024-01-03,944178.5208333334,144.41943948,929704.1875,143.4123701,107.6875,144.5818842,-0.4047864509179248,25.5,143.4123701,107.9875,430125.5850178743,140.828,-0.0807958369058781,207.29772995621636,0.3972622999999942,141.0466666666667,18224.75,0.3575360699999805,0.1222747559604284,0.5508706873343809,4.480419946246862,1408715.6476851052,0.1314924531961596,198.5499879223053,1150158.8947520775,-0.4061117999999908,-4.899999999999999,31567.0,40204.218724999926,0.0866535895001018,9.779432212961078,-2.393867939779025,68344.5,0.0095471990403639,-4.409999999999997,-7.617111407645126,0.0755967044761261,42984.62534499933,-0.1619786614936954,43730.2555347289,-10.431250000000006,0.2016561439597343,139.3357645,4091650.565408811,5168328.6000000015,0.0006167889964843,-0.192156862745098,-0.0028088705735651,0.0027700699718091,41992.0,8739.0,0.0451323209989578,35768.0,4092315.694390207,-20.875,1363576.2800000012,0.1798469636686441,-0.4061117999999908,0.0106151028493826,0.0876209264800163,995912.9375
2024-01-04,969207.0416666666,144.33821712,995912.9375,143.8096324,108.1875,144.5818842,-0.3662353603543238,20.6,143.4123701,108.1875,401163.7045144637,140.176,-0.073100995295789,195.91911464401616,0.3972622999999942,141.55333333333334,44034.84999999998,0.3376729550000164,0.1455360697214884,0.6556672644956646,4.2897041978734505,1391774.7898183283,0.1676876685892649,183.6694170822024,1104140.8361291594,-0.4061117999999908,-4.899999999999999,67019.0,64612.00934999995,0.0820169428678618,9.703962561317583,-2.165880516942927,75085.5625,0.0522959984243891,-4.164999999999996,-6.100005559297969,0.0807628528617334,40759.4385013704,-0.0659517426273458,44193.08006193015,-8.578125,0.1908493105163925,137.5460234,3813734.797274638,4751671.550000001,0.0007396905627812,-0.192156862745098,-0.0028088705735651,0.0027700699718091,32378.0625,48326.0,0.0332966611942331,32210.0,4039155.6307547977,-7.6875,1486348.0,0.1590251916437708,-0.4061117999999908,0.0106700864065341,0.0890007012361534,1004789.75
2024-01-05,1010860.8541666666,144.25699476,1004789.75,143.8096324,108.10416666666669,144.1757724,-0.331355802225346,20.6,143.8096324,107.875,408196.6813718171,140.066,-0.0661389957437847,180.9911471308397,0.3972622999999942,139.42333333333335,92095.5,0.3178098399999953,0.1630330079527904,0.7344942497773153,4.292353544077931,1331309.778631942,0.1814295929176569,163.99546432752413,1049467.7687070672,-0.4061117999999908,-4.899999999999999,126669.0,106697.84684999996,0.0890088359242751,9.612643191562624,-1.959606181995984,124961.4375,0.0312809796670547,-3.919999999999998,-6.819647886983887,0.1343065276657744,46097.96337080523,-0.0177142857142856,41851.3259164722,-8.984375,0.191392072311125,137.5460234,3466743.435629435,4245302.449999999,0.0006159531875578,-0.192156862745098,-0.0028088705735651,0.0027700699718091,50591.375,30418.0,0.0503502100812631,56630.0,3937373.6718645287,-1.9375,1229177.3900000006,0.1408671050608863,0.0,0.0106005748199022,0.0875918199762244,1055381.125
2024-01-08,1055028.0416666667,144.1757724,1055381.125,143.8096324,108.02083333333331,144.1757724,-0.299798106775313,20.6,143.8096324,107.95,423136.5769573147,140.33,-0.0598400437681618,161.56137205327667,0.3972622999999942,138.8166666666667,125704.84999999998,0.2979467249999743,0.1764884081792704,0.7951133490505575,4.274636949803047,1247276.6053800571,0.1596842834721468,137.57602312807668,984423.8038228452,-0.4061117999999908,-4.899999999999999,135626.0,145709.42497499997,0.0912121181748082,9.4146224104626,-1.7729770218058896,132501.5625,0.0485226808132983,-3.674999999999997,-5.8874195167949495,0.1362607671249323,56023.4965961369,-0.0154197601370645,46894.11344585252,-7.674999999999997,0.1989790812320537,137.5460234,2581856.1084266305,3153590.850000001,0.0019698368728839,-0.192156862745098,-0.0028088705735651,0.0027700699718091,49532.125,48660.0,0.0469329267187719,43320.0,3754898.332542754,-1.6875,1267.699999999255,0.0899574682015968,0.0,0.0119617522350572,0.0909861169620839,1105339.625
2024-01-09,1073625.1666666667,144.1757724,1105339.625,143.8096324,107.97916666666669,144.1757724,-0.2712459061300478,20.6,143.8096324,108.1625,439116.8179749921,138.766,-0.0541409919807165,135.71276379778007,0.3972622999999942,137.76333333333332,135777.90000000002,0.2780836100000101,0.1867777749319576,0.8414688742779437,4.264959400064723,1165564.435998755,0.1085806601986271,101.03048909793851,943637.3200924192,-0.4061117999999908,-4.899999999999999,170332.0,95439.73747499996,0.098682728748276,8.933908461291866,-1.604122067348186,55791.375,0.0070186116843717,-3.429999999999996,-4.421950991385913,0.0555254221094512,60220.8309335477,-0.0022935779816514,56574.975556156176,-5.650000000000006,0.1966841129489958,137.5460234,2215733.955243144,2537571.5,0.0006143638262579,-0.192156862745098,-0.0028088705735651,0.0027700699718091,-44332.125,7380.0,-0.040122720041596,19060.0,3465824.6824199595,-0.25,-103046.5399999991,0.0585732513133414,0.0,0.011891448594647,0.0961625726844773,1060581.125
2024-01-10,1078639.875,144.1757724,1060581.125,143.8096324,107.97916666666669,144.1757724,-0.2454129626891017,20.6,143.8096324,108.05,474587.7585445858,138.05599999999998,-0.0489847070301721,98.69394646823164,0.3972622999999942,137.6966666666667,80062.09999999998,0.2582204949999891,0.1944044717664036,0.8758285725965602,3.7450249103226776,1035589.2706952476,0.0768009106802188,58.34063026516856,843486.2574873851,-0.4061117999999908,-4.899999999999999,115075.0,100603.7562249999,0.1035596806841166,8.349639405821204,-1.4513485371245487,15044.125,-0.010992850869323,-3.1849999999999987,-5.18831280173012,0.0142546845339877,64650.7141268842,-0.0046323103647943,60640.19094188196,-5.878124999999997,0.1664642864761561,137.5460234,2424286.8642676063,2489651.6499999985,0.0007367839381102,-0.192156862745098,-0.0028088705735651,0.0027700699718091,9844.125,-11640.0,0.0092818217936887,-51090.0,3075355.1046414315,-0.5,414303.0799999982,0.0511200290348998,0.0,0.010001487209994,0.1131049284355151,1070425.25
2024-01-11,1058310.125,144.1757724,1070425.25,143.8096324,108.45833333333331,144.1757724,-0.2220402995758661,20.6,143.8096324,108.1125,498944.6901958438,137.632,-0.0443194968368061,5.083624354676091,0.3972622999999942,137.0566666666667,100334.09999999998,0.2383573799999965,0.1996738403606672,0.8995680654804312,3.6718995514283246,880645.6660058673,0.0713709361448363,7.997784479417456,703225.2996302188,-0.4061117999999908,-4.899999999999999,177012.0,72407.39997499995,0.1161323715841626,7.610415300930487,-1.3131248669222124,-60989.25,-0.0046981083429619,-2.9399999999999977,-3.110854439660585,-0.0551982248380132,66186.42927345097,0.0121668597914252,64972.33606662423,-3.174999999999997,0.1869682202275985,137.5460234,2230028.9724325947,2029663.0500000007,0.0006135345726732,-0.192156862745098,-0.0028088705735651,0.0027700699718091,-26501.25,-4920.0,-0.0247576839204792,24180.0,2566493.887265314,1.3125,-1131772.440000001,0.0383141587994819,0.0,0.0099327495881997,0.0926673181331545,1038358.25
2024-01-16,1057372.9166666667,144.1757724,1038358.25,143.8096324,107.75,144.1757724,-0.2008936043781659,20.6,143.8096324,107.95,519975.0538017506,137.20999999999998,-0.0400985923761538,5.240218356286504,0.3972622999999942,136.83,70154.09999999998,0.2184942650000039,0.2027697434365939,0.913515688943338,3.434750584676785,852748.0235346456,0.064849425331915,8.152640579672118,680064.3944348835,-0.4061117999999908,-4.899999999999999,154619.0,83538.609375,0.1102062254198238,6.650456924350142,-1.1880653557867653,-2811.625,-0.0124627030346058,-2.6949999999999967,-5.133034969216709,-0.002651023041731,68634.25013899173,-0.021788990825688,66172.03118556958,-4.631249999999994,0.1657848356811752,137.5460234,3195689.5941056795,2912998.25,0.0033110552455697,-0.192156862745098,-0.0028088705735651,0.0027700699718091,13845.5,-12990.0,0.0132629386813598,-31040.0,2376611.427421965,-2.375,-1143667.91,0.0345486536321615,0.0,0.0125869452214162,0.1077279075688432,1057769.5
2024-01-17,1075301.9583333333,144.1757724,1057769.5,143.8096324,108.16666666666669,144.1757724,-0.1817608801516712,20.6,143.8096324,108.1375,571461.6941195762,136.66199999999998,-0.0362796788164985,5.32381442205776,0.3972622999999942,136.49333333333337,123248.09999999998,0.1986311499999828,0.2037912599442584,0.9181178122206208,3.4259877945508257,841540.0485234716,0.0780675729173336,8.568860392217681,627871.8529674754,-0.4061117999999908,-4.899999999999999,193891.0,143313.33437499998,0.1304427047869481,6.286129127523539,-1.0749162742832643,53787.125,0.0276396067306572,-2.4499999999999997,-2.778103067386553,0.0502483709161383,76375.64116180125,0.0122235157159487,68593.9369333143,-1.96875,0.1662623312755804,137.5460234,2940832.2994289477,2598726.100000001,0.0006111348774675,-0.192156862745098,-0.0028088705735651,0.0027700699718091,66442.875,28450.0,0.0628141338921193,57960.0,2223529.4607216907,1.3125,-1287706.9499999993,0.0177359809020603,0.0,0.012579160894518,0.1149844535021317,1124212.375
2024-01-18,1105206.5416666667,144.1757724,1124212.375,143.8096324,108.125,144.1757724,-0.1644503201372344,20.6,143.8096324,108.2,568791.8647735692,136.91400000000002,-0.0328244713101639,5.3472494405496365,0.0,136.5666666666667,149238.40000000002,0.1787680349999902,0.2027697434366275,0.913515688943368,3.407429807747628,785875.3463959405,0.1051806625249455,8.83390851985162,595164.3239671447,0.0,0.0,221238.0,142339.71875,0.1945939837040489,4.928121297516058,-0.9725432957800956,89713.75,0.062811386218176,-2.2049999999999983,-2.1742361085878343,0.0859389668213395,82381.10617615948,0.0127684271619268,76301.48773818412,-0.6843750000000028,0.1579983882836152,137.5460234,1478381.2232928574,993253.25,0.0007329139436877,0.0,0.0,0.0,9425.375,66440.0,0.0083839808292449,34240.0,1945464.442117727,1.375,-1339591.66,-0.0092005964254492,0.0,0.0106087707395299,0.1048825683575743,1133637.75
2024-01-19,1144241.8333333333,144.1757724,1133637.75,143.8096324,108.5625,144.1757724,-0.1487883848860747,20.6,143.8096324,108.3,552151.7132971445,136.974,-0.0296983311853864,5.393139379705746,0.0,137.30333333333337,155458.05000000005,0.1589049200000261,0.1996738403607375,0.8995680654804905,3.362922092465148,726907.079991212,0.093424101329654,9.216159435312948,603386.57467501,0.0,0.0,203440.0,170927.41874999995,0.254498577555263,2.01195031721768,-0.8799201247534185,117105.875,0.0083881125412512,-1.9599999999999973,-2.9850231458651706,0.1107102019863495,90212.38641597888,-0.0005787037037037,82200.27524099128,-0.7625000000000028,0.1628558018094895,137.5460234,1157463.0115506798,541708.450000003,0.0006103143118705,0.0,0.0,0.0,41237.625,9430.0,0.0363763689062048,17970.0,1672717.2668888085,-0.0625,-1471633.8299999982,-0.0071768295050983,0.0,0.0106022313998643,0.1059858827391702,1174875.375
2024-01-22,1176157.625,144.1757724,1174875.375,143.8096324,108.45833333333331,144.1757724,-0.1346180625159831,20.6,143.8096324,108.1375,526169.6062467858,138.04000000000002,-0.0268699186915171,5.4839743560081295,0.0,139.35333333333335,189630.1,0.139041805000005,0.194404471766511,0.8758285725966529,3.4354913844487625,669552.758313357,0.1016833893341065,9.384678596983894,635722.5184192718,0.0,0.0,219740.0,200736.84687500005,0.2822591823350797,0.7896001132349888,-0.7961182081102365,95747.375,0.0363783917292968,-1.715,-2.304901893878011,0.0851684051245211,99634.56510149848,-0.0045924225028702,89922.644226541,0.0843749999999943,0.2026956301255722,137.5460234,1069546.2009268068,344471.049999997,0.0020738029887161,0.0,0.0,0.0,45084.375,41240.0,0.0383737509180495,48510.0,1405018.6338857831,-0.5,-1872934.9599999967,-0.0099853862607919,0.0,0.0119494918386202,0.1190824849749194,1219959.75
2024-01-23,1200434.5416666667,144.1757724,1219959.75,143.8096324,108.39583333333331,144.1757724,-0.1217972946573127,20.6,143.8096324,108.5875,508654.0196549298,136.258,-0.0243108788161237,5.506050165187946,0.0,135.73666666666665,191053.6499999999,0.1191786900000124,0.1867777749321055,0.8414688742780758,4.241223104370107,611735.0216606809,0.0963111429679546,9.495748785654952,679692.5440487787,0.0,0.0,179860.0,172917.71875,0.2948575440571195,0.7608521343859479,-0.7202974263854536,72830.75,0.0135247855100095,-1.4699999999999989,-1.6330064754134384,0.0642451700289621,105057.92134211812,0.0133798720186155,99235.9196371553,0.609375,0.2232898548433043,137.5460234,1156632.419886157,345700.049999997,0.0006086797735711,0.0,0.0,0.0,-13491.25,15890.0,-0.0110587664879927,16750.0,1123899.7585160208,1.4375,-1867247.629999999,-0.0045105695917782,0.0,0.011942136041859,0.1325257462176906,1206468.5
2024-01-24,1226029.3333333333,144.1757724,1206468.5,143.8096324,108.75,144.1757724,-0.110197552308989,20.6,143.8096324,108.65,491485.1244737204,134.506,-0.0219955570240983,5.456275961581825,0.0,132.38,188541.3500000001,0.0993155749999914,0.1764884081794679,0.795113349050733,4.557119906486492,560600.0564131305,0.0949440266259515,9.535132212825266,722189.0583863726,0.0,0.0,148220.0,202671.1875,0.3106706340326887,0.7310939442151546,-0.6516976714916005,76784.375,0.0131847460046861,-1.224999999999998,-1.3643868110883517,0.065355336092562,113391.35167505709,0.0116009280742459,104464.1591335942,0.7562499999999943,0.1960826528242227,137.5460234,1208527.951325573,351567.549999997,0.0006083095078777,0.0,0.0,0.0,45191.25,15700.0,0.0374574636635767,11680.0,889450.2051898453,1.25,-1051150.5,0.0185125044196821,0.0,0.0105670578116361,0.1552951725891279,1251659.75
2024-01-25,1247689.2083333333,144.1757724,1251659.75,143.8096324,108.39583333333331,144.1757724,-0.0997025473271833,20.6,143.8096324,108.3,450830.3725293443,133.128,-0.0199007420694101,5.345579851417807,0.0,128.38,214597.25,0.0794524599999988,0.1630330079530465,0.7344942497775409,4.605495687361566,482316.5881147551,0.1026768108193841,9.412430680544688,750636.579235768,0.0,0.0,172350.0,219127.53125,0.3284651922441561,0.7365780923901533,-0.5896312265876382,64979.625,0.0374563810123749,-0.9800000000000004,-2.761230924318028,0.0532637449719139,122303.2203833013,-0.0132183908045977,112748.92413138044,-0.8468749999999972,0.1967787695498641,137.5460234,1075226.2416755185,199570.75,0.0007295276308589,0.0,0.0,0.0,33279.625,45190.0,0.0265883959278869,43190.0,706186.7732050556,-1.4375,-774182.6699999981,0.0218859674919646,0.0,0.0106833671025969,0.171346521113349,1284939.875
2024-01-26,1263406.25,144.1757724,1284939.875,143.8096324,106.29166666666669,144.1757724,-0.0902070666293468,20.6,143.8096324,107.225,434417.7935441132,130.75799999999998,-0.0180054333008854,5.313436889571928,0.0,128.13666666666668,194242.0,0.0595893450000062,0.1455360697218213,0.6556672644959594,5.134110285243486,441711.34459895466,0.1088066710888386,9.192581734618347,779666.1121585346,0.0,0.0,219830.0,170783.0531250001,0.2561741918423765,1.4534830840648878,-0.5334758716745291,47151.125,-0.0091798092133646,-0.7349999999999994,-6.795875598192495,0.0390819362461598,123621.9105901795,-0.0453752181500872,121579.37850649536,-5.328125,0.1854788403390171,137.5460234,1118309.4567540362,253953.1499999985,0.0006074965068951,0.0,0.0,0.0,-31319.75,-11490.0,-0.0243744962675768,-3610.0,573672.870272833,-4.875,-1289257.009999998,0.0128425087339492,0.0,0.0105527946499783,0.2129108794872493,1253619.625
2024-01-29,1264055.6666666667,144.1757724,1253619.625,143.8096324,104.75,144.1757724,-0.0816159174265465,20.6,143.8096324,106.425,392923.9003623423,130.57999999999998,-0.0162906301293617,5.325338239862173,0.0,132.81,142197.3999999999,0.0397262299999852,0.1222747559608838,0.5508706873347862,5.079670627530968,446144.24359846703,0.1011360519149169,8.828614288971373,738243.8096503478,0.0,0.0,160480.0,151739.63749999995,0.1965935071938522,1.6525343126876766,-0.4826686458007643,1948.25,-0.0210777554690082,-0.4899999999999984,-4.508768398364637,0.0015565332351703,118818.924269849,-0.0440755580995992,122777.04949478664,-3.340625000000003,0.1809521039802853,137.5460234,1935547.603729844,1139727.049999997,0.0020642341084331,0.0,0.0,0.0,-11.625,-26140.0,-9.273147746124977e-06,-35170.0,536566.6024345343,-4.8125,-432813.44999999925,0.0411156219594905,0.0,0.012017904224661,0.2002343299518283,1253608.0
2024-01-30,1258120.4166666667,144.1757724,1253608.0,143.8096324,104.91666666666669,144.1757724,-0.0738429729097447,20.6,143.8096324,106.2125,330199.22877616785,131.85399999999998,-0.0147391415455899,5.272875251849871,0.0,133.61333333333334,143785.94999999995,0.019863115000021,0.0888305507574623,0.400198276177602,5.122431679952389,490461.1327888367,0.109853403456059,8.418890085007092,722913.8074523732,0.0,0.0,211410.0,147111.94062500005,0.179623387298754,1.6250632578795592,-0.4367002033435483,-17805.75,0.0326021597489354,-0.2449999999999974,-0.9692428366156208,-0.0138572685579037,114670.52087201028,0.0111371629542789,117790.52569718464,0.15625,0.1948720041401107,137.5460234,2368808.355755575,1722003.0,0.0006058770069676,0.0,0.0,0.0,13525.625,39580.0,0.0107893575982285,19890.0,671046.6777868123,1.1875,640003.6999999993,0.0224027457415405,0.0,0.0092892501375054,0.1486324062450769,1267133.625
2024-01-31,1260434.75,144.1757724,1267133.625,143.8096324,106.60416666666669,144.1757724,-0.0668103088231077,20.6,143.8096324,105.9375,341405.3258906197,132.628,-0.0133354137793446,5.149805821632412,0.0,135.49666666666667,127463.8999999999,0.0,0.0,0.0,5.212679152543235,550469.329037242,0.0988461801067851,7.83452714122492,704028.9292052846,0.0,0.0,154550.0,123998.01875000005,0.1801605854198808,1.6237469865470588,-0.3951097077870216,6943.0,-0.0188256315760084,0.0,-1.0465768521760452,0.0055383625635248,109519.25566715172,-0.0097757331799884,113456.06438949308,-0.0437500000000028,0.2075641956618938,137.5460234,2282939.893302664,1799789.450000003,0.0006055101422948,0.0,0.0,0.0,-6571.0,-23600.0,-0.0051857198564989,1100.0,789450.2295374712,-1.0625,1083401.3599999994,0.025137816948441,0.0,0.0092835766200451,0.1365368663044945,1260562.625
2024-02-01,1276721.125,144.12380318,1260562.625,143.8096324,107.47916666666669,144.1757724,-0.2955462746494959,20.6,143.8096324,105.875,318283.0558222023,132.962,-0.0943397172289337,5.124910782329353,-0.0909347999999852,132.35000000000002,132778.0,-0.0863880599999902,0.020333639378282,0.8740345193756448,4.907209384911036,542747.108351756,0.1124038207686782,7.395515195054033,756968.7608457843,-0.2598461000000043,-7.400000000000002,143880.0,147300.1468750001,0.1823463680789509,1.6305919725443014,-7.052718307045403,48859.125,0.017089291956976,-7.030000000000001,-1.5123790567307085,0.0389748031282506,104125.89376364664,-0.0189111747851002,108104.98594351987,-0.6343750000000057,0.2119658747810939,137.5460234,421787.2367976457,-20622.60000000149,0.0007261724659606,-0.3592233009708738,-0.00180228685912,-0.0006323276019999,41904.5,21020.0,0.0332426958954141,23570.0,789180.0937820947,-2.0625,1969102.41,0.0113937482680228,-0.2598461000000043,0.0092767775404334,0.1344520160212439,1302467.125
2024-02-02,1293078.0833333333,144.07183396,1302467.125,143.8096324,106.25,144.1757724,-0.2673990103971562,20.6,143.8096324,106.1875,292543.8062254725,134.55,-0.0853549822547563,5.047800459032131,-0.0909347999999852,132.63,138065.5,-0.0818413199999668,0.0279891408362831,1.2031036241430884,4.7323450012141866,541484.1066136131,0.1100152645826514,7.201945278169646,779240.0651128674,-0.2598461000000043,-7.400000000000002,148810.0,143847.8812500001,0.2001162115490674,1.8056785200494605,-6.3810308492315535,49070.875,0.0359383867693021,-6.660000000000004,-3.9695334322801727,0.0387258881240721,100688.61473122454,-0.0353213665315575,102385.7679610078,-3.315624999999997,0.2117856967840746,137.5460234,61910.35710263252,-373569.200000003,0.000604704601802,-0.3592233009708738,-0.00180228685912,-0.0006323276019999,13737.375,44960.0,0.0105471951931224,22900.0,789383.8898811763,-3.8125,1801859.4399999976,0.006989139682046,-0.2598461000000043,0.0092711192436718,0.1344627339893918,1316204.0
2024-02-05,1288473.2083333333,144.01986474,1316204.0,143.7186976,106.22916666666669,144.1757724,-0.2419324379783916,13.2,143.8096324,106.825,252113.3788390169,131.55,-0.0772259363257319,5.021123799613793,-0.0909347999999852,131.01333333333335,129777.5,-0.0772945800000002,0.0333137410234448,1.4319797373224732,4.959240683601213,536339.775741456,0.0915948974977104,6.854852507167043,797407.0989638983,-0.2598461000000043,-7.400000000000002,108420.0,62293.46875,0.1850254312224065,1.7743836958236647,-5.773313625495213,-13814.625,-0.0439741047384625,-6.290000000000003,-0.4813635815868196,-0.0109590945550999,93795.4038706242,-0.0074971164936562,101054.35962927512,0.1875,0.2313920761199531,133.6372222,-286269.0578595251,-726376.6499999985,0.002054753127455,-0.3592233009708738,-0.00180228685912,-0.0006323276019999,-69456.5,-56990.0,-0.05277029519349,8120.0,805679.656020672,-0.8125,2128718.2300000004,-0.0046840399066034,-0.2598461000000043,0.0092519325582809,0.1368676301191843,1260997.0
2024-02-06,1259863.8333333333,143.96789552,1260997.0,143.7186976,106.58333333333331,143.9159263,-0.2188912534090263,13.2,143.7186976,106.875,218743.49154656107,130.44,-0.0698710852470867,4.927311106208418,-0.0909347999999852,129.41,61063.0,-0.0727478399999768,0.0373188544711345,1.6041381655231342,5.125906826061558,506375.6887015755,0.0757972651174862,6.245920163153627,855712.6025887446,-0.2598461000000043,-7.400000000000002,33630.0,24121.574999999957,0.1850440018989912,1.781033574110862,-5.223474232590906,-85828.125,-0.0185391444713478,-5.920000000000002,0.0168615214214469,-0.0658965768521796,88920.32763662295,-0.0074626865671642,94772.7800286888,0.65625,0.2194523563798504,133.6372222,230063.70955567065,-186452.1499999985,0.000603099933659,-0.3592233009708738,-0.00180228685912,-0.0006323276019999,-30109.0,-22970.0,-0.0241500287147041,-58040.0,805522.4112827969,-0.8125,2602571.4899999984,0.0048910538773148,0.0,0.0092463045197395,0.1371810692294797,1215654.0
2024-02-07,1206064.0,143.9159263,1215654.0,143.7186976,107.8125,143.9159263,-0.1980444673700674,13.2,143.7186976,106.9125,198831.1223157231,130.23999999999998,-0.0632166961759423,4.883150406782543,-0.0909347999999852,128.31333333333336,-5158.0,-0.0682010999999818,0.0403988450198146,1.7365305031538043,5.016614396183036,485403.99648778193,0.0667399384349784,5.998857698303066,898847.1949882451,-0.2598461000000043,-7.400000000000002,-38800.0,-40207.01249999995,0.184647670893084,1.7817231596878362,-4.726000496153677,-161399.5,-0.0573258883415704,-5.550000000000001,-0.2109348139520221,-0.1226249416409076,87012.68657020501,-0.010894495412844,89894.32603145247,0.4031250000000028,0.2101286053573751,133.6372222,-617973.4532591552,-1085165.950000003,0.0007232837080344,-0.3592233009708738,-0.00180228685912,-0.0006323276019999,-61834.0,-69710.0,-0.0508236214686526,-60750.0,823147.0183345642,-1.1875,2164370.0600000024,-0.0264070130995969,0.0,0.0093622712626906,0.1382256960672317,1152887.0
2024-02-08,1163117.3333333333,143.9159263,1152887.0,143.7186976,108.25,143.9159263,-0.1791830895253099,13.2,143.7186976,107.2875,197103.0666486669,129.81199999999998,-0.0571960584449016,4.782410205006021,-0.0909347999999852,129.45333333333335,-58620.0,-0.0636543599999868,0.0427541188737295,1.8377711421690055,5.02342554543384,458058.9992261224,0.0669772893303413,5.721182501092473,918825.1360449516,-0.2598461000000043,-7.400000000000002,-133510.0,-79970.35624999995,0.1849817328111357,1.786885130723177,-4.275905210805707,-128840.0,-0.0262666620140973,-5.180000000000003,0.7704637397576874,-0.1033408515594169,83212.4710917873,0.0145602795573676,88066.28510465179,1.4593749999999943,0.2102838736458394,133.6372222,-734039.1719963774,-1261103.450000003,0.0006023007890141,-0.3592233009708738,-0.00180228685912,-0.0006323276019999,-36897.0,-30110.0,-0.03195084884461,-51520.0,847173.659105213,1.5625,1728802.2399999984,-0.0313847230895897,0.0,0.0092339469048052,0.1353619941083215,1115905.0
2024-02-09,1140657.6666666667,143.9159263,1115905.0,143.7186976,107.8125,143.9159263,-0.1621180333800396,13.2,143.7186976,107.8125,199006.6346140595,129.664,-0.0517488147834797,4.639918329646423,-0.0909347999999852,131.33666666666667,-75485.5,-0.0591076199999918,0.0444998978003262,1.9128128507265492,4.919357333934826,435169.8964278595,0.0687020879941268,5.027467710411362,923366.143811564,-0.2598461000000043,-7.400000000000002,-142920.0,-52560.09375,0.1938232420909303,1.7930444009251576,-3.8686761431099264,-67379.0,-0.007167110131606,-4.809999999999999,-1.2255328068859086,-0.0553812593546647,78596.46970112897,0.040828762949421,84404.7210088587,-0.6312499999999943,0.2127867545465012,133.6372222,-639642.3937110081,-1194808.200000003,0.0007223258893638,-0.3592233009708738,-0.00180228685912,-0.0006323276019999,31352.0,-8000.0,0.028045241647792,-13020.0,886341.4812716275,4.1875,1488589.379999999,-0.0350546606433842,0.0,0.0093497662558437,0.1323337407655158,1128510.875
2024-02-14,1124249.2083333333,143.9159263,1128510.875,143.7186976,106.1875,143.9159263,-0.1466782206771881,13.2,143.7186976,106.8875,194862.98042438467,131.426,-0.0468203562326721,4.628888123911063,-0.0909347999999852,132.99,-82520.5,-0.0545608799999968,0.0457060756316543,1.9646599912274831,4.852962090581647,399063.9640489575,0.0711847402987348,4.657730981392074,923709.5569144124,-0.2598461000000043,-7.400000000000002,-112380.0,-99323.25,0.1932242299106659,1.99494632891915,-3.500230796147076,-49225.375,-0.0127863852518926,-4.440000000000001,-4.558220158611064,-0.0426265689878377,73093.91094919678,-0.0137724550898203,80699.5393650821,-4.131249999999994,0.2133065791841054,133.6372222,-760276.3085956722,-1344184.700000003,0.0032481203007519,-0.3592233009708738,-0.00180228685912,-0.0006323276019999,-43680.375,-14170.0,-0.0380073917129283,-4630.0,937085.302538504,-1.4375,699525.5300000012,-0.0679162914313669,0.0,0.0105422599212361,0.136589640137063,1105579.625
2024-02-15,1116197.0833333333,143.9159263,1105579.625,143.7186976,106.0625,143.9159263,-0.1327088663269933,13.2,143.7186976,106.975,194468.3950084392,133.56,-0.0423612746866979,4.764045605034016,-0.0909347999999852,135.65666666666667,-105620.0,-0.0500141400000018,0.0464147392203192,1.9951216525979565,4.962159546851757,399272.5385662249,0.0694075833894087,4.562676845918824,911337.5955136312,-0.2598461000000043,-7.400000000000002,-152420.0,-112950.35624999995,0.2090658188675229,2.016930804074818,-3.1668754822283063,-24156.375,-0.0241033234616649,-4.070000000000004,0.9086341422090384,-0.0216085536555781,69643.19259090703,0.0063768115942028,74750.99101564536,1.3375000000000057,0.207278495540778,133.6372222,-261563.3268246576,-780174.75,0.000743449847113,-0.3592233009708738,-0.00180228685912,-0.0006323276019999,-11828.0,-26370.0,-0.010698460547335,-20150.0,926418.6812760974,0.6875,276966.8900000006,-0.072405654187491,0.0,0.0106811989100819,0.1342795816025005,1093751.625
2024-02-16,1088233.2916666667,143.9159263,1093751.625,143.7186976,106.4375,143.9159263,-0.1200699266768197,13.2,143.7186976,106.9875,173598.65649068033,134.674,-0.0383268675736871,4.836689167787433,-0.0909347999999852,136.66333333333333,-123313.0,-0.0454673999999784,0.0466485681020402,2.0051727069034024,4.950810247348826,400517.912179106,0.0716878773256407,4.32855789164673,918091.7216857668,-0.2598461000000043,-7.400000000000002,-172090.0,-138391.16874999995,0.2171808213780559,1.992633947654948,-2.8652682934446574,-83891.375,-0.0249515299671246,-3.6999999999999993,0.2566213667605694,-0.072995993073804,74392.54501230031,0.0023228803716608,71395.5544951941,0.7531249999999972,0.2084152395598347,133.6372222,-405379.7718889788,-861773.200000003,0.0005751464826195,-0.3592233009708738,-0.00180228685912,-0.0006323276019999,-28383.0,-26640.0,-0.0259501328740883,-18570.0,910226.382703921,0.25,-1414346.5299999977,-0.0813362382383198,0.0,0.0106505295007564,0.0942949818772154,1065368.625
2024-02-19,1077127.0833333333,143.9159263,1065368.625,143.7186976,108.25,143.9159263,-0.1086346955647457,13.2,143.7186976,106.8875,222587.55355410744,136.56199999999998,-0.0346766897095278,4.969407356437425,0.0,138.01333333333332,-138033.0,-0.0409206599999834,0.0464147392202935,1.9951216525979871,5.071746714578032,405734.98143945966,0.0681288848224937,4.267751904231896,909681.6353919408,0.0,0.0,-213880.0,-128429.95625000005,0.2170626404919728,1.963105421199198,-2.59238559883088,-33318.625,0.0140918129160543,-3.3299999999999983,0.6845621889738567,-0.0301367936298573,78585.26739547084,0.0128504672897196,76012.29610327868,1.2874999999999943,0.2036989640832844,133.6372222,192005.15876711905,-235509.04999999705,0.0020358062391474,0.0,0.0,0.0,6892.375,14670.0,0.0064694743568218,-18220.0,911760.4257474652,1.375,-1730290.6099999994,-0.0162035896329522,0.0,0.0119731511156799,0.0925017403413536,1072261.0
2024-02-20,1065781.7083333333,143.9159263,1072261.0,143.7186976,108.35416666666669,143.9159263,-0.0982885340823997,13.2,143.7186976,107.3,217557.16126768888,136.206,-0.0313741478324232,5.030473871212565,0.0,135.7466666666667,-136228.0,-0.0363739199999884,0.0457060756316006,1.9646599912275453,4.959760685015211,399848.1144212196,0.0713484802492763,4.3180825118603,891142.5586421792,0.0,0.0,-239510.0,-135217.4624999999,0.2099224981413368,1.9925746205414472,-2.3454917322755566,-34036.125,-0.0036468693757696,-2.960000000000001,1.0151991233572917,-0.0311186966236507,84567.56438364438,0.0450180072028811,80097.30378427508,1.6812500000000057,0.2465782147203866,133.6372222,1081355.2865035832,716223.25,0.0005975500448163,0.0,0.0,0.0,-12545.5,-3850.0,-0.0117000431797855,-2730.0,925173.6193909358,4.6875,-1309733.809999999,0.0226651188371758,0.0,0.0119659152716504,0.1082573174489994,1059715.5
2024-02-21,1057162.75,143.9159263,1059715.5,143.7186976,108.29166666666669,143.9159263,-0.0889277213126433,13.2,143.7186976,108.25,205491.37271054217,135.43,-0.0283861337531448,5.138107782002988,0.0,134.25000000000003,-149588.0,-0.0318271799999934,0.0444998978002428,1.9128128507266475,4.383160689681588,401924.3637699619,0.0746671103433039,4.216697229657724,851085.0474254787,0.0,0.0,-269020.0,-146398.8125,0.2141345603684344,1.9758487308601536,-2.1221115672969315,-25856.875,-0.0122926272757522,-2.5900000000000016,-0.0993436502957791,-0.0242703552491044,91128.34359963652,0.0011621150493899,85934.23917615107,0.5906250000000028,0.207833297770839,133.6372222,354462.44969371706,10909.95000000298,0.000716631830397,0.0,0.0,0.0,-20203.75,-12930.0,-0.0190652585528852,-21390.0,922690.3408975396,0.125,-1252094.3000000007,0.0138594564534921,0.0,0.0106145588323987,0.1039309645636408,1039511.75
2024-02-22,1058419.0833333333,143.9159263,1039511.75,143.7186976,108.29166666666669,143.9159263,-0.0804584145209617,13.2,143.7186976,108.225,206137.4520737375,134.096,-0.0256826924433255,5.190589054950837,0.0,131.5466666666667,-116913.5,-0.0272804399999984,0.0427541188736153,1.8377711421691412,4.191022830814938,404469.3894051188,0.0741203256902366,3.99095503677392,820058.439279986,0.0,0.0,-185920.0,-103358.63749999995,0.217372987668926,1.9552219006869505,-1.9200057037448417,3769.0,0.0005678974319485,-2.2200000000000024,0.532141459256195,0.0035150024107937,94195.6318810694,0.0028918449971082,92339.38935872298,1.3031249999999943,0.2220501226205508,133.6372222,-239465.64075330645,-582558.75,0.0005967655308229,0.0,0.0,0.0,36518.25,590.0,0.0351301945360404,25060.0,932555.8693908048,0.3125,-2116591.7300000004,-0.0195692338677075,0.0,0.0106081610511723,0.1060344675462363,1076030.0
2024-02-23,1073717.3333333333,143.9159263,1076030.0,143.7186976,107.95833333333331,143.9159263,-0.0727957083761055,13.2,143.7186976,108.2125,206312.29266910243,130.10399999999998,-0.0232367217344346,5.19752765117656,0.0,126.49333333333335,-93277.5,-0.0227336999999749,0.0403988450196674,1.736530503153983,5.471097527725658,404786.6427062469,0.0798734021998295,3.977625713422297,786881.8526548797,0.0,0.0,-108920.0,-66475.9125000001,0.2188255296945543,1.911121364127848,-1.7371480176739045,45894.75,0.0094563784860175,-1.8500000000000012,-0.0274672511491473,0.0433085578157534,93958.87627366972,0.0,95326.67187349536,0.7999999999999972,0.238255967666542,133.6372222,-237589.2463958487,-569913.3500000015,0.0007156915369475,0.0,0.0,0.0,29580.25,9830.0,0.0274901722070946,16250.0,941799.4078733812,0.0,-1624635.0600000024,0.0060785830807132,0.0,0.010600493886647,0.1094757384005183,1105610.25
2024-02-26,1087361.5,143.9159263,1105610.25,143.7186976,106.52083333333331,143.9159263,-0.0658627837688641,13.2,143.7186976,107.2125,202705.263747976,125.674,-0.0210237006168654,5.257597910644074,0.0,121.75333333333334,-76008.5,-0.0181869599999799,0.0373188544709468,1.6041381655233662,6.351452279016409,405761.3904928577,0.0718795414213122,3.798618135208068,744195.0974513309,0.0,0.0,-49270.0,-81417.15625,0.2011243819232363,2.074424757773277,-1.5717053493240076,40932.5,0.0259019955400536,-1.4799999999999986,-4.039732274849229,0.039376659282591,92140.80127410663,-0.0505166475315729,95046.62044196644,-3.440624999999997,0.1633530092364312,133.6372222,874041.3961180449,608312.299999997,0.0020263424518742,0.0,0.0,0.0,-25166.0,27180.0,-0.0227620899860506,8130.0,952162.8523005708,-5.5,-743984.7699999996,0.047432755994935,0.0,0.0120387648227291,0.1157092876492184,1080444.25
2024-02-27,1073463.1666666667,143.9159263,1080444.25,143.7186976,107.02083333333331,143.9159263,-0.0595901376956362,13.2,143.7186976,107.425,204679.4870542205,120.896,-0.0190214434152551,5.250369310369776,0.0,113.74666666666668,-88073.5,-0.0136402200000134,0.0333137410232007,1.431979737322773,8.224891552635988,417496.2041457127,0.0787479133033869,3.707682493684485,686952.6889231198,0.0,0.0,-58380.0,-116562.17500000005,0.3354864183841713,1.9243398560503255,-1.4220191255788637,-41695.0,-0.0407052353881024,-1.1099999999999994,2.225956513231651,-0.0387489196397869,93681.35920124225,0.0292740046838406,93183.87241721644,2.6937499999999943,0.2010472498413473,133.6372222,1403916.69172585,1234716.1499999985,0.0005947778504729,0.0,0.0,0.0,-46109.25,-43820.0,-0.0426761954631161,-22130.0,993631.4218576524,3.125,-119659.26000000164,0.0666225224475718,0.0,0.01190977443609,0.1008997050177346,1034335.0
2024-02-28,1041328.4376666668,143.9159263,1034335.0,143.7186976,107.16666666666669,143.9159263,-0.0539148864865239,13.2,143.7186976,107.5375,204785.53829185964,115.624,-0.0172098773757056,5.292624858732529,0.0,110.11666666666667,-131808.0,-0.0090934799999899,0.0279891408359524,1.2031036241434947,9.491813023531158,428727.8555162962,0.0937287059589956,4.0944486165996965,694547.148066558,0.0,0.0,-108530.0,-129471.01515,0.295353094106713,1.819123559937763,-1.2865887326665906,-96404.18700000003,-0.0241406023046383,-0.7399999999999984,0.5437225595905346,-0.0871954533706611,95500.8918341382,0.0516089860352155,94637.9371997151,0.875,0.1253934171191785,133.6372222,2108349.1972757727,2114558.799999997,0.0007133091600783,0.0,0.0,0.0,-25128.937000000034,-24930.0,-0.0242947758704868,-54780.0,1072901.6280642874,5.3125,1158456.309999999,0.1005271469625961,0.0,0.0093530787217459,0.0996527193102799,998835.1875
2024-02-29,1019417.667,143.9159263,998835.1875,143.7186976,108.79166666666669,143.9159263,-0.048780135392576,13.2,143.7186976,107.5125,201528.0703017305,109.374,-0.0155708414351636,5.281373326234726,0.0,104.38,-101461.5,-0.0045467399999949,0.0203336393777746,0.8740345193762694,11.318098629139923,419902.8751508148,0.0990304737575621,4.312470411831602,817500.5345483768,0.0,0.0,-69110.0,-111344.05579999986,0.2960095675008334,1.8272736152903952,-1.1640564724126286,-65732.31200000003,-0.0088661103227919,-0.3699999999999992,0.4919394586771517,-0.0608382264980355,94303.1010880359,-0.0023041474654378,97118.40558619826,0.8531250000000057,0.1166839177469353,133.6372222,1947255.8927733155,2143854.850000001,0.0005940005940006,0.0,0.0,0.0,5505.875,-8935.0,0.0054556499429194,19270.0,1101222.4524797862,-0.25,2120752.9800000004,0.0866100273548373,0.0,0.0092023437219166,0.0957432779063433,1014711.938
2024-03-01,1026292.3336666668,143.90137450000003,1014711.938,143.7186976,108.16666666666669,143.9159263,-0.1099639796408951,13.2,143.7186976,107.55,188673.9103378877,112.69,-0.8743387803460791,5.216268478773236,-0.9508036000000004,112.81666666666668,-89684.0,-0.9032634200000302,0.2126061482799415,1.9971226478526485,11.347542789891245,349968.16289735574,0.1004598850504954,4.125671715679163,886180.1589106632,-0.0727589999999906,-2.1999999999999997,-49860.0,-60816.81254999992,0.293676898623165,1.831656367703003,-3.043670141706663,20624.0,0.0158935159460771,-2.09,0.2188976054698059,0.0199393813416348,89975.88237719839,0.0011587485515642,95789.91106292055,0.5843749999999943,0.1200687176838323,133.6372222,1198818.4744139535,1545858.25,0.0005936479667556,-0.1666666666666666,-0.000505566005588,-0.0066157265260383,40247.062000000034,15875.0,0.0396635345390012,680.0,1059250.6987445997,0.125,2549286.629999999,0.0742395937935784,-0.0727589999999906,0.0092210047302556,0.0923554454435682,1054958.0
2024-03-04,1042026.646,143.88682269999998,1054958.0,143.7186976,108.0,143.9159263,-0.0994912196751158,13.2,143.7186976,108.425,197846.5208745676,118.036,-0.7910684203131098,5.182627254944796,-0.9508036000000004,125.77333333333335,-28131.5,-0.8557232400000032,0.2926511732015905,2.749028147318943,11.941212095753976,371456.1659967888,0.1187930360071014,3.817192789179769,926510.510910664,-0.0727589999999906,-2.1999999999999997,20230.0,-47063.90629999992,0.3022257641690037,1.8303763409055969,-2.753796794877457,47202.937000000034,0.0347094243675532,-1.9799999999999984,-0.0281402617177946,0.0467723478193173,79293.2833903653,-0.0057670126874279,91404.22265944516,0.296875,0.1203363795901515,133.6372222,1144583.953041196,1542205.549999997,0.0017798872738059,-0.1666666666666666,-0.000505566005588,-0.0066157265260383,1450.0,35220.0,0.0013744609980104,51870.0,1118588.342641994,-0.625,2396863.3200000003,0.0569483946378579,-0.0727589999999906,0.0089632506722439,0.0889238394163681,1047614.0
2024-03-05,1039203.6666666666,143.87227090000002,1047614.0,142.767894,105.9375,143.9159263,-0.0900158654203551,11.0,143.7186976,106.8625,198802.18715385787,124.242,-0.7157285707594667,5.12348349840557,-0.9508036000000004,138.52666666666667,-71539.5,-0.8081830600000046,0.3483245679926946,3.271997960354321,12.114937104773723,416072.7904827834,0.1391040999084273,4.313855126557273,986178.6107968964,-0.0727589999999906,-2.1999999999999997,-34130.0,-81731.83129999996,0.3015537994431598,2.070151278480469,-2.491530433460557,-8468.937999999966,-0.0417361157410494,-1.8699999999999992,-5.171293570125613,-0.0083461499592606,64423.02145421846,-0.0620333141872486,81022.98418812439,-5.287499999999994,0.1207983176614444,142.5686262,1266280.2908467948,1696876.3999999985,0.0011844832691738,-0.1666666666666666,-0.000505566005588,-0.0066157265260383,-50166.0,-43820.0,-0.0474872894873102,-57090.0,1186734.5712917778,-6.75,2469971.8900000006,0.0342894842717258,-0.0727589999999906,0.0095550910719617,0.0963801642104719,992683.0
2024-03-06,1025986.0,143.8577191,992683.0,142.767894,106.08333333333331,143.8431673,-0.0814429258565212,11.0,142.767894,106.9,199080.26743972703,130.93,-0.6475639449728305,5.108278523556064,-0.9508036000000004,140.51666666666668,-83595.5,-0.7606428799999776,0.3902015642709833,3.665370863091352,12.35940505934829,430371.25393435865,0.1674464192200554,4.380609306367116,1061082.4697107037,-0.0727589999999906,-2.1999999999999997,-40260.0,-61096.73129999987,0.3123840671798902,2.084077717892348,-2.2542418207500283,-39653.0,-0.013345459244019,-1.7599999999999998,1.089067722267302,-0.0375872427269685,54410.6017861033,0.0069645966337783,67092.72125468602,1.0437500000000028,0.1153655315099761,142.5686262,1461015.215528056,1908742.299999997,0.0005915409642118,-0.1666666666666666,-0.000505566005588,-0.0066157265260383,9063.0,-13427.0,0.0090067707303305,-27520.0,1258560.6428064825,0.75,2646557.129999999,0.0647547123512171,0.0,0.0094288953870023,0.0849268064403703,999642.0
2024-03-07,1003733.6666666666,143.8431673,999642.0,142.767894,106.10416666666669,143.8431673,-0.0736864567273301,11.0,142.767894,106.8125,204490.83492611183,138.458,-0.5858911883087501,5.0348824269462265,-0.9508036000000004,138.41666666666666,-84514.0,-0.7131027000000074,0.4224055840693189,3.967880352160385,12.54005355482528,431049.9029447235,0.1632604655896671,4.504815522863361,1081393.1408443544,-0.0727589999999906,-2.1999999999999997,-79510.0,-75401.38130000001,0.3142203818900324,2.0806023767180624,-2.0395521235357403,-66757.0,-0.0126173209372981,-1.6499999999999986,0.4198707963370793,-0.0631923809812298,46754.16196589424,-0.005190311418685,55641.94274192923,0.4312500000000057,0.1114364209813528,142.5686262,598758.0521444306,1039841.200000003,0.0005911912503695,-0.1666666666666666,-0.000505566005588,-0.0066157265260383,-25654.0,-12525.0,-0.0252672593287146,-14190.0,1280395.79660684,-0.5625,2546052.8200000003,0.0606648994975513,0.0,0.009423271903143,0.0848749026356014,994808.0
2024-03-08,999118.0,143.8431673,994808.0,142.767894,108.10416666666669,143.8431673,-0.0666686989437721,11.0,142.767894,106.825,213013.6588079178,139.494,-0.5300920275174406,4.910845033994571,-0.9508036000000004,138.23666666666668,-74802.5,-0.6655625199999804,0.447032051141255,4.199209857550225,12.701678080183855,411661.11540455977,0.1423048973677608,4.655080868796082,1090913.4623717165,-0.0727589999999906,-2.1999999999999997,-96310.0,-64536.93129999982,0.3143387839867204,2.084077717892348,-1.8453090641513832,-13847.0,0.0103575137885931,-1.5399999999999991,0.6060735776382984,-0.0137610895181382,44389.418722307,0.0023188405797101,47025.94485619728,0.6687500000000028,0.1080576870088008,142.5686262,-175575.3337740898,171341.5,0.0005908419497784,-0.1666666666666666,-0.000505566005588,-0.0066157265260383,2744.0,10152.0,0.0027726918149006,-550.0,1245853.452458417,0.25,1985575.1099999996,0.0382065337274515,0.0,0.0092973359556587,0.0808034404158653,1002335.0
2024-03-11,982202.6666666666,143.8431673,1002335.0,142.767894,107.85416666666669,143.8431673,-0.0603192990443801,11.0,142.767894,106.8125,220509.17000433712,138.844,-0.4796070725157619,4.803860180325817,-0.9508036000000004,138.96333333333337,-73900.0,-0.6180223400000102,0.4652857107663719,4.370676192542604,12.96996688710588,393543.5958449701,0.1732929458999845,4.914726822229015,1092207.2509991892,-0.0727589999999906,-2.1999999999999997,-111580.0,-84705.53129999992,0.3209000716007595,2.056387973295742,-1.6695653437560125,-50746.0,-0.0297805737597317,-1.429999999999998,0.2090665702441754,-0.0499809909524813,46496.75052277502,0.0417170495767835,43577.26500618835,0.3531250000000057,0.1063201320845476,142.5686262,-567276.9686527476,-342854.1000000015,0.0017714791851195,-0.1666666666666666,-0.000505566005588,-0.0066157265260383,-27836.0,-29492.0,-0.0280492867766496,-7140.0,1194992.8167767671,4.3125,940883.3499999978,-0.0098281820342576,0.0,0.0090406233271873,0.0782191001090031,957777.0
2024-03-12,998792.3333333334,143.8431673,957777.0,142.767894,97.02083333333331,143.8431673,-0.0545746038972936,11.0,142.767894,101.4625,225782.64983371907,136.802,-0.4339302084666201,4.630373862422407,-0.9508036000000004,135.76666666666668,-31643.5,-0.5704821599999832,0.4778973646510025,4.489144166318967,12.948353797013077,360382.54171905486,0.1553015051011612,4.955445994085303,1092960.4805226882,-0.0727589999999906,-2.1999999999999997,-52750.0,-4352.581299999962,0.2424912112717679,7.455090322090738,-1.5105591205411546,49769.0,-0.0031650114798016,-1.3199999999999985,-29.102511198350516,0.0502893946558993,40112.86649091256,-0.3145620022753128,46053.9027814595,-30.450000000000003,0.1129585531276635,142.5686262,220782.74264751372,366453.6000000015,0.0005894488653108,-0.1666666666666666,-0.000505566005588,-0.0066157265260383,74861.0,-3041.0,0.0776115534544248,36700.0,1139580.7981001826,-34.5625,757730.8100000024,-0.0059405975160811,0.0,0.0090352493609939,0.099955263404496,1026837.0
2024-03-13,1018610.0,143.8431673,1026837.0,142.767894,85.3125,143.8431673,-0.0493770225737364,11.0,142.767894,94.3625,229967.0353221108,137.08999999999995,-0.392603521945972,4.653483584823958,-0.9508036000000004,136.51000000000002,12840.5,-0.522941980000013,0.4853070679874482,4.558747451390316,13.103167666435786,352969.2385248503,0.1204683361055824,5.14762743001002,1084091.437401418,-0.0727589999999906,-2.1999999999999997,43250.0,10761.949950000038,0.1735064638848088,10.464197262194064,-1.3666963471562834,59453.0,0.0721075991593032,-1.209999999999999,-28.4796529889838,0.0599085445729326,37467.65303173782,-0.3262124711316397,41918.56207985653,-31.325000000000003,0.1151203981899559,142.5686262,-5828.709033206105,38564.39999999851,0.0011782032400589,-0.1666666666666666,-0.000505566005588,-0.0066157265260383,12428.0,69063.0,0.0119566566386477,41220.0,1050786.143050959,-35.3125,-219963.9400000013,-0.0369559684631841,0.0,0.0095040095040095,0.0947331917756858,1050710.0
2024-03-14,1042997.3333333334,143.8431673,1050710.0,142.767894,73.39583333333333,143.8431673,-0.0446744489952948,11.0,142.767894,87.1875,226653.94155054717,133.45999999999998,-0.3552127103320686,4.63607138591277,-0.9508036000000004,129.44333333333336,-10030.5,-0.4754018000000144,0.4877519553399753,4.581713578863802,13.127038428172913,352978.24333680817,0.1150232690918254,5.428941813173536,1075129.961491434,-0.0727589999999906,-2.1999999999999997,-2470.0,-563.5687999998918,0.1401553317857412,12.650353564723172,-1.2365347902842565,73162.0,0.0010322932491917,-1.099999999999998,-26.67206699003297,0.0758501285560255,35357.92594366772,-0.3354503464203233,39185.64784670644,-30.496875000000003,0.1452420363340587,142.5686262,-271246.45103004575,-317812.299999997,0.0005884083553986,-0.1666666666666666,-0.000505566005588,-0.0066157265260383,-14127.0,1060.0,-0.0134306350055949,-26450.0,992222.057536456,-36.3125,-1516677.6499999985,-0.0460283998992567,0.0,0.0094983674680915,0.1000778879819811,1039095.0
2024-03-15,1050681.3333333333,143.8431673,1039095.0,142.767894,71.6875,143.8431673,-0.0404197395671701,11.0,142.767894,79.6125,222817.43902680048,129.592,-0.3213829283956784,4.565577729109721,0.0,126.22,201.0,-0.4278616199999874,0.485307067987434,4.558747451390282,13.195671937977558,327397.8403650796,0.1163517305973897,5.283247207251425,1029121.178871776,0.0,0.0,4830.0,24332.21245000011,0.1194862043969178,14.47291594851002,-1.1187695721619466,23052.0,0.004445957777994,-0.9899999999999984,-25.715203467172685,0.0221777316409808,35246.94557609157,-0.3501157407407407,36964.96600888591,-30.3625,0.1414124378151446,142.5686262,-243503.50331290063,-387537.950000003,0.0005880623346075,0.0,0.0,0.0,24751.0,4570.0,0.0238512819425626,7980.0,907019.9576263148,-37.8125,-838477.7800000012,-0.0296797809601916,0.0,0.0094927321269653,0.1000940554088067,1068974.0
2024-03-18,1074777.3333333333,143.8431673,1068974.0,142.767894,70.95833333333333,143.8431673,-0.0365702405607919,11.0,142.767894,72.225,188425.80848312023,125.6,-0.2907750304532328,4.64133601461294,0.0,119.81333333333336,62636.0,-0.3803214399999888,0.4778973646509735,4.489144166318901,12.984379795901004,295107.10084028903,0.1173203495165412,5.374487956054302,974154.2771014576,0.0,0.0,17270.0,83402.41245000006,0.1071865764529299,15.78785003987506,-1.0122200890989037,72288.0,0.0331147636250932,-0.879999999999999,-22.757207898870533,0.0687246933732883,39537.59035182627,-0.3433874709976798,37125.89254242674,-27.918750000000003,0.142824763429553,142.5686262,-324490.5982354805,-537881.6000000015,0.0017631501616222,0.0,0.0,0.0,61664.0,34190.0,0.0580381807349457,64310.0,870658.047196494,-37.0,-888081.5899999999,-0.0345949420669573,0.0,0.0094758661533906,0.0944277606901327,1124137.0
2024-03-19,1105515.6666666667,143.8431673,1124137.0,142.767894,70.70833333333333,143.8431673,-0.0330873605073804,11.0,142.767894,71.4,182658.51530351173,122.996,-0.2630821704100583,4.668063387532055,0.0,118.3266666666667,87167.5,-0.3327812599999902,0.4652857107663273,4.3706761925425015,13.196648059260792,287869.12937647745,0.1269117931299615,5.50458000695161,923583.5042514852,0.0,0.0,102300.0,85691.33745000011,0.0957058160842995,16.72912583836326,-0.9158181758513884,92215.0,0.0441002756267225,-0.7699999999999996,-20.19402143231143,0.0888629131886959,44159.66387773765,-0.3025107164727495,41373.24661930873,-25.599999999999994,0.136082712116328,142.5686262,-422362.39840352535,-658136.8500000015,0.0005866823115283,0.0,0.0,0.0,5800.0,47040.0,0.0051595134756705,27940.0,882545.0377654507,-30.875,-1437572.5,-0.0451635894840374,0.0,0.0088731144631766,0.0893110835236075,1129937.0
2024-03-20,1146417.0,143.8431673,1129937.0,142.767894,70.9375,143.8431673,-0.0299361833162095,11.0,142.767894,70.9875,225679.6094844736,117.752,-0.2380267256091031,4.655893266152809,0.0,116.77666666666669,112633.5,-0.2852410799999916,0.4470320511411931,4.199209857550086,13.4019911717779,287766.8684078038,0.1103245412909456,5.518173110186444,870569.6875573777,0.0,0.0,161340.0,133648.07495000004,0.0915355292669233,17.475244179361074,-0.8285973971988749,122704.0,0.0145820238843494,-0.6600000000000001,-18.55351939113892,0.1154890524276852,54207.08637721848,-0.3463976945244956,45995.37734662828,-24.07187500000001,0.1413477751346532,142.5686262,-2401.598555572331,-271817.549999997,0.0005863383172091,0.0,0.0,0.0,55240.0,16240.0,0.0488876813486061,31520.0,858768.3265619546,-37.5625,-1242923.539999999,-0.0428211695509583,0.0,0.0088678687555423,0.1034027664057602,1185177.0
2024-03-21,1180202.6666666667,143.8431673,1185177.0,142.767894,71.29166666666667,143.8431673,-0.0270851182384888,11.0,142.767894,70.9625,218820.8889289634,115.07,-0.2153575136463246,4.637433500787753,0.0,111.89333333333336,53454.5,-0.237700899999993,0.4224055840692369,3.967880352160202,13.961139478076552,251452.8828698072,0.105867999529212,5.085490091818641,761387.3182900937,0.0,0.0,118290.0,166491.87495000008,0.0860466762346637,17.90375286849992,-0.74968335937041,101357.0,0.0358957112767048,-0.5500000000000007,-15.938303258649498,0.0901642771299227,66639.77250880918,-0.3339130434782609,56027.83295597959,-21.30625000000001,0.1107120646736614,142.5686262,-539381.5891693309,-900232.1499999985,0.0011719894520949,0.0,0.0,0.0,40317.0,40560.0,0.0340177036847659,-57240.0,804845.3788932958,-36.0,-804257.4399999976,-0.0381047139455649,0.0,0.0094534711964548,0.1024304244733185,1225494.0
2024-03-22,1212691.6666666667,143.8431673,1225494.0,142.767894,71.16666666666667,143.8431673,-0.0245055831681497,11.0,142.767894,71.0875,251673.54384615496,113.892,-0.1948472742514297,4.575150270815679,0.0,111.04666666666668,153218.0,-0.1901607199999944,0.3902015642708767,3.665370863091113,14.08484855961754,204508.29395735427,0.0901207937144808,4.935045325903617,639656.6574104464,0.0,0.0,225040.0,162312.18745000008,0.080766173744538,18.21444693924673,-0.678284944192276,97467.0,0.0348996155489107,-0.4399999999999995,-15.325131519730505,0.0862587914193446,76026.83550419568,-0.3447079236552921,68393.70158418582,-20.45625,0.1093404307680905,142.5686262,-334985.91401034594,-775369.1000000015,0.0005853087503657,0.0,0.0,0.0,1910.0,40850.0,0.0015585551622447,106200.0,732333.1159995714,-37.25,-259298.04999999705,-0.0118703877511521,0.0,0.0094478889873044,0.0977599805120636,1227404.0
2024-03-25,1221931.6666666667,143.8431673,1227404.0,142.767894,71.27083333333333,143.8431673,-0.0221717181045164,11.0,142.767894,71.175,270581.7979596842,112.43800000000002,-0.1762903909893793,4.6587326038558325,0.0,110.95666666666668,166777.0,-0.1426205399999958,0.3483245679925553,3.27199796035401,14.199403425199623,222089.11246162571,0.0903261066361137,4.799720688176903,566122.8619212897,0.0,0.0,252800.0,141182.54995000013,0.0844866221391992,18.50810494356396,-0.6136863780787252,27720.0,-0.0001568497956825,-0.33,-13.526309470232349,0.0233889115296701,82893.40148052036,-0.338943702843877,77758.34056748876,-18.471875,0.1046713616705492,142.5686262,760549.2682763487,357355.049999997,0.001754899093302,0.0,0.0,0.0,-14507.0,-190.0,-0.011819254296059,20620.0,729251.9422520121,-36.5,224821.12000000104,0.034377081781971,0.0,0.009431181844975,0.1019333764304377,1212897.0
2024-03-26,1218319.0,143.8431673,1212897.0,142.767894,71.0,143.8431673,-0.0200601259040809,11.0,142.767894,71.1375,271169.5976507968,111.232,-0.1595008299427718,4.69209862153703,0.0,111.93000000000002,128048.0,-0.0950803599999972,0.292651173201401,2.749028147318518,14.098147172029464,303080.72176720074,0.0854769280013724,4.5313173116932495,545653.4410235675,0.0,0.0,183930.0,133925.49995000008,0.0859040630419969,18.31362237219743,-0.5552400563569417,-10838.0,-0.0141599788632384,-0.2199999999999988,-12.407732377829262,-0.0088437805489052,88247.34510252002,-0.0572614107883817,84673.56759060376,-16.715625000000003,0.1048078712329755,142.5686262,1546806.5284405053,1249994.049999997,0.0005839416058395,0.0,0.0,0.0,1759.0,-17150.0,0.0014502468057882,-32170.0,785254.4377986923,-4.3125,1155391.1899999976,0.0374401084895099,0.0,0.0094256259204712,0.1005940681941552,1214656.0
2024-03-27,1213679.3333333333,143.8431673,1214656.0,142.767894,70.89583333333333,143.8431673,-0.0181496377227574,11.0,142.767894,71.0625,450251.5486155861,110.352,-0.1443102747101079,4.699694586999474,0.0,110.87666666666668,123414.5,-0.0475401799999986,0.212606148279648,1.997122647851992,13.834149546835269,323187.002358865,0.0822576516939845,4.641452132150135,730655.051765329,0.0,0.0,147620.0,122540.55310000014,0.085990434509661,18.02899796663485,-0.5023600509896138,-13919.0,0.0045979514409426,-0.1099999999999994,-11.678424532321714,-0.0113401944266109,91302.2171840614,-0.0334190231362467,90163.62442795222,-15.328125,0.1091152743744695,142.5686262,1752554.144779503,1610587.8999999985,0.0007820250948351,0.0,0.0,0.0,-1171.0,5490.0,-0.000964058959903,4910.0,836384.7912840212,-2.4375,2579408.990000002,0.0549992221312167,0.0,0.0090261841718151,0.0955414795051494,1213485.0
2024-04-03,1213593.3333333333,143.87131928000002,1213485.0,142.767894,70.5625,143.8431673,0.1109330944413216,11.0,142.767894,70.7375,469424.8829730615,113.06,-1.7520847056900948,4.976959836192445,-1.7922044000000028,112.93000000000002,101582.0,-1.7025941800000055,0.4007490867944833,1.0501729927853678,12.71136689821533,430969.6350531601,0.0715117455319063,4.879381324058228,832603.750822792,0.1407599000000061,-2.1999999999999997,160120.0,111798.19999999995,0.0914813474401674,17.539881717329145,-2.4449924270858414,-258.0,-0.0134055856606919,-2.09,-10.848931719719644,-0.0002127138578131,93309.11140121636,-0.0243266724587315,92923.03922436637,-13.737499999999995,0.0865063542681888,142.5686262,1949306.940514788,1964994.6499999985,0.0044668890392107,-0.1999999999999999,0.0009785650764102,-0.0125532733571036,-846.0,-16080.0,-0.0006971656015525,-13950.0,922493.9256862293,-1.75,2666117.91,0.0751402726583916,0.1407599000000061,0.0129373713613643,0.1025117192438191,1212639.0
2024-04-04,1203083.75,143.89947125999998,1212639.0,142.767894,70.27083333333333,143.8431673,0.1003680378278488,11.0,142.767894,70.6,490192.7530459599,114.432,-1.585219495624358,5.152972851769495,-1.7922044000000028,116.38,110026.0,-1.6129839600000082,0.5516288750713858,1.4455572469846478,12.626831029284311,526873.0363499491,0.0623595444486356,4.381544158265681,930588.4812868332,0.1407599000000061,-2.1999999999999997,169290.0,75878.0375000001,0.0939484675323542,16.83419164152786,-2.2121360054586194,-31528.75,-0.0016562167277889,-1.9800000000000004,-9.87224774641301,-0.0259569376020865,94387.15914175451,-0.0008904719501335,95090.62579204868,-11.90625,0.0967052415712482,142.5686262,1826020.2795133812,1951825.799999997,0.0005805515239476,-0.1999999999999999,0.0009785650764102,-0.0125532733571036,-29511.75,-1960.0,-0.0243367976784517,17150.0,1026421.0994887556,-0.0625,2312359.080000002,0.0770255204178813,0.1407599000000061,0.0129297678518953,0.0859747684661377,1183127.25
2024-04-05,1203379.125,143.92762324000003,1183127.25,140.9756896,70.4375,143.8431673,0.0908091770823205,8.8,142.767894,70.5625,515692.8349474139,114.534,-1.4342462103267906,5.375663753437475,-1.7922044000000028,117.92666666666668,88941.5,-1.5233737399999825,0.6565696884073937,1.720557269783423,11.9025279933118,544150.3730485395,0.068383995991444,4.313279860871724,1022533.1527252326,0.1407599000000061,-2.1999999999999997,89220.0,99223.8062499999,0.0951080947286165,15.856455444906905,-2.001456385891132,886.125,0.0014135053239212,-1.8699999999999992,-8.140367008659382,0.0007302315232573,96494.4928044175,0.0035335689045936,96273.32451347336,-9.193749999999994,0.1068632555400489,147.2651426,1188048.538607344,1385775.049999997,0.0011604293588627,-0.1999999999999999,0.0009785650764102,-0.0125532733571036,31243.875,1670.0,0.0264078737092734,-15760.0,1073355.6112380542,0.25,2572105.52,0.065990264993871,0.1407599000000061,0.0123203285420945,0.0762404563373939,1214371.125
2024-04-08,1209045.5,143.95577522,1214371.125,140.9756896,70.77083333333333,143.9839272,0.08216068402686,8.8,140.9756896,70.6,523623.1096390802,115.644,-1.2976513331527997,5.650730996076717,-1.7922044000000028,116.23666666666668,99971.5,-1.4337635200000136,0.735505166763085,1.9274096626457045,11.429322987270972,558719.5641345759,0.0814581734804022,4.867373954283163,1055556.9964247078,0.1407599000000061,-2.1999999999999997,81500.0,103321.05000000005,0.1069284848750194,15.100232548749624,-1.8108414919967384,16999.125,0.0264045371176455,-1.7599999999999998,-7.19545110307277,0.0140182898620282,96153.73673384207,0.0,98200.59424976392,-7.462500000000006,0.1077595566178685,147.2651426,672817.6301685497,923200.1499999984,0.0017386264850767,-0.1999999999999999,0.0009785650764102,-0.0125532733571036,15267.0,31240.0,0.0125719392413912,20220.0,1086646.3790856155,0.0,2324335.0700000003,0.0576515201762128,0.0,0.0134857812958075,0.0718240161635476,1229638.125
2024-04-09,1232406.4583333333,143.9839272,1229638.125,140.9756896,70.39583333333333,143.9839272,0.0743358569766599,8.8,140.9756896,70.3,526372.4051321507,115.548,-1.1740654919001372,5.836416776586726,-1.7922044000000028,112.73666666666668,115711.0,-1.3441533000000163,0.7962076987896793,2.0864821641883653,11.007273898845392,562368.355345106,0.0861695230180823,4.858462259462828,1060235.426492894,0.1407599000000061,-2.1999999999999997,77670.0,114997.84375,0.135762088619858,13.49538899994624,-1.6383803975208586,70082.875,0.0066536558050676,-1.6499999999999986,-8.489336712303938,0.0592352809049068,96412.96849894304,-0.0264550264550265,97105.78656529452,-7.678124999999994,0.1375752838316797,147.2651426,-155286.42984750122,120232.04999999702,0.0005785363031529,-0.1999999999999999,0.0009785650764102,-0.0125532733571036,23572.0,8080.0,0.0191698675575791,27690.0,1065779.2875324443,-1.875,1391810.6499999985,0.0213793101506627,0.0,0.0134778786990916,0.0726573786648147,1253210.125
2024-04-10,1238932.7916666667,143.9839272,1253210.125,140.9756896,69.39583333333333,143.9839272,0.0672562515503045,8.8,140.9756896,69.8625,530853.8871754258,113.194,-1.06224973076678,5.941107707323941,-1.7922044000000028,110.69666666666669,92667.5,-1.254543080000019,0.8426270251811723,2.2081251685656293,10.484303756718932,555362.5918785534,0.0914768003179506,4.876693228245468,1063474.8354537329,0.1407599000000061,-2.1999999999999997,123980.0,83522.9375,0.1606868607413196,11.44113941234145,-1.4823441691855397,19579.0,0.0022577610536218,-1.5399999999999991,-8.58559035875119,0.0161227483072772,91974.03760320522,-0.0530896431679721,96337.21175283054,-6.6875,0.141627094832198,147.2651426,56458.56347130984,328556.049999997,0.0005782017924256,-0.1999999999999999,0.0009785650764102,-0.0125532733571036,-19260.0,2760.0,-0.0153685320727838,-10930.0,1067992.9072930787,-3.8125,1140734.759999998,0.0449765031387128,0.0,0.0128767925080479,0.0740379355357186,1233950.125
2024-04-11,1248821.2083333333,143.9839272,1233950.125,140.9756896,67.79166666666667,143.9839272,0.0608508942598007,8.8,140.9756896,69.1125,542786.079454431,110.054,-0.9610830897413508,5.969066994935225,-1.7922044000000028,107.06333333333336,87984.0,-1.1649328599999933,0.8770340142755789,2.298289542984197,9.93622817084788,540118.910535372,0.1004958861317663,5.112592194540823,1059403.9296208268,0.1407599000000061,-2.1999999999999997,25630.0,95530.8187500001,0.2700492786663092,8.446140191134084,-1.3411685340250123,29665.25,-8.16186612907499e-05,-1.4299999999999995,-9.23815318172727,0.0241251872375054,87070.27981315652,-0.0626654898499559,92343.44000867842,-6.228125000000006,0.19542183465269,147.2651426,450178.36695023626,698602.950000003,0.0005778676683039,-0.1999999999999999,0.0009785650764102,-0.0125532733571036,25353.25,-100.0,0.0205464138998323,7850.0,1069639.7721580972,-4.4375,831044.6399999969,0.052509490321785,0.0,0.012869260017549,0.0868323660877524,1259303.375
2024-04-12,1245925.75,143.9839272,1259303.375,140.9756896,65.14583333333333,143.9839272,0.0550555709969557,8.8,140.9756896,67.125,577200.2703118648,107.374,-0.869551366908837,6.046697467519808,-1.7922044000000028,104.30333333333336,79805.5,-1.075322639999996,0.900806180875749,2.3605850993956383,8.828849406468478,540270.2348864275,0.125644117406165,5.603627467077578,1038308.754991574,0.1407599000000061,-2.1999999999999997,9970.0,66753.0062500001,0.2314791871756734,2.800249269332201,-1.213438197451202,-8686.375,0.0136069414175052,-1.3200000000000005,-13.16487668822944,-0.0069312997291655,75029.66661218392,-0.1422300263388938,88469.20363427445,-9.209374999999994,0.1678660940161771,147.2651426,372593.0462883115,568525.3500000015,0.0011550678602367,-0.1999999999999999,0.0009785650764102,-0.0125532733571036,-14779.625,16670.0,-0.0117363498688312,4960.0,1041957.5893610232,-10.125,972780.3599999994,0.0173375373552213,0.0,0.0122627737226277,0.073131077392974,1246135.5
2024-04-15,1248476.625,143.9839272,1246135.5,140.9756896,62.5,143.9839272,0.0498121832829383,8.8,140.9756896,64.9,612107.9771310425,104.81799999999998,-0.786736951012756,6.135828580475088,-1.7922044000000028,102.27666666666669,51725.0,-0.9857124199999988,0.9147730010710422,2.3971855006126703,8.69299528961433,545004.0920628427,0.1057874717030427,5.849284616654376,1020016.4873252664,0.1407599000000061,-2.1999999999999997,24480.0,53722.91874999995,0.152635282801246,3.3731278311282966,-1.0978726548368023,7652.625,-0.0007730837990626,-1.2100000000000009,-12.81584081315998,0.0062017295877334,68767.1766069472,-0.1540492957746478,75834.10161296955,-9.446875000000006,0.2145612020024145,147.2651426,-335856.6247867644,-189235.1000000015,0.0017306028266512,-0.1999999999999999,0.0009785650764102,-0.0125532733571036,-2921.0,-960.0,-0.0023470825687336,-17660.0,1037409.7096707262,-10.9375,-42231.75999999792,-0.0285887821763815,0.0,0.0134228187919462,0.0719958958997045,1241602.75
2024-04-16,1229788.0833333333,143.9839272,1241602.75,140.9756896,60.770833333333336,143.9839272,0.0450681658274163,8.8,140.9756896,63.3375,660825.4573542195,101.682,-0.7118096223448731,6.18719584052228,-1.7922044000000028,98.78333333333336,16243.0,-0.8961022000000014,0.919381458454564,2.409262078306801,7.362870775222521,536238.4285509781,0.0954779774982396,5.974199880389104,997389.1769103254,0.1407599000000061,-2.1999999999999997,-8980.0,7788.481249999953,0.1137752250824095,3.747141180023373,-0.9933133543761556,-56065.625,-0.0579133153882109,-1.1000000000000014,-10.577427402382838,-0.044521142492769,60886.05316394323,-0.1320921985815603,68188.48631386709,-7.734375,0.1756686331426417,147.2651426,-947047.4224261194,-889889.799999997,0.0005758710048948,-0.1999999999999999,0.0009785650764102,-0.0125532733571036,-38365.0,-71860.0,-0.0308995771795769,-28550.0,1045602.401204968,-9.3125,-1834731.77,-0.0575696417506547,0.0,0.0132140607870121,0.0723341161299849,1203237.75
2024-04-17,1205731.25,143.9839272,1203237.75,140.9756896,60.60416666666666,143.9839272,0.0407759595581183,8.8,140.9756896,61.85,666884.182429738,98.88,-0.6440182297405954,6.165581267729553,0.0,96.54000000000002,3067.5,-0.8064919799999757,0.9147730010710364,2.3971855006126424,8.020563636841624,513270.6700210695,0.1078269429553945,6.174715505937351,956196.6736009304,0.0,0.0,-210.0,-29827.581250000047,0.0927224729662741,4.110934702508669,-0.8987120825308086,-72170.5,-0.0010607719682452,-0.9900000000000002,-10.135529554536843,-0.0579904561885621,48766.02248368466,-0.1371326803205699,60032.21936996829,-7.790625000000006,0.136633174696077,147.2651426,-940062.4774331524,-981733.549999997,0.0005755395683453,0.0,0.0,0.0,-30884.5,-1240.0,-0.0256678283240365,-5180.0,1045726.0326158204,-9.625,-1513889.710000001,-0.069954710021728,0.0,0.0092888243831639,0.072328706666205,1172353.25
2024-04-18,1182806.8333333333,143.9839272,1172353.25,140.9756896,61.0,143.9839272,0.0368925348383015,8.8,140.9756896,60.825,660095.6505738588,96.93800000000002,-0.582683160241487,6.070205298750517,0.0,93.93000000000002,-26018.0,-0.7168817600000068,0.9008061808757374,2.3605850993955806,8.488070204084584,503951.17623914167,0.116434969598275,5.927544512501352,933406.87101714,0.0,0.0,-39980.0,-34869.15625,0.0834562393493879,4.378123884725112,-0.813120455623114,-68773.25,0.0008392422841092,-0.8800000000000008,-8.548217216009519,-0.0553907036691083,36934.27213710854,-0.1265597147950089,47873.71276752488,-6.65625,0.1425537516276055,147.2651426,-595289.431963332,-713497.299999997,0.0005752085130859,0.0,0.0,0.0,476.25,980.0,0.0004062342131094,-22620.0,1033852.7484154472,-8.875,-1506648.9299999997,-0.0642297750235325,0.0,0.0092834348709023,0.074241492185902,1172829.5
2024-04-19,1178130.875,143.9839272,1172829.5,140.9756896,60.79166666666666,143.9839272,0.0333789600917953,8.8,140.9756896,60.725,681449.8549558839,95.228,-0.527189525932755,6.026579089904573,0.0,93.54666666666668,-17687.5,-0.6272715400000095,0.877034014275561,2.298289542984106,8.743470511126715,509890.81964049576,0.1167942381898533,5.849691759787667,898819.2482883807,0.0,0.0,-12030.0,-21742.425000000047,0.0865988641722926,4.616024140440779,-0.7356804122304368,-14027.875,0.0035338410199365,-0.7700000000000014,-8.356125100199094,-0.0116584399051642,31677.84332063793,-0.1470070422535211,37020.50800677071,-6.834374999999994,0.1085378647058351,147.2651426,-731947.343204923,-936149.0,0.0011497556769186,0.0,0.0,0.0,16380.375,4130.0,0.013966544156674,12190.0,1024508.72244231,-10.4375,-1707511.7199999988,-0.0571421026871488,0.0,0.0092726745870761,0.0748624485083211,1189209.875
2024-04-22,1210138.375,143.9839272,1189209.875,140.9756896,60.8125,143.9839272,0.0302000115116243,8.8,140.9756896,60.8375,682254.8364922369,93.746,-0.4769809996534491,5.988824922130318,0.0,93.72000000000004,43671.0,-0.5376613200000122,0.8426270251811453,2.208125168565504,8.976975226128319,494787.4074282853,0.143128028934446,5.993777562939946,827737.7597267862,0.0,0.0,34930.0,50501.51249999995,0.0790344885897422,4.761451742627329,-0.6656156110656344,96022.5,0.0139662184630338,-0.6600000000000001,-7.503756043037271,0.0819057737077113,27949.14441042908,-0.1483757682177349,31769.660147370312,-6.243750000000006,0.0974560137654029,147.2651426,-382797.834328264,-658800.0,0.0017226528854434,0.0,0.0,0.0,79165.875,16380.0,0.0665701459971479,67180.0,993009.7672484898,-10.5625,-1025849.450000003,-0.0375350966141287,0.0,0.0092565808504483,0.077472929754499,1268375.75
2024-04-23,1234445.5416666667,143.9839272,1268375.75,140.9756896,60.6875,143.9839272,0.0273238199390846,8.8,140.9756896,60.775,725327.4342584601,92.874,-0.4315542377816825,5.868338126674658,0.0,92.01000000000003,48336.5,-0.4480510999999865,0.796207698789641,2.0864821641881983,9.569182113210353,476646.6085603964,0.1945183162136537,5.954956714704417,792386.9862821328,0.0,0.0,16620.0,24848.0625,0.0820871236146485,4.842965768432696,-0.6022236481070031,72921.5,0.0470312224081532,-0.5500000000000007,-6.562922134176574,0.062175704141139,27497.83040798085,-0.1177536231884057,28032.228958179043,-5.493750000000006,0.0821602099394762,147.2651426,-307229.85010652244,-628254.0,0.0005732301519059,0.0,0.0,0.0,-22624.75,55930.0,-0.0178375769167772,9380.0,982892.6771987363,-8.125,-664805.1799999997,-0.0139403209614924,0.0,0.0092512286788088,0.0796299916327079,1245751.0
2024-04-24,1238931.9166666667,143.9839272,1245751.0,140.9756896,60.833333333333336,143.9839272,0.0247215513734602,8.8,140.9756896,60.8625,720354.0906365869,91.714,-0.3904538341834325,5.711426474094289,0.0,90.68333333333337,7472.0,-0.3584408799999892,0.7355051667630328,1.927409662645488,10.27011382092392,459622.4828835919,0.1616732842343999,5.745966525843099,740900.2423869774,0.0,0.0,-7490.0,-17092.6875,0.0753556820377318,4.806659776522274,-0.5448690149539566,13459.125,-0.0355060475127294,-0.4399999999999995,-5.824786692826422,0.0113177036980121,27769.571056331668,-0.1029411764705882,27572.958154123204,-4.828125,0.0899810348372411,147.2651426,122917.46895124018,-249692.1499999985,0.0005729017473503,0.0,0.0,0.0,-43082.0,-44210.0,-0.0345831550606823,-35040.0,921353.5888681912,-7.0,-77670.57999999821,-0.0076812272734408,0.0,0.0092458826928634,0.0916789201549517,1202669.0
2024-04-25,1231187.9166666667,143.9839272,1202669.0,140.9756896,59.645833333333336,143.9839272,0.0223671179093116,8.8,140.9756896,60.025,751989.1432637067,90.802,-0.3532677547374021,5.468399433928263,0.0,89.02333333333335,7888.5,-0.2688306599999919,0.6565696884073233,1.720557269783139,10.552742858712191,437985.06174540665,0.1606890004315058,5.5019961927998375,693066.5092685756,0.0,0.0,-14360.0,24495.074999999957,0.1009638305073978,5.034170858597559,-0.4929767278154848,-23232.0,0.000199845120032,-0.33,-8.832545103033425,-0.0183163388294044,28304.678501417548,-0.1403013182674199,27847.44230531736,-8.078125,0.0878731626296016,147.2651426,937907.3766701669,562271.549999997,0.0005725737188662,0.0,0.0,0.0,42474.75,240.0,0.0353170739413752,980.0,873078.5448446204,-9.3125,69384.44000000134,0.0052054528834704,0.0,0.0092405428818942,0.0836662279665264,1202669.0
2024-04-26,1233179.2083333333,143.9839272,1202669.0,140.9756896,56.16666666666666,143.9839272,0.0202369162036575,8.8,140.9756896,58.0,766374.624893301,90.522,-0.3196232066671598,5.278867776386113,0.0,89.62666666666668,18701.5,-0.1792204399999946,0.5516288750712854,1.4455572469842624,10.571578817007737,443164.67656317184,0.1746733706231511,5.44983621195753,635310.8296218708,0.0,0.0,-8430.0,29134.806249999907,0.1326496194554225,5.802012858244715,-0.4460265632616291,5973.875,0.0366059758402224,-0.2200000000000006,-13.985397950363575,0.0047954005254662,29066.35170160562,-0.1740020470829069,28042.5161176942,-13.665625000000006,0.0753630778304506,147.2651426,1258974.7217492014,950209.3500000016,0.0011444921316166,0.0,0.0,0.0,6581.125,43970.0,0.0052854339107433,10890.0,898551.4052335795,-10.625,452767.370000001,0.0185434169069111,0.0,0.0092298817421401,0.0738905726522001,1251724.875
2024-04-29,1268312.4583333333,143.9839272,1251724.875,140.9756896,52.770833333333336,143.9839272,0.0183095908509187,8.8,140.9756896,56.0375,795330.75745584,90.168,-0.2891829012702942,5.096213868161658,0.0,91.14333333333336,78101.0,-0.0896102199999973,0.4007490867943257,1.0501729927847685,10.60659000711085,469870.49700483656,0.1754696660796556,5.072687935903312,681493.2579470386,0.0,0.0,73530.0,80808.04374999995,0.1175463964560488,6.275687344405944,-0.4035478429509975,105399.75,0.0275631655878054,-0.1099999999999994,-12.314169574138475,0.0876382030300939,34686.23390806016,-0.1540062434963579,28955.67882390318,-12.28125,0.0733378063207084,147.2651426,2240502.367296897,2088511.6000000013,0.00190911689054,0.0,0.0,0.0,56343.875,34320.0,0.0450129865798185,64300.0,1014894.4720177036,-9.25,1374806.2300000004,0.0731682923496739,0.0,0.0094097322199826,0.0803897755003193,1308068.75
2024-04-30,1294459.8333333333,143.9839272,1308068.75,140.9756896,50.770833333333336,143.9839272,0.0165658202936924,8.8,140.9756896,54.075,961005.5642503228,89.676,-0.2616416725778947,4.810675929150522,0.0,90.13333333333335,109840.5,0.0,0.0,0.0,10.876764950548038,528180.7138321056,0.1660692208444638,5.018753541028491,880997.6334012037,0.0,0.0,140390.0,90820.125,0.1118389103179938,6.566695870421079,-0.365114715050904,78442.125,0.0223609960452064,0.0,-10.915201043268148,0.0629984489742649,40615.15114624237,-0.1654749744637385,34882.71047789914,-11.059375000000005,0.1080145822560901,147.2651426,2692012.6180305257,2727091.200000003,0.0003765317998221,0.0,0.0,0.0,15517.125,28610.0,0.0118626218996515,38310.0,1182125.0369769672,-10.125,3412424.960000001,0.1154255508238588,0.0,0.0092086330935252,0.0775558574677241,1323585.875
2024-05-02,1333776.2083333333,144.05564786000002,1323585.875,140.9756896,49.6875,143.9839272,0.339438727884783,8.8,140.9756896,51.3125,934431.2100975068,89.512,1.1968352676676377,4.878364992553663,1.5844596000000024,89.00000000000001,114286.0,1.5052366200000051,0.3542959373167088,2.12682460813109,10.13582572649568,597229.8971001939,0.1528601788219079,4.952768922564754,1094234.9156643697,0.3586032999999986,-4.6000000000000005,157900.0,129056.5,0.1225937404240345,7.074191969619299,-4.492246646950819,117949.125,0.0118648084582628,-4.37,-13.3816104677188,0.0942292730261511,50496.48390117994,-0.2208462332301342,41072.35556350683,-13.784374999999995,0.1153766617565554,147.2651426,1703310.7496466637,1881952.25,0.001710863986313,-0.5227272727272727,0.0024905786845352,0.0112392399320457,46088.125,15520.0,0.0348206534011252,12330.0,1230226.3392949635,-13.375,3621101.82,0.0954318529044759,0.3586032999999986,0.0103537532355479,0.0697375408711031,1369674.0
2024-05-03,1381753.875,144.12736852000003,1369674.0,140.9756896,46.270833333333336,143.9839272,0.3071112299909941,8.8,140.9756896,48.0125,902509.9534309772,88.498,1.0828509564611863,4.881390305677695,1.5844596000000024,86.24000000000001,184408.5,1.426013640000008,0.4876863748035107,2.927562169730028,9.24895846198783,646195.8445725425,0.1422756537982623,4.3537005131518525,1319359.973568773,0.3586032999999986,-4.6000000000000005,261730.0,197940.5249999999,0.1435423671048269,8.07825368293106,-4.064413632955502,143933.0,0.034814406273846,-4.14,-18.101218994602725,0.1100347363240654,67360.57737702149,-0.3377551020408164,51195.85964494704,-18.93125,0.1211091146293444,147.2651426,2821774.821108885,3194383.950000003,0.000569313976658,-0.5227272727272727,0.0024905786845352,0.0112392399320457,82327.75,46080.0,0.0601075511399062,81210.0,1412130.8010000866,-20.6875,4053704.329999998,0.126482243719973,0.3586032999999986,0.0103478010922679,0.0886468355185346,1369674.0
2024-05-06,1439167.4583333333,144.19908918000002,1369674.0,142.5601492,42.47916666666666,143.9839272,0.2778625414204327,4.2,140.9756896,45.8625,875824.2207855495,87.312,0.97972229394108,4.957033572882233,1.5844596000000024,85.68666666666668,214713.0,1.3467906600000106,0.580462890206693,3.484495950872706,8.598068265298576,790372.1379762293,0.1336338061702703,4.443716409340304,1490195.630118524,0.3586032999999986,-4.6000000000000005,293940.0,227692.625,0.1336637815028356,8.73822692462171,-3.6773266202930737,172240.75,0.0601093694101499,-3.910000000000001,-17.168960042735797,0.1301319039839406,85571.09847246022,-0.3446852425180599,57203.26531250838,-18.240625,0.1308172154087913,156.7765914,2449069.0762413666,2956513.3999999985,0.0017069701280227,-0.5227272727272727,0.0024905786845352,0.0112392399320457,43824.875,82330.0,0.0301823844220574,44400.0,1567502.6590782034,-20.875,4097254.940000001,0.1300345784490428,0.3586032999999986,0.0109101349411426,0.0796737295447897,1495826.625
2024-05-07,1470484.0416666667,144.27080984,1495826.625,142.5601492,40.145833333333336,144.3425305,0.251399442237556,4.2,142.5601492,43.7375,826565.4599850695,83.866,0.8864154088038276,5.053156673703976,1.5844596000000024,81.73333333333335,208801.0,1.2675676799999849,0.650248499739506,3.903416226306599,8.328581401288744,853737.3921548169,0.1015539836079252,4.566091729754832,1645716.3418528528,0.3586032999999986,-4.6000000000000005,234310.0,183790.46875,0.1186433987787347,9.007728657972402,-3.3271050374080198,93949.75,0.0026721763085399,-3.6800000000000006,-15.081440038665718,0.0685927819320511,95455.3329848164,-0.3371134020618557,78991.56309866953,-16.190624999999997,0.1691925667623516,156.7765914,2357392.4975517094,2959977.950000003,0.0005680204487361,-0.5227272727272727,0.0024905786845352,0.0112392399320457,-32202.875,3880.0,-0.0215284809494549,7550.0,1715316.201171599,-20.4375,4105896.0600000015,0.1246455587141057,0.0,0.0097449125824018,0.0884775055885445,1463623.75
2024-05-08,1469983.0416666667,144.3425305,1463623.75,142.5601492,39.895833333333336,144.3425305,0.2274566382149316,4.2,142.5601492,41.4875,785243.6097558526,81.252,0.8019948936796482,5.13509316786803,1.5844596000000024,78.05666666666669,185827.0,1.188344700000016,0.7039146494342203,4.225572016907355,8.531831974558786,911936.3692145004,0.0902984003539235,4.506953808494644,1751562.491890215,0.3586032999999986,-4.6000000000000005,213460.0,160801.0375000001,0.1085061851484486,9.217138016959682,-3.0102378909882086,-1503.0,-0.0090598126219193,-3.45,-13.984398130221363,-0.0010351227193768,102493.76386853146,-0.3459958932238193,90447.13680425416,-15.106250000000005,0.1594914804277835,156.7765914,1739455.8787372634,2351655.799999997,0.0011353959693443,-0.5227272727272727,0.0024905786845352,0.0112392399320457,-13125.0,-13190.0,-0.0089674685861035,-11470.0,1788649.054348703,-21.0625,3999326.86,0.1111310021329115,0.0,0.0103122314523058,0.0715701698001807,1463623.75
2024-05-09,1449681.5,144.3425305,1463623.75,142.5601492,40.0,144.3425305,0.2057941012420769,4.2,142.5601492,40.05,717519.0864728782,77.934,0.7256144276149143,5.155352124433125,1.5844596000000024,73.37000000000002,132214.0,1.1091217199999903,0.7449532426474671,4.471925081492176,8.740628063667236,948384.7809553724,0.0748678695715259,4.407255351935945,1818261.2959026624,0.3586032999999986,-4.6000000000000005,204750.0,135175.6937500001,0.1002250633752208,9.252046804128726,-2.723548568036951,-60904.625,-0.0205796116975927,-3.22,-12.482907832105049,-0.0407163664438717,106513.4724484702,-0.3442622950819672,99705.23849100331,-13.518749999999995,0.1602533504784281,156.7765914,2230580.890286088,2878680.8999999985,0.0005670541536717,-0.5227272727272727,0.0024905786845352,0.0112392399320457,-15576.75,-29690.0,-0.0107388923982182,-43750.0,1900908.9851513857,-21.0,3640700.61,0.1175811288480663,0.0,0.0103063269395935,0.0761106417409552,1434922.0
2024-05-10,1430977.0833333333,144.3425305,1434922.0,142.5601492,39.708333333333336,144.3425305,0.1861946630285444,4.2,142.5601492,39.8,649278.3887347279,75.35400000000001,0.6565082916515905,5.114666501506785,1.5844596000000024,72.05333333333336,111571.5,1.029898739999993,0.7753719182057747,4.654527197151024,8.91249306488247,971668.9288442906,0.0714548337469564,4.336451951381707,1831273.018978772,0.3586032999999986,-4.6000000000000005,192010.0,100353.8374999999,0.0819200459895604,9.25180625589995,-2.4641629901286706,-56113.25,-0.0050460014154282,-2.99,-11.916083276666477,-0.0383385757439369,108685.08337564484,-0.3110624315443593,104392.07081308744,-12.853125,0.1257418312519215,156.7765914,1762773.7578778935,2433698.950000003,0.0005667327854916,-0.5227272727272727,0.0024905786845352,0.0112392399320457,-27411.5,-7130.0,-0.0191031289505632,-11760.0,1979291.1921939868,-17.75,3235336.120000001,0.0824768378935747,0.0,0.0103004291845494,0.0674955847243872,1407510.5
2024-05-13,1406457.25,144.3425305,1407510.5,142.5601492,39.5625,144.3425305,0.1684618379782136,4.2,142.5601492,39.7375,605716.4426203896,72.42,0.5939836924466704,5.142324146936254,1.5844596000000024,70.96666666666668,84146.0,0.9506757599999958,0.7963885151868282,4.780689004075647,9.18949140967119,1015887.1326959708,0.0630482905384004,4.3979208904005445,1825396.2563738956,0.3586032999999986,-4.6000000000000005,161340.0,63161.8125,0.0769315774403807,9.423517002550971,-2.229480800592607,-73559.5,-0.0282671939795287,-2.7600000000000007,-10.72467058365062,-0.0507132460472647,108702.03943687842,-0.2193308550185874,107008.81924612622,-11.706249999999995,0.1385760150989736,156.7765914,1298417.2571276128,1957753.799999997,0.0016992353440952,-0.5227272727272727,0.0024905786845352,0.0112392399320457,-30571.25,-39740.0,-0.0217200866352329,-19780.0,2022135.516080688,-11.0625,2449107.0500000007,0.0606935661018221,0.0,0.0108602457845099,0.0739098787307854,1376939.25
2024-05-14,1398111.75,144.3425305,1376939.25,142.5601492,39.3125,144.3425305,0.1524178534088776,4.2,142.5601492,39.55,567571.7388304257,71.36,0.537413816975544,5.235694570175506,1.5844596000000024,70.77666666666669,73708.0,0.8714527800000269,0.808736360298652,4.854812633716413,9.076697463400729,1062655.950912062,0.0740108634033854,4.58174395093247,1814402.9156546944,0.3586032999999986,-4.6000000000000005,95030.0,87693.92500000005,0.0794595698176591,9.528098055191332,-2.017149295774264,-25036.5,-0.0005489960691881,-2.530000000000001,-9.816368623302942,-0.0174479867198356,109332.46114523213,-0.2275522755227552,107433.48199353497,-10.790625,0.0938573324734683,156.7765914,1802142.0897821265,2431052.299999997,0.0011309018942606,-0.5227272727272727,0.0024905786845352,0.0112392399320457,32946.25,-750.0,0.0239271630901654,-2010.0,2060711.21345538,-11.5625,1617977.419999998,0.0452856955525067,0.0,0.0100750781588736,0.0850864617902113,1409885.5
2024-05-15,1421540.2083333333,144.3425305,1409885.5,142.5601492,36.8125,144.3425305,0.1379018673699477,4.2,142.5601492,37.95,747049.8328340218,70.61600000000001,0.4862315486921602,5.268318692210378,1.5844596000000024,70.16000000000001,124082.5,0.7922298000000012,0.8128106246752635,4.879270282883153,9.419301278701491,1118165.1323242704,0.0828835962069697,4.896000946025827,1789785.1812746164,0.3586032999999986,-4.6000000000000005,120120.0,141876.39375000005,0.1012092507503105,9.973057351889516,-1.8250398390338576,70285.375,0.0325989834331834,-2.3,-15.610643040131237,0.0499359507442396,110836.943213558,-0.3769889840881273,108527.96575260274,-16.759375,0.0975562856685005,156.7765914,3052177.271707632,3668133.950000003,0.0005648121999435,-0.5227272727272727,0.0024905786845352,0.0112392399320457,67910.375,44510.0,0.0481672979827085,63400.0,2143212.572566101,-19.25,555136.5999999978,0.0656006180191577,0.0,0.0102651839178784,0.1172108008909169,1477795.875
2024-05-16,1456341.5416666667,144.3425305,1477795.875,142.5601492,34.208333333333336,144.3425305,0.124768356191879,4.2,142.5601492,36.2625,841361.7398925687,69.46,0.4399237821500321,5.241330963004302,0.0,68.43666666666668,116659.5,0.7130068200000039,0.8087363602986599,4.85481263371639,9.93254061949385,1107303.7956847264,0.1023462572115618,5.084377620692841,1724890.9074045783,0.0,0.0,113960.0,129974.26875000005,0.1001377420414675,10.242505182706116,-1.651226521030634,104404.0,0.0322010937023455,-2.0700000000000003,-14.35010560773778,0.0758232434727965,108344.51656994084,-0.3311258278145695,110774.270633719,-15.559375000000005,0.1032180349187935,156.7765914,3019881.960116424,3600607.799999997,0.0005644933672028,0.0,0.0,0.0,3547.375,45400.0,0.0024004499268208,6170.0,2185465.628246549,-15.625,-717885.1700000018,0.095247169997535,0.0,0.0091090236265301,0.1103112906238982,1481343.25
2024-05-17,1477534.125,144.3425305,1481343.25,142.5601492,31.375,144.3425305,0.1128856556021844,4.2,142.5601492,34.55,901122.3581085484,68.66,0.3980262790881284,5.153794999350309,0.0,67.55333333333336,104244.0,0.6337838399999782,0.7963885151868448,4.780689004075603,10.007712433813014,1070936.904744495,0.1025711228967121,4.801201494397282,1652945.016633301,0.0,0.0,35180.0,107062.58125000005,0.1055599717045198,10.29867444443693,-1.4939668523610503,63577.75,0.0039511025293927,-1.8400000000000007,-13.718547930810374,0.0450942647470309,102993.04592246049,-0.2419106317411402,109115.82070486785,-14.846874999999995,0.0916667384145366,156.7765914,2567224.7734386697,3088298.350000001,0.0005641748942171,0.0,0.0,0.0,-7880.0,5750.0,-0.0053194963422555,2430.0,2178204.533941945,-9.8125,-863215.5599999987,0.0520813520574292,0.0,0.0091038406827881,0.1195571080958507,1473463.25
2024-05-20,1496106.0,144.3425305,1473463.25,142.5601492,31.3125,144.3425305,0.1021346407829355,4.2,142.5601492,33.0,1254586.5403357283,68.25,0.3601190144130726,5.175165672462602,0.0,67.02333333333335,136016.5,0.5545608600000094,0.7753719182058005,4.654527197150958,10.00167112352526,1007458.906849574,0.1079323406757572,4.585654375654688,1551168.96769349,0.0,0.0,39210.0,149895.75,0.1023937723247439,10.116598203473565,-1.3516842949933316,55715.625,-0.00426408585665,-1.6100000000000003,-11.620352889780811,0.0377018409257638,100563.16547109358,-0.2031496062992126,104651.80821985664,-12.525,0.0925600690945303,156.7765914,2259068.1283492744,2680884.6499999985,0.0022554271215111,0.0,0.0,0.0,60048.25,-6230.0,0.0407531372092246,48430.0,2091600.164623971,-8.0625,-747368.1600000001,0.0533438553567058,0.0,0.0096563476285145,0.1136650952127223,1473463.25
2024-05-21,1529360.625,144.3425305,1473463.25,142.5601492,31.27083333333333,144.3425305,0.0924075321369457,4.2,142.5601492,31.4375,1241464.445978319,66.92,0.3258219654213405,5.216751636044582,0.0,66.54333333333335,165458.5,0.4753378799999836,0.7449532426475033,4.471925081492084,9.95060393565195,947218.097428658,0.1163286803602004,4.542182410797834,1425059.5217324267,0.0,0.0,76650.0,181854.8062499999,0.1129946278874259,9.71204392937873,-1.2229524573749195,99763.875,0.0527422824973708,-1.38,-10.683295471706453,0.0673468995116426,105874.45263530566,-0.2177293934681181,99283.83257183642,-11.253124999999995,0.0957133078669892,156.7765914,1666964.2113636285,1963471.3999999985,0.00056258790436,0.0,0.0,0.0,47595.625,76730.0,0.0310370186333783,44990.0,1951598.4296329408,-8.75,-1099779.5500000007,0.038873785207433,0.0,0.0096508657394265,0.1202083603696872,1533511.5
2024-05-22,1559156.0,144.3425305,1533511.5,142.5601492,31.354166666666668,144.3425305,0.0836068147905848,4.2,142.5601492,31.275,1216877.6142539824,65.58599999999998,0.2947913020478836,5.198109246393224,0.0,65.03666666666669,151975.5,0.3961148999999864,0.7039146494342685,4.225572016907234,10.127330855815847,845339.6241941736,0.1335014940716024,4.525298943345697,1260028.5655453035,0.0,0.0,89800.0,147742.13749999995,0.1190435207765601,9.042372726393456,-1.1064807947677844,89386.125,0.0086971283805843,-1.1500000000000004,-10.061672093448692,0.0606639663391672,105419.55468257629,-0.2213500784929356,101958.4544690454,-10.196875,0.0879239656225703,156.7765914,3746066.429329,4014607.299999997,0.0005622715771718,0.0,0.0,0.0,-18257.75,13320.0,-0.0115474465400312,1680.0,1952249.9356173151,-8.8125,-628933.1499999985,0.1124662487487468,0.0,0.0090728664587467,0.1646336923851949,1562849.375
2024-05-23,1552577.9583333333,144.3425305,1562849.375,142.5601492,31.14583333333333,144.3425305,0.0756442610010026,4.2,142.5601492,31.1625,1190860.308803163,64.99,0.2667159399480852,5.118580472477696,0.0,63.00333333333335,121105.0,0.3168919199999891,0.6502484997395689,3.903416226306441,10.248097333035563,731490.7216821132,0.1327090731819207,4.367438458014111,1080862.3362904766,0.0,0.0,118860.0,83114.71875,0.1243963365811024,8.014257315091509,-1.001101671456567,-19734.125,-0.0228240746734331,-0.92,-9.103417608358336,-0.0128685862479674,94845.78561022296,-0.2249999999999999,103273.63256046176,-8.696874999999999,0.1020221973427928,156.7765914,3322750.245583378,3544597.1499999985,0.0005619556055072,0.0,0.0,0.0,-49072.0,-35260.0,-0.0313990591703695,-14690.0,1904258.503183635,-9.0,-469252.69999999925,0.0906963194888264,0.0,0.0090677245678663,0.1478899197598292,1513777.5
2024-05-24,1532478.5416666667,144.3425305,1513777.5,142.5601492,31.1875,144.3425305,0.0684400456675859,4.2,142.5601492,31.325,1173458.311153982,64.128,0.241314421857794,4.975246383803275,0.0,62.90000000000001,69747.5,0.2376689400000202,0.5804628902067772,3.484495950872497,10.015610972771324,608688.5343423333,0.1290739417167168,4.350392117876,826870.9017248929,0.0,0.0,93540.0,76362.9624999999,0.0994319988133831,7.080100768452736,-0.9057586551273706,-60298.25,-0.0052133015368309,-0.6900000000000004,-7.727496883752778,-0.0381367265042208,86093.04973293994,-0.1971383147853735,94376.92789887244,-6.859375,0.0979362989005609,156.7765914,1312706.603146866,1415555.049999997,0.0005616399887671,0.0,0.0,0.0,7031.5,-7870.0,0.0046450027039146,-37080.0,1752087.1805201897,-7.75,200365.33999999985,0.0517826173963178,0.0,0.0090625885018409,0.1195343455925224,1520808.875
2024-05-27,1536662.7916666667,144.3425305,1520808.875,142.5601492,31.229166666666668,144.3425305,0.0619219460802185,4.2,142.5601492,31.225,1163142.3198492527,63.228,0.2183320959665593,4.940181410537787,0.0,63.09333333333336,97472.5,0.1584459599999945,0.4876863748036252,2.9275621697297383,9.451318969496317,540813.5157295375,0.1327480200641285,4.581152320025799,567048.6769597243,0.0,0.0,156960.0,114772.3500000001,0.1144020968307758,6.65957647914464,-0.8194959260676216,12552.75,0.0127053465003694,-0.4599999999999999,-7.387378132919181,0.0080319640528376,78000.68630701512,-0.2095238095238095,81851.96967065896,-6.331249999999997,0.1181797060335553,156.7765914,2074458.5457043047,2112166.700000003,0.0022452989054166,0.0,0.0,0.0,54593.25,19080.0,0.0358975088174706,43640.0,1650140.7581354291,-8.25,852983.9600000009,0.0850146143855683,0.0,0.0096126661012156,0.1286025429819355,1575402.125
2024-05-28,1557209.375,144.3425305,1575402.125,142.5601492,31.375,144.3425305,0.0560246178821159,4.2,142.5601492,31.225,1168443.9762721255,62.884,0.1975385630173605,4.945691905250102,0.0,63.03333333333335,85922.0,0.0792229799999972,0.3542959373168859,2.126824608130634,8.473237046880904,516416.8549763097,0.13475578194813,4.326593530628685,389228.9807092538,0.0,0.0,160180.0,101419.9312499999,0.1217010994975525,5.989972432060068,-0.7414486950135624,61639.75,0.0071738086940511,-0.2300000000000004,-6.401080215498311,0.0407191645336884,73242.76357758469,-0.1990445859872611,75320.03854027635,-5.049999999999997,0.1055814728387458,156.7765914,2282753.684208654,2315686.600000001,0.000560067208065,0.0,0.0,0.0,15.0,10910.0,9.521378549592896e-06,1210.0,1648196.1656530993,-7.8125,756813.1500000022,0.0775242698218852,0.0,0.0090369951990962,0.1123906607397274,1575417.125
2024-05-29,1572850.25,144.3425305,1575417.125,142.5601492,31.58333333333333,144.3425305,0.0506889399885892,4.2,142.5601492,31.4625,1183022.5509703795,62.642,0.1787253665395098,4.872789647416962,0.0,62.56000000000002,78886.5,0.0,0.0,0.0,7.893429912875485,554701.6518918813,0.1346073913391324,4.419302010893657,457116.2007387324,0.0,0.0,100790.0,81527.0249999999,0.1231248074053817,4.973412038292122,-0.6708345335837,46922.625,0.0041783093515785,0.0,-5.112882099736567,0.0308537290723003,66927.98445575286,0.0117878192534381,72127.27421886503,-3.356250000000003,0.125796595242653,156.7765914,2717832.9999983087,2792474.1499999985,0.0005597537083683,0.0,0.0,0.0,-7685.625,6400.0,-0.0048784698846028,4010.0,1720117.7035058655,0.375,862303.4200000018,0.0544530407366328,0.0,0.0090318938752469,0.1418056509378644,1567731.5
2024-05-30,1595386.4166666667,144.3425305,1567731.5,142.5601492,31.95833333333333,144.3425305,0.0458614218944433,4.2,142.5601492,31.7125,1156254.1247750623,62.474,0.1617039030595606,4.83374922596886,0.0,61.74666666666669,128288.5,0.0,0.0,0.0,6.958697303224138,633933.1476469064,0.1306402448222827,4.266330729686547,633877.4485764779,0.0,0.0,157600.0,143139.3187500001,0.0822287263959335,4.193209726748397,-0.6069455303852527,67608.5,0.019250773671755,0.0,-4.569393328333085,0.0429150747781301,69729.14459333954,0.0217821782178218,67412.46215239052,-2.546875,0.1266654234802104,156.7765914,3518012.857141331,3619596.549999997,0.0005594405594404,0.0,0.0,0.0,75279.125,29610.0,0.0480178684934251,62980.0,1793674.1183438585,0.6875,2661204.0700000003,0.0749497919035846,0.0,0.0090267983074752,0.1242564964613561,1643010.625
2024-05-31,1620719.8333333333,144.3425305,1643010.625,142.5601492,32.208333333333336,144.3425305,0.0414936674283126,4.2,142.5601492,31.8375,1205761.6756314714,62.076,0.1463035313395835,4.781818636700185,0.0,61.55333333333335,138949.0,0.0,0.0,0.0,6.046968335673344,659618.9590234634,0.0981658595469166,4.224526881054497,940419.0023139772,0.0,0.0,176410.0,141575.2875000001,0.0861539394727889,4.000898079691143,-0.5491411941580857,76000.25,0.0308599057235621,0.0,-4.190760630396603,0.048241350683553,76456.83524982519,0.0467479674796746,71983.69519572338,-2.190624999999997,0.1583295243269659,156.7765914,3099877.9183659703,3259756.200000003,0.0011182555213866,0.0,0.0,0.0,8406.75,48380.0,0.0051166741541917,21240.0,1902614.883198381,1.4375,3589608.8599999994,0.0774186174382105,0.0,0.0095855652664222,0.1194304892198964,1651417.375
2024-06-03,1651225.2083333333,144.45496372,1651417.375,142.5601492,31.979166666666668,144.3425305,0.5461683610065506,4.2,142.5601492,31.9125,1202223.122828208,62.636,0.957300190259616,4.822711920047548,0.9117650999999968,63.08333333333335,131929.0,0.8661768450000125,0.2038768743054403,2.104463682388153,4.4455492526682745,718674.2898631564,0.0951077928404893,4.582719371992598,1180747.3208032197,0.5621660999999847,0.3999999999999994,129390.0,141234.48750000005,0.0939502892934873,3.844879754809592,-0.1349372709049356,91516.125,0.0142564553155415,0.379999999999999,-4.41366437988264,0.0583748715899374,83305.89344050181,-0.0039525691699604,74508.85995153889,-2.46875,0.0937512257834724,156.7765914,3188664.9737596884,3389216.600000001,0.0013068975146606,0.0952380952380951,0.0038946670676525,0.006395651976492,7830.25,23040.0,0.0047415330119073,1410.0,1996105.982050172,-0.125,3760140.329999998,0.0892834919737919,0.5621660999999847,0.0086300984528833,0.1172838195478712,1659247.625
2024-06-04,1630609.7916666667,144.56739694,1659247.625,142.5601492,31.83333333333333,144.3425305,0.4941523266249703,4.2,142.5601492,31.9875,1167996.1506083766,63.474,0.8661287435682254,4.808971987811958,0.9117650999999968,64.70000000000002,116732.5,0.8205885899999998,0.2806353764318555,2.896782480594322,3.9075426050820177,739539.7053819482,0.0816674928960103,4.561361292688418,1351944.2036465583,0.5621660999999847,0.3999999999999994,76880.0,57274.20625000005,0.1038960458947657,3.578800427517195,-0.1220861022473229,-61846.25,-0.0401854619772442,0.3599999999999994,-3.710577296084296,-0.0376420268128211,83412.93890397639,0.0119284294234591,82018.84544779056,-1.7374999999999972,0.0991353468363227,156.7765914,2885377.071496859,3102478.700000003,0.0005577742576023,0.0952380952380951,0.0038946670676525,0.006395651976492,-78083.25,-65870.0,-0.0470594315299984,-7520.0,2052010.7789053405,0.375,3937291.370000001,0.1001654639015106,0.5621660999999847,0.0086252459938149,0.1198836648677305,1581164.375
2024-06-05,1588693.375,144.67983016,1581164.375,143.4719143,31.729166666666668,144.3425305,0.4470902002797459,4.6,142.5601492,31.925,1161936.553189763,64.04400000000001,0.7836402917998271,4.85757422681689,0.9117650999999968,65.84000000000002,34297.0,0.7750003350000156,0.3340229092190089,3.4478607930369347,3.504392131387592,761634.0489258305,0.0796839544178686,4.684328042617967,1536910.6697489726,0.5621660999999847,0.3999999999999994,-2890.0,-1980.5124999999532,0.1120541412482105,3.274984619790701,-0.1104588544142446,-125749.25,-0.0329057764669988,0.3399999999999998,-3.300641363123887,-0.0761462558791353,81605.91702965446,0.0282258064516129,82482.78667538076,-1.2781250000000028,0.09599904788479,147.3651437,3168289.874211445,3379159.1499999985,0.0014828524283103,0.0952380952380951,0.0038946670676525,0.006395651976492,-55496.25,-51770.0,-0.0350983432699715,-78090.0,2078273.8341528636,0.875,4149306.559999999,0.0525663680630195,0.5621660999999847,0.0095532452936217,0.1188071355057412,1525668.125
2024-06-06,1536853.625,144.79226337999998,1525668.125,143.4719143,32.041666666666664,144.9046966,0.4045101812054952,4.6,143.4719143,31.9625,1153310.3030540962,64.988,0.7090078830569837,4.826974071281826,0.9117650999999968,65.66666666666669,17874.5,0.729412080000003,0.3741805019115798,3.8623766407925553,3.2873226988418414,758134.6239141073,0.0789320452365968,4.657566452933173,1727175.1799170503,0.5621660999999847,0.3999999999999994,1390.0,-27360.581250000047,0.1299386973327127,2.852125823052606,-0.0999389635176504,-155519.25,-0.0141964232900211,0.3200000000000003,-2.477365995207329,-0.0937287766194633,78896.40842494094,0.0463709677419355,81444.15982098074,-0.3374999999999986,0.1032917340822714,147.3651437,3292882.6480960697,3523370.1499999985,0.0002783189535207,0.0952380952380951,0.0038946670676525,0.006395651976492,-21939.75,-21600.0,-0.014380421036849,-10410.0,2146205.641312008,1.4375,4570042.73,0.0649943281141078,0.0,0.0092670598146586,0.1237085733018733,1503728.375
2024-06-07,1516201.875,144.9046966,1503728.375,143.4719143,32.229166666666664,144.9046966,0.3659854020430657,4.6,143.4719143,32.0,1165936.775498113,65.72999999999999,0.6414833227658505,4.746579821368058,0.9117650999999968,65.31333333333335,-24854.5,0.6838238250000188,0.4050622753208004,4.181145362387475,2.94427057359398,737664.8111486982,0.0907425533868707,4.5313335727684905,1823419.377129305,0.5621660999999847,0.3999999999999994,440.0,-17464.762499999953,0.1518002335757797,2.401451983339795,-0.09042096699216,-61955.25,0.0025468194758351,0.2999999999999998,-2.2979739956637744,-0.0391833075545987,73453.84816145572,0.0257425742574257,78976.26679706901,-0.0531250000000014,0.1155316830639697,147.3651437,2619384.9197059646,2804372.200000003,0.0006455203116304,0.0952380952380951,0.0038946670676525,0.006395651976492,15480.75,3820.0,0.0102949111404511,-38030.0,2106889.3158959635,0.8125,3921064.48,0.1027429877630117,0.0,0.0093516699410609,0.1259316293572848,1519209.125
2024-06-10,1533188.625,144.9046966,1519209.125,143.4719143,32.0,144.9046966,0.3311296494675559,4.6,143.4719143,31.9375,1099862.2697061026,66.154,0.5803896729786402,4.842421208291882,0.9117650999999968,66.60000000000002,12236.0,0.6382355699999778,0.4286776183974569,4.42490832971534,2.813838172881132,733254.3817399497,0.1064458163164211,4.443191835217174,1847117.5899725289,0.5621660999999847,0.3999999999999994,1830.0,29970.03125,0.2772240303716463,1.7696383997265113,-0.0818094463262406,50960.25,0.0058188637587863,0.2799999999999993,-3.153524091314843,0.0334019235015479,63495.25788624149,0.002008032128514,73968.62631988672,-0.8312499999999972,0.1132172222767571,147.3651437,1688871.927353017,1751663.049999997,0.0023245984784445,0.0952380952380951,0.0038946670676525,0.006395651976492,57419.25,8750.0,0.0377954878331843,45030.0,1935336.553785116,0.0625,3025440.2399999984,0.0603518155115574,0.0,0.009431531783814,0.1110826822829939,1576628.375
2024-06-11,1546902.25,144.9046966,1576628.375,143.4719143,32.458333333333336,144.9046966,0.2995934923754078,4.6,143.4719143,32.3375,1012174.0748502976,65.982,0.5251144660282989,4.964106004274558,0.9117650999999968,66.35666666666668,4965.5,0.5926473149999936,0.4461818114752724,4.605590610361467,2.527904270340392,728409.2114660988,0.1204248504512859,4.334845350281383,1853211.9417046937,0.5621660999999847,0.3999999999999994,1430.0,-8538.28125,0.2441595480202731,0.6862952961734096,-0.0740180704856463,41140.875,0.0170713001163651,0.2599999999999998,-0.4781884635705751,0.0273592463133509,54765.84949032775,0.0755467196819086,64966.68938377065,2.0656250000000007,0.1603858516723725,147.3651437,2484997.267605111,2491180.8999999985,0.0011096685420064,0.0952380952380951,0.0038946670676525,0.006395651976492,-31759.125,25820.0,-0.020143697464534,810.0,1841041.9308699928,2.375,2917414.1199999973,0.073670409566515,0.0,0.0099860061572907,0.1101885240435593,1576628.375
2024-06-12,1563198.0,144.9046966,1576628.375,143.4719143,32.6875,144.9046966,0.2710607788158654,4.6,143.4719143,32.575,1052104.4601378774,65.6,0.4751035645018078,4.9858384714892,0.9117650999999968,65.62333333333335,10533.5,0.5470590600000094,0.4582756506922263,4.730425982193448,2.2644172016576736,768297.4328112847,0.1194687254162883,4.256211683535781,1880909.7293741116,0.5621660999999847,0.3999999999999994,8450.0,10173.818750000091,0.1944722429589603,0.7468340524981466,-0.0669687304393944,48887.25,0.0042709484495873,0.2399999999999993,-1.1112181337067142,0.0321794078218165,51848.76676824975,0.0271844660194173,57486.31844683075,1.2531250000000007,0.1522199216543289,147.3651437,1949153.24211891,1937424.1000000013,8.867508341015018e-05,0.0952380952380951,0.0038946670676525,0.006395651976492,23227.125,6570.0,0.0150350102443945,11030.0,1817692.122831536,0.875,2481918.299999997,0.0487966429411583,0.0,0.0095104895104896,0.0972807608552481,1568096.375
2024-06-13,1572724.6666666667,144.9046966,1568096.375,143.4719143,33.333333333333336,144.9046966,0.2452454665476864,4.6,143.4719143,32.7125,1068238.055550846,64.814,0.4298556059778491,4.937117713445274,0.9117650999999968,63.433333333333344,53868.0,0.5014708049999967,0.4653811232667257,4.803770293703434,2.3185096733178554,791338.3590595773,0.1292845770497699,4.428165712716366,1866478.113624298,0.5621660999999847,0.3999999999999994,-3490.0,41092.5625,0.211742014233436,0.7995167125716232,-0.060590756111833,28580.0,0.0021296290302743,0.2199999999999997,-0.9488402162108328,0.018127290142168,49567.61874977734,0.0271317829457364,55043.06059596513,1.2375000000000007,0.1703624521347834,147.3651437,2735156.0762028173,2748834.950000003,0.0003657522859519,0.0952380952380951,0.0038946670676525,0.006395651976492,37112.0,3290.0,0.0236669126921487,51040.0,1856059.7528111937,0.875,2070637.5400000028,0.0454255580244784,0.0,0.0093150684931506,0.1252589381857184,1605208.375
2024-06-14,1585225.9166666667,144.9046966,1605208.375,143.4719143,32.833333333333336,144.9046966,0.2218887554479067,4.6,143.4719143,32.7,1226091.6130296197,63.99400000000001,0.3889169768371232,4.800736210053833,0.9117650999999968,62.00000000000002,18031.0,0.4558825500000125,0.4677256273908939,4.827970800990816,2.2885886250574248,792618.7439552981,0.1577784797705922,4.4477791915934,1861816.6107643656,0.5621660999999847,0.3999999999999994,-54470.0,12811.699999999952,0.1682223436050283,0.7577654454987153,-0.0548202079107067,37503.75,0.0119432100041338,0.1999999999999993,-1.5935935289526597,0.0242763262975167,44841.47449761395,0.003883495145631,53365.3779845945,0.3468750000000007,0.1977880076379331,147.3651437,1118407.0213263556,1053139.75,9.971415276188722e-05,0.0952380952380951,0.0038946670676525,0.006395651976492,-22835.375,18490.0,-0.0142258010583828,-29740.0,1762782.5016442805,0.125,1124225.809999999,0.0145910699663778,0.0,0.008288187657079,0.1054485507850656,1582373.0
2024-06-18,1581670.3333333333,144.9046966,1582373.0,143.4719143,32.458333333333336,144.9046966,0.2007564930243006,4.6,143.4719143,32.85,1242033.1142328642,63.342000000000006,0.3518772647574053,4.939055311398135,0.0,62.83666666666668,-11503.5,0.4102942949999999,0.4653811232667285,4.803770293703458,2.0892607607288314,863631.5851978275,0.1194382347503404,4.444501629786038,1841412.8869200612,0.0,0.0,-83100.0,-13327.581250000048,0.1705799609550825,0.7535824527913487,-0.0495992357287349,-10666.75,-0.011323524718348,0.1799999999999997,-1.7811084309571683,-0.006802356137071,44142.940360875815,0.0138888888888888,49448.66368288279,-0.0437499999999992,0.1618212473688544,147.3651437,871674.7812000364,705720.3999999985,0.0030465175534801,0.0,0.0,0.0,-24943.375,-17740.0,-0.0157632713652217,-27220.0,1628692.055717376,0.4375,1125848.629999999,0.0018400021216724,0.0,0.0100399366368444,0.1275661663357561,1557429.625
2024-06-19,1572088.3333333333,144.9046966,1557429.625,143.4719143,32.729166666666664,144.9046966,0.1816368270220039,4.6,143.4719143,32.875,1299852.264589436,62.67,0.3183651443043231,5.022640608767596,0.0,62.78333333333335,-15207.0,0.3647060400000157,0.4582756506922321,4.730425982193499,2.13208046406992,884879.4661846356,0.1183576098727482,4.422951622272134,1769236.246722303,0.0,0.0,-79410.0,5937.40625,0.2209665938235084,0.8586584931693593,-0.0448754989926651,-28746.0,0.0055006423872272,0.1600000000000001,0.1980447529435167,-0.0179079554079699,44097.81826419605,0.0667976424361493,44518.02524723385,1.8312499999999967,0.1700637948328544,147.3651437,625987.3734667003,321642.049999997,0.0006405866890504,0.0,0.0,0.0,19032.75,8520.0,0.012220616389007,-3830.0,1398686.9701821085,2.125,1367234.6999999993,-0.0020843317590052,0.0,0.0101235338714713,0.086351340519313,1576462.375
2024-06-24,1553622.8333333333,144.9046966,1576462.375,143.4719143,33.0625,144.9046966,0.1643380815913531,4.6,143.4719143,32.925,1231155.8335151132,63.146,0.2880446543705943,5.290998910821767,0.0,64.21000000000002,-18207.5,0.3191177850000031,0.4461818114752813,4.605590610361548,2.153832813725129,965077.8322022344,0.1171959988958874,4.731448092599051,1705950.4404296477,0.0,0.0,-4700.0,-41754.82499999995,0.2071881606430051,0.8575503955559676,-0.0406016419457451,-55396.5,-0.0215418991543761,0.1400000000000005,-0.3862928425749174,-0.0350084967324392,45143.598468253775,0.0450980392156863,43695.31042879283,1.0906250000000028,0.1932355125080143,147.3651437,1025235.8140889184,722838.549999997,0.0033995584988963,0.0,0.0,0.0,-49485.875,-33550.0,-0.0313904573840526,-3380.0,1375859.6669180442,1.4375,1302714.59,-0.0044040026997036,0.0,0.0120567770665183,0.1008254233635106,1526976.5
2024-06-25,1561554.375,144.9046966,1526976.5,143.4719143,33.916666666666664,144.9046966,0.1486868357255275,4.6,143.4719143,33.2,1156421.7690032253,62.742,0.2606118301448248,5.468918780912168,0.0,62.43333333333336,-13318.5,0.2735295299999905,0.4286776183974693,4.424908329715453,2.285914477841516,1011491.1548996528,0.1406063402238751,4.902124002630816,1622933.9389415325,0.0,0.0,11230.0,9120.581250000048,0.2071906042004557,0.9474852015910296,-0.0367348189032936,23794.625,0.0236042208047877,0.1200000000000001,0.7249017138607883,0.0152781381694855,43304.082509429136,0.0635838150289016,44817.44474118465,2.1031249999999986,0.2075160139550926,147.3651437,1595686.7841756863,1314686.5,0.0006490077880934,0.0,0.0,0.0,54247.75,35970.0,0.0355262507314291,5520.0,1367115.6160998372,2.0625,1182343.1799999997,0.001323666757923,0.0,0.0124318308291597,0.1411788288021549,1581224.25
2024-06-26,1558557.5,144.9046966,1581224.25,143.4719143,33.583333333333336,144.9046966,0.1345261847040433,4.6,143.4719143,33.325,1102263.283689099,62.568,0.2357916558453325,5.609730174635498,0.0,61.83000000000002,-16402.0,0.2279412750000062,0.4050622753208188,4.181145362387625,2.425211005471096,1032079.7567218094,0.1323336495512868,4.989438213319942,1558884.4109115151,0.0,0.0,48630.0,-6965.0625,0.1891173785770066,0.9335387804491132,-0.0332362647220279,-8990.625,-0.0045388979709587,0.1000000000000005,-0.7578270207926181,-0.0057030381077125,41619.23599286994,0.0173745173745174,42832.57182799506,0.4718749999999971,0.184218649714736,147.3651437,2271715.804730385,1943922.3999999985,0.0011872437257467,0.0,0.0,0.0,-13752.5,-7080.0,-0.0086973748347206,-630.0,1184951.733932037,0.5625,2291440.2300000004,0.0294995577300536,0.0,0.0129799350447123,0.1945600217954648,1567471.875
2024-06-27,1583334.5833333333,144.9046966,1567471.875,143.4719143,33.625,144.9046966,0.1217141671131969,4.6,143.4719143,33.625,1044652.2092159688,61.566,0.2133353076696096,5.815355784075116,0.0,60.20333333333336,2288.5,0.1823530199999936,0.3741805019116068,3.862376640792749,2.527262873463005,1077970.8734823652,0.1396172491011739,5.219240189742302,1613432.1714188824,0.0,0.0,23560.0,25575.65625,0.210786945787042,0.9014106269720876,-0.0300709061770731,74331.25,0.0115535462431655,0.0799999999999991,-0.233272066431418,0.0486787124752738,42051.732345283606,0.0721442885771543,41033.48006756945,0.8562500000000028,0.1686049738814464,147.3651437,3409142.680470355,3128476.8999999985,0.0009113368103212,0.0,0.0,0.0,33836.0,17940.0,0.0215863539486438,19960.0,1230340.910618058,2.25,4139088.969999999,0.0790208982554767,0.0,0.0115516495222878,0.2131328552939964,1601307.875
2024-06-28,1594067.8333333333,144.9046966,1601307.875,143.4719143,34.041666666666664,144.9046966,0.1101223416738435,4.6,143.4719143,33.9875,1126837.477004896,61.012,0.1930176593201338,5.912822351342525,0.0,59.90000000000001,38300.5,0.1367647650000094,0.3340229092190471,3.4478607930371905,2.684725752926475,1097737.557552555,0.1407166974781711,5.432353371994587,1910065.0138859951,0.0,0.0,61930.0,35791.5625,0.2079906584549044,1.10599350282298,-0.0272070103506854,32199.75,0.0222192511666698,0.0599999999999996,1.8812062256096735,0.0203638098770619,42887.22674252491,0.0573012939001849,41419.849869541096,2.953125,0.1539705969404025,147.3651437,4658931.806139849,4492369.5,0.0001864893920444,0.0,0.0,0.0,12116.25,34900.0,0.0075664718415306,39180.0,1496846.411167577,1.9375,6624715.539999999,0.0917852157228489,0.0,0.0106188412383476,0.2166679716519108,1613424.0
2024-07-01,1601503.3333333333,145.05125138,1613424.0,143.4719143,34.520833333333336,144.9046966,0.7626204091334898,4.6,143.4719143,34.2,1794545.3947828773,60.714,3.2935167822420226,6.135933935742881,3.4471850999999845,61.120000000000026,7602.5,3.366002354999978,0.8402350406460375,2.9038378268441885,2.66834346404484,1200638.4104720345,0.118593935465992,5.829757126863921,2114490.4267185945,0.7327739000000122,-0.5999999999999996,21710.0,11043.475000000091,0.171786111513173,1.1498533945440812,-0.567473009364905,22306.5,-0.011416221872061,-0.5299999999999994,0.4579961088849416,0.0142308784831368,42902.6801851146,0.0396975425330812,42192.617404621655,1.46875,0.1672430298964302,147.3651437,3808637.586507477,3725201.700000003,0.003016177680285,-0.1304347826086955,0.0050569368501753,0.0240268983432667,-23645.75,-18330.0,-0.0146556329892204,-29190.0,1647134.5203539447,1.3125,6310719.48,0.0898886026915759,0.7327739000000122,0.0135771681906344,0.1340576681523881,1589778.25
2024-07-02,1608781.875,145.19780616,1589778.25,143.4719143,35.041666666666664,144.9046966,0.6899898939779234,4.6,143.4719143,34.3,1920352.4325479348,61.336,2.979848517266589,6.273285800717803,3.4471850999999845,62.05000000000002,43082.5,3.14805484499999,1.0956350630361682,2.17095478473137,2.6244859145735573,1270701.6769675892,0.1056506813365104,6.142366143631528,2211854.0003103414,0.7327739000000122,-0.5999999999999996,6290.0,45401.96249999991,0.1741210658297859,1.2289510664307983,-0.5134279608539618,21835.625,0.0049707676024393,-0.5199999999999996,0.9798536223244696,0.0136361202273578,41544.62588202286,0.0566037735849056,42164.64747938345,1.9562499999999967,0.1711804808643671,147.3651437,2888259.292554386,2880410.299999997,0.0007326407873153,-0.1304347826086955,0.0050569368501753,0.0240268983432667,33365.125,7890.0,0.0209872823458239,35620.0,1747746.9325529183,1.875,5054146.289999995,0.052401662896673,0.7327739000000122,0.0139489020363845,0.1243419077173235,1623143.375
2024-07-03,1619293.3333333333,145.34436094,1623143.375,146.9190994,34.708333333333336,144.9046966,0.6242765707419551,4.0,143.4719143,34.6625,2072411.8870179784,61.510000000000005,2.696053420384061,6.35676266503597,3.4471850999999845,62.66000000000002,56573.0,2.9301073350000024,1.2628678107219349,0.8544329735992129,2.642143218956765,1313931.725013287,0.1037403395829567,6.22442935455121,2370993.5720301527,0.7327739000000122,-0.5999999999999996,49260.0,67539.9125000001,0.1687568720414548,1.2679427688696252,-0.4645300598202517,31534.375,0.0243547709648501,-0.5099999999999998,0.660343753531663,0.0195450018098155,40962.78768091495,0.0754352030947775,40822.71882179225,1.578125,0.1741837398698421,149.6974453,2818913.550406352,2863391.200000003,0.0005463465804167,-0.1304347826086955,0.0050569368501753,0.0240268983432667,21815.0,38850.0,0.0134399710684831,13230.0,1825726.7436380289,2.4375,5235986.210000001,0.0914991417294921,0.7327739000000122,0.0144017193437246,0.1025765327050503,1644958.375
2024-07-04,1627656.7916666667,145.49091572000003,1644958.375,146.9190994,35.083333333333336,145.6374705,0.5648216592427389,4.0,146.9190994,35.075,2148808.652487121,61.330000000000005,2.4392864279665503,6.389373167559884,3.4471850999999845,61.23000000000002,17061.0,2.7577480799999705,1.41469491529139,0.9571563808540636,2.676918102281318,1326790.2642186517,0.1050055145137986,6.282549683579151,2544643.197300962,0.7327739000000122,-0.5999999999999996,34540.0,39669.11250000005,0.1809669583019403,1.305270660325946,-0.4202891017421333,25090.375,-0.0186656222078065,-0.4799999999999995,1.2760253008143607,0.0157823111493693,37338.47850973548,0.1115459882583169,40243.85740101189,2.128124999999997,0.1832842448844967,149.6974453,3262932.021796219,3388322.6499999985,0.0002730241244115,-0.1304347826086955,0.0050569368501753,0.0240268983432667,-30089.75,-30500.0,-0.0182921041999011,-41940.0,1956391.2939213573,3.5625,5673737.780000001,0.1122909495211728,0.0,0.0115968279914293,0.1125752594849728,1614868.625
2024-07-05,1626601.5833333333,145.6374705,1614868.625,146.9190994,35.208333333333336,145.6374705,0.5110291202672386,4.0,146.9190994,35.0,2202390.216193334,61.772000000000006,2.2069734348268923,6.49337741578374,3.4471850999999845,60.62666666666669,39699.5,2.5853888249999954,1.531452169058901,1.0361521765173731,2.6014690181966933,1323584.5451917264,0.1248670660395543,6.394441171444217,2621673.137758603,0.7327739000000122,-0.5999999999999996,60040.0,42837.56875000009,0.1635967081260796,1.324211533029274,-0.3802615682428829,-3165.625,0.0083067252045498,-0.4500000000000002,1.0414038435939474,-0.0019503052218046,38650.4338070811,0.0423572744014733,36649.66869659555,1.8250000000000028,0.168955647937409,149.6974453,2157280.8292441964,2291150.350000001,0.0025438902960956,-0.1304347826086955,0.0050569368501753,0.0240268983432667,5109.125,13320.0,0.0031638022566695,21670.0,1981450.5457924416,1.4375,5077007.370000001,0.0974846055302964,0.0,0.0135209713024282,0.0837383987800939,1619977.75
2024-07-08,1627097.5833333333,145.6374705,1619977.75,146.9190994,35.479166666666664,145.6374705,0.4623596802418035,4.0,146.9190994,35.2375,2236222.401010948,61.75600000000001,1.996785488652904,6.584342272281221,3.4471850999999845,61.53000000000002,44867.0,2.4130295699999635,1.6207366336482043,1.0965603917932285,2.5694816188249696,1348492.5332828932,0.1301072033274377,6.726733859859193,2643006.3012381536,0.7327739000000122,-0.5999999999999996,71950.0,63267.28125,0.1647305138770281,1.335385533478456,-0.3440461807911799,1488.0,0.0049788476287078,-0.4199999999999999,1.1118653822992854,0.0009045821600197,39608.52597603591,0.0675422138836772,37899.92661268274,1.828125,0.169944257841962,149.6974453,1506791.2264590338,1636081.8999999985,0.0007296487884562,-0.1304347826086955,0.0050569368501753,0.0240268983432667,26468.625,8050.0,0.016338881814889,8530.0,1988874.1477380088,2.25,3977196.1899999976,0.0748575809803429,0.0,0.0108241298895586,0.0802707691095658,1646446.375
2024-07-10,1646189.375,145.6374705,1646446.375,146.9190994,35.083333333333336,145.6374705,0.4183254249806794,4.0,146.9190994,35.1,2225738.722338808,61.898,1.8066154421145484,6.59741518368522,3.4471850999999845,62.99666666666669,72296.0,2.2406703149999885,1.6869161721773889,1.1413362419785558,2.470987177543557,1329827.8510612636,0.1536886816100434,6.738831774464596,2656760.4786239658,0.7327739000000122,-0.5999999999999996,99390.0,80544.125,0.1481157035987887,1.305018621311939,-0.311279877858686,57275.375,0.011280763620922,-0.3899999999999997,-0.1249789398244587,0.0354675136499107,39730.68412969917,-0.0054347826086956,38615.99530068289,0.484375,0.1770108283457275,149.6974453,767103.4906057939,870461.049999997,0.0009902929525966,-0.1304347826086955,0.0050569368501753,0.0240268983432667,25697.625,18330.0,0.0156079331766878,32960.0,1980783.2408306024,-0.1875,3531914.959999997,0.0440005837328441,0.0,0.0111688854199876,0.0736483808863414,1672144.0
2024-07-11,1668883.4166666667,145.6374705,1672144.0,146.9190994,34.895833333333336,145.6374705,0.378484908315869,4.0,146.9190994,35.1125,2213313.882981826,62.274,1.6345568285798322,6.5344011726301305,3.4471850999999845,63.49666666666669,92271.0,2.068311059999985,1.7326403420872174,1.172272368570433,2.4064021517184595,1273795.8016585817,0.1571868870027587,6.707688361739647,2606514.031842656,0.7327739000000122,-0.5999999999999996,128870.0,88017.4624999999,0.1868733286780761,1.2756577250878016,-0.281634175205478,68082.125,0.0272878859799661,-0.3599999999999994,0.3393047687302513,0.0420265803033406,41441.52512721616,0.0569259962049335,38376.23714181672,0.8624999999999972,0.1996838619369798,149.6974453,1677505.920071907,1776524.450000003,0.0007283954643793,-0.1304347826086955,0.0050569368501753,0.0240268983432667,15915.875,44840.0,0.0095182442421226,28850.0,1986332.3808424056,1.875,2398041.77,0.0467418523622742,0.0,0.0107054625308811,0.0994526039593976,1705676.0
2024-07-12,1691937.625,145.6374705,1705676.0,146.9190994,35.229166666666664,145.6374705,0.3424387265715154,4.0,146.9190994,35.325,2149851.2494088355,63.01800000000001,1.4788847496674862,6.5762053328351175,3.4471850999999845,63.33333333333335,74171.5,1.8959518049999813,1.7595045850672888,1.1904482178699414,1.9457359587206209,1192001.6327177102,0.1485852618214712,6.877844272911942,2497795.63495964,0.7327739000000122,-0.5999999999999996,96830.0,108617.5562499999,0.1521878993470039,1.228348672211425,-0.2548118728049564,69162.625,0.0206272288899682,-0.33,1.8903233621845172,0.0420072138699325,48380.20385751438,0.0934579439252336,41942.451589336975,2.34375,0.2336984233991714,149.6974453,2337153.73720792,2418349.799999997,0.0013579576317219,-0.1304347826086955,0.0050569368501753,0.0240268983432667,27549.125,34820.0,0.0163199927964641,-12080.0,1973973.543335959,3.125,1096560.0200000033,0.0333939267541469,0.0,0.011156453629961,0.087641972472912,1715609.0
2024-07-15,1636217.2916666667,145.6374705,1715609.0,146.9190994,35.541666666666664,145.6374705,0.3098255145170867,4.0,146.9190994,35.3,2016930.4328976297,63.728,1.3380385830324997,6.626621668505456,3.4471850999999845,63.6766666666667,-119185.5,1.7235925500000064,1.7683686441146027,1.1964454760672107,1.9174036035621709,1091594.1144141443,0.1135297350941952,6.586509418205628,2342926.6166763944,0.7327739000000122,-0.5999999999999996,-139590.0,-100014.1312500001,0.1452300886819044,1.2452665311289348,-0.2305440753949605,-167161.0,-0.0042196786775631,-0.2999999999999998,0.5227925657859913,-0.0999680649513439,51778.50009701221,-0.0139860139860139,48438.583014315045,0.9593750000000014,0.2337173572037177,149.6974453,4103389.047950022,4295658.799999997,0.0012693246541903,-0.1304347826086955,0.0050569368501753,0.0240268983432667,-210626.0,-7270.0,-0.1227703981501612,-197240.0,2176978.6601076727,-0.5,-1501434.039999999,0.0411993454982233,0.0,0.0122511653413763,0.1316909484790504,1504983.0
2024-07-16,1582286.6666666667,145.6374705,1504983.0,146.9190994,35.958333333333336,145.6374705,0.2803183226583314,4.0,146.9190994,35.4,1912896.1387794649,63.178,1.210606337029418,6.55616244866599,0.0,63.03666666666669,-193107.0,1.5512332949999743,1.7595045850672917,1.1904482178699165,1.934210773363474,1011430.7734524125,0.1188043974800897,6.078376233164599,2163597.932410607,0.0,0.0,-192880.0,-76637.7124999999,0.1632089104892896,1.2699841676892971,-0.2085874967859169,-161791.875,-0.1060322567483286,-0.2699999999999996,1.208121845234949,-0.0958448674695262,54138.40840185282,0.049090909090909,53390.58484415901,1.6218750000000028,0.2551884169516417,149.6974453,1518355.1862404945,1654316.6499999985,0.0006284401681619,0.0,0.0,0.0,21285.0,-181910.0,0.0141430168978653,-82480.0,2134876.448682328,1.6875,-1923522.25,0.0026534215040909,0.0,0.0098414434117004,0.0931185615025504,1526268.0
2024-07-17,1518582.3333333333,145.6374705,1526268.0,146.9190994,36.270833333333336,145.6374705,0.2536213395480331,4.0,146.9190994,36.0375,1761761.4532011813,62.86,1.095310495407574,6.357352477799615,0.0,62.73333333333336,-108846.5,1.3788740399999997,1.7326403420872232,1.1722723685703802,1.9342179162065152,909974.0483841778,0.118136499417399,5.975998485195385,1995648.9278717572,0.0,0.0,-151500.0,-74374.09375,0.1915164529454752,1.401431804252694,-0.1887220209015438,-191113.0,3.260089978485148e-05,-0.2400000000000002,2.393657859974475,-0.111396594445471,56895.765454893626,0.0714285714285714,55717.02590193941,2.840625000000003,0.2571892938936835,149.6974453,932426.0732652098,1028487.1499999984,0.0003573362208988,0.0,0.0,0.0,-1772.0,50.0,-0.0011610018686102,77000.0,2115526.073364044,2.5,-1573768.2199999988,0.0052491477752647,0.0,0.0094627227728183,0.107336735785546,1524496.0
2024-07-18,1526518.0,145.6374705,1524496.0,146.9190994,36.66666666666666,145.6374705,0.2294669262577429,4.0,146.9190994,36.3625,1731279.42281659,62.49400000000001,0.9909952101306772,6.033601176624659,0.0,61.440000000000026,-81736.0,1.2065147849999676,1.6869161721773975,1.1413362419784745,1.9326046645601207,779059.6023100207,0.1158516119642569,5.733916545232285,1826781.6919537252,0.0,0.0,-142270.0,-67400.9437500001,0.1916669359131051,1.3400576566042233,-0.1707484951013969,23807.0,0.0127791361043194,-0.2099999999999999,1.2043809209292815,0.0158187833350942,58938.39020118227,0.0485611510791366,58463.93168988045,1.5718749999999986,0.2565351809457439,149.6974453,865778.4948590025,838748.200000003,0.0009958542156023,0.0,0.0,0.0,4294.0,19600.0,0.0028166685907997,22460.0,1983903.3569484744,1.6875,-2010468.1999999995,0.0011989374002026,0.0,0.0099162361986304,0.1084742537910436,1528790.0
2024-07-19,1539776.875,145.6374705,1528790.0,146.9190994,36.97916666666666,145.6374705,0.2076129332808136,4.0,146.9190994,36.45,1644746.183857415,62.218,0.8966147139277609,5.951877611807691,0.0,61.73333333333336,-27118.0,1.0341555299999925,1.620736633648217,1.0965603917931146,1.780517665708666,696214.1794793435,0.1152642359319431,5.561408260721803,1652591.281256941,0.0,0.0,-46300.0,-30577.068750000093,0.1679390388315313,1.2315914234062468,-0.1544867336631687,39776.625,-0.0085299513953712,-0.1799999999999997,1.598606547507444,0.026061363404068,58671.06914705742,0.0422535211267605,60494.67015655883,1.8812500000000012,0.2287700500702001,149.6974453,781627.8763010055,614993.1000000015,0.002162746688294,0.0,0.0,0.0,37254.625,-13250.0,0.0243687000830721,54030.0,1799589.5339185346,1.5,-2850084.129999999,-0.0142435763023328,0.0,0.0118241767839986,0.1346075177490154,1569018.0
2024-07-22,1557394.2083333333,145.6374705,1569018.0,146.9190994,37.083333333333336,145.6374705,0.1878402729683728,4.0,146.9190994,36.9625,1573975.4307961864,62.194,0.8112228364108489,5.754460306729906,0.0,62.56666666666669,-9593.0,0.861796274999989,1.5314521690589191,1.0361521765172237,1.885203535013373,595654.1608066389,0.1184631519974421,5.60457977675426,1469974.345845024,0.0,0.0,-49940.0,-19317.975000000093,0.1789063985596148,1.3363281881009237,-0.1397737114095338,52852.0,0.0187260567495617,-0.1500000000000003,2.1814773525067395,0.0346685068376695,58655.38547717315,0.068904593639576,60149.505502953405,2.5,0.2031200944193661,149.6974453,542353.9833199531,211047.5,0.0003560830860533,0.0,0.0,0.0,11303.375,28840.0,0.0072177860193478,18030.0,1534108.6529677578,2.4375,-2632668.5500000007,-0.0006473349443013,0.0,0.0096161176150286,0.1397005215056642,1590407.0
2024-07-23,1593311.875,145.6374705,1590407.0,146.9190994,38.22916666666666,145.6374705,0.1699507231618611,4.0,146.9190994,37.725,1402783.605388328,62.41799999999999,0.7339635186574469,5.694094725021898,0.0,62.910000000000025,35456.5,0.689437020000014,1.4146949152914172,0.9571563808538676,1.7379881745117671,569054.5985518956,0.1246868827275623,5.565550050869988,1311143.7764043051,0.0,0.0,-10340.0,34398.69999999995,0.1775831126864009,1.599223058689654,-0.1264619293705307,107753.0,0.0136843983836221,-0.1200000000000001,3.839789033220384,0.0704825384781429,56894.15101054453,0.1212653778558874,59971.52274034116,4.234375,0.1984640960818919,149.6974453,840439.6515751928,381869.6499999985,0.0002696638909263,0.0,0.0,0.0,59195.0,21470.0,0.037528180211342,48130.0,1263379.272273451,4.3125,-2019337.179999996,0.0169831317324336,0.0,0.0091520480564142,0.1878448036650515,1635674.0
2024-07-24,1607191.0,145.6374705,1635674.0,146.9190994,38.22916666666666,145.6374705,0.1537649400036116,4.0,146.9190994,37.625,1231966.4523635113,62.486,0.6640622311662696,5.63655167079349,0.0,63.18000000000003,36480.5,0.5170777650000105,1.2628678107219728,0.8544329735989578,1.681360664526323,528012.2477325931,0.1300931264651335,5.725402743848173,1155583.6726910654,0.0,0.0,-39270.0,4214.8125,0.1545746224625573,1.6030751441403135,-0.1144179360971469,41637.375,0.0085889802000742,-0.0899999999999998,0.8729043633898712,0.0265876044241075,56689.34781937554,0.0783242258652094,58057.856587477465,1.234375,0.2192077741990919,149.6974453,1137002.208568029,598494.3500000015,0.0014450087886728,0.0,0.0,0.0,-28861.0,13660.0,-0.017635344748045,4030.0,1025020.8075983904,2.6875,-1618643.059999999,0.0390874725490804,0.0,0.0096104715001683,0.2108817781139353,1582112.0
2024-07-25,1605955.0,145.6374705,1582112.0,146.9190994,37.645833333333336,145.6374705,0.1391206600032717,4.0,146.9190994,37.55,1082997.4645624151,63.214,0.6008182091504466,5.55486282938805,0.0,63.14000000000002,-22208.0,0.344718510000007,1.0610211864681265,0.7178672856406199,1.7027782252003183,488280.5814582156,0.1306874795325583,5.645824237089321,1043964.835858482,0.0,0.0,-126700.0,-30135.600000000093,0.1661843923310279,1.4587072672214612,-0.1035209898021811,-3708.0,-0.0364697301239971,-0.0600000000000005,-0.0584436712186899,-0.0023507811846212,56499.673122239,0.0359066427289047,58040.03819646176,0.140625,0.2360127650207715,149.6974453,1878731.045847267,1337145.3999999985,0.0005384043847653,0.0,0.0,0.0,-34042.0,-58500.0,-0.021174585521266,-58580.0,899617.8349843752,1.25,-837510.3900000006,0.0353056367533055,0.0,0.009418794133623,0.2551221123082503,1538280.0
2024-07-26,1576931.6666666667,145.6374705,1538280.0,146.9190994,36.6875,145.6374705,0.1258710733362988,4.0,146.9190994,37.55,890444.6859790153,63.984,0.5435974273266027,5.590374810958948,0.0,64.34333333333336,-28966.0,0.1723592550000035,0.7708140214610516,0.5215184921638828,1.7888569564199572,426626.5216348028,0.1311177783541507,5.571321680128743,1047962.505222865,0.0,0.0,-122670.0,-51710.86250000005,0.1349888804102264,1.3530545365744542,-0.0936618479162589,-87070.0,-0.0047167064578116,-0.0299999999999993,0.7953366784211866,-0.0532036127373372,57792.90987894287,0.0119658119658119,59354.60779747649,0.8999999999999986,0.2617157832718343,149.6974453,1063390.2319570482,542885.8999999985,0.0025937126682955,0.0,0.0,0.0,-24167.0,-7290.0,-0.0153573879667522,-8050.0,864905.0007700702,0.4375,-1176000.7200000023,0.0032166178252708,0.0,0.010664496880933,0.1979638273532792,1549473.0
2024-07-29,1537141.4583333333,145.6374705,1549473.0,146.9190994,36.8125,145.6374705,0.1138833520661819,4.0,146.9190994,37.4625,849976.8020113539,64.738,0.4918262437716976,5.468154311981227,0.0,66.32000000000002,-50301.0,0.0,0.0,0.0,2.0476240403286843,344833.217989399,0.130483597832296,5.635734762753041,1004699.2857849868,0.0,0.0,48690.0,-106616.85624999995,0.1533786070127952,1.3794634492773203,-0.0847416719242346,-119370.625,-0.0337779858023247,0.0,1.0588760423810726,-0.0742501471062063,62940.28382645344,0.0602836879432624,60523.52423857544,1.1937500000000014,0.178831804926615,149.6974453,2195809.400342092,1834420.700000003,0.0001824856695076,0.0,0.0,0.0,-61161.625,-51960.0,-0.0394725335646377,-25880.0,960448.8577054604,2.125,-798287.5199999996,-0.0125634313939605,0.0,0.0095674598014996,0.211575639499405,1488311.375
2024-07-30,1494100.25,145.6374705,1488311.375,146.9190994,37.97916666666666,145.6374705,0.1030373185360815,4.0,146.9190994,37.4,535543.5143320996,64.90599999999999,0.444985649126778,5.474855898191056,0.0,65.73000000000002,-111264.5,0.0,0.0,0.0,2.041605341006609,338291.2403829603,0.1267876052975824,5.825663639656694,940384.5181054604,0.0,0.0,63750.0,-143148.76249999995,0.1681044219948386,1.5040344592470665,-0.0766710365028791,-129123.625,-0.0312584100328328,0.0,2.93719737167811,-0.0820541070384586,71381.2082053317,0.097053726169844,65314.76961428849,3.121875000000003,0.192060120261996,149.6974453,1997936.3145952225,1751743.450000003,0.0005366246310705,0.0,0.0,0.0,-43795.0,-46460.0,-0.0294259660549862,-67420.0,1045130.4915051316,3.5,446015.9800000042,0.034716411966486,0.0,0.0094748240389821,0.1848211785390615,1444516.375
2024-07-31,1467557.1666666667,145.6374705,1444516.375,146.9190994,37.958333333333336,145.6374705,0.0932242405802696,4.0,146.9190994,37.3875,531135.1483296383,64.86999999999999,0.4026060634956536,5.430907915825008,0.0,64.6566666666667,-111928.5,0.0,0.0,0.0,2.045619903471647,317400.16336021444,0.129843077295568,5.880145361638283,1028891.0605684732,0.0,0.0,-22620.0,-110156.40625,0.1524264100842371,1.468333507576204,-0.0693690330264145,-79629.25,-0.0190643534788104,0.0,0.2824642886611457,-0.0513911826795303,75483.84144872437,-0.015,73336.85710890779,0.3999999999999986,0.1869290563981736,149.6974453,1895100.094157584,1717628.25,0.0005363368195225,0.0,0.0,0.0,25327.375,-27450.0,0.017533463405702,-9370.0,1105967.88513872,-0.5625,2769491.6499999985,0.0466421316163412,0.0,0.0096554560904063,0.1868098245577126,1469843.75
2024-08-01,1470514.0416666667,145.80852271999998,1469843.75,146.9190994,38.1875,145.6374705,0.858153403382147,4.0,146.9190994,37.7875,601905.0404232043,65.01399999999998,1.0317805812580048,5.334190018980832,0.7377830000000074,63.60000000000002,-52258.5,0.7008938500000284,0.1649732940579742,0.529927158711219,2.053123166506998,318695.3662839329,0.1021580077528578,5.860020118547785,1086174.3208830846,0.855261100000007,0.2000000000000001,7870.0,-75429.3374999999,0.1655567722643446,1.4426929942490372,0.1181899224999103,8870.625,0.0447178935294991,0.1900000000000004,1.273420070693419,0.0059601943175364,76021.38897370527,0.0445969125214407,77188.82751079711,1.359375,0.2219060785528525,149.6974453,1172086.5613806697,1028579.950000003,0.0007183060841597,0.05,0.0058725347059636,0.0050216956339443,27338.25,63160.0,0.018599425959392,52950.0,1121111.0487756787,1.625,2736849.4700000025,0.0342483812795844,0.855261100000007,0.0093755068937551,0.1505471486266405,1497182.0
2024-08-02,1473442.0833333333,145.97957494000002,1497182.0,146.9190994,37.375,145.6374705,0.776424507821929,4.0,146.9190994,37.8125,735674.6344178728,65.096,0.9335157639953592,5.2339985721563735,0.7377830000000074,64.66000000000003,-71889.0,0.6640047000000209,0.2270848159562936,0.7294417680816063,1.9464702196013737,288460.33458724094,0.1089138430917955,5.539698927815153,1085698.9039245923,0.855261100000007,0.2000000000000001,-71690.0,-111232.4312499999,0.1602704601149311,1.4168968305020773,0.1069337394046803,8784.125,-0.0240923846378009,0.1799999999999997,0.3039276830083324,0.0060810144848653,79785.8860673957,0.0033783783783782,77573.58911788075,0.3406250000000028,0.2304958970090266,149.6974453,983703.7936301306,897948.6499999985,0.0017784062908445,0.05,0.0058725347059636,0.0050216956339443,-43881.5,-35550.0,-0.0293093959184654,-25530.0,1140840.9710857277,0.125,2844789.419999998,0.0326051733105825,0.855261100000007,0.0089884003237119,0.159223808075312,1433349.875
2024-08-05,1457001.8333333333,146.15062716,1433349.875,147.6568824,37.395833333333336,145.6374705,0.702479316600801,4.2,146.9190994,37.7375,892521.6982661721,65.414,0.8446095007576844,5.244283002587943,0.7377830000000074,67.22666666666669,-128432.5,0.6271155500000134,0.270284993395079,0.8682093632572483,2.3700838870353094,287224.2729970595,0.1295957067862726,5.840314767138518,1097680.2179723708,0.855261100000007,0.2000000000000001,-156590.0,-134037.1937500001,0.1680321139929111,1.3778790134316057,0.0967495737470915,-49320.75,-0.073887862668574,0.1700000000000008,0.1618869512932477,-0.0335550972679918,84798.70505564177,-0.0214876033057851,82648.65785119738,0.1343749999999985,0.1940082672304319,147.327539,417724.76566535234,312316.299999997,0.0007165162339051,0.05,0.0058725347059636,0.0050216956339443,-32777.5,-106400.0,-0.022553835218525,-66870.0,1123561.5168601908,-0.8125,2800298.889999997,0.0259628302054655,0.855261100000007,0.0093519437373257,0.1524846786729417,1420523.0
2024-08-06,1443798.1666666667,146.32167938000003,1420523.0,147.6568824,37.583333333333336,146.4927316,0.6355765245435805,4.2,147.6568824,37.55,966560.3656341884,66.294,0.7641705006855375,5.225104985162761,0.7377830000000074,67.86333333333336,-82710.0,0.5902264000000059,0.3027797546111073,0.9725890241085172,2.480256565677099,296325.2052842083,0.1116668651553615,6.146201993725578,1170666.256845737,0.855261100000007,0.2000000000000001,-167910.0,-87545.42500000005,0.2083159099159564,1.3954961624709137,0.0875353286283209,-39611.0,0.0651609903870666,0.1600000000000001,1.6167072416462671,-0.0264570372873839,84543.89244293804,-0.0313479623824451,87208.59293998055,1.6062500000000028,0.1640339752509562,147.327539,898365.9308400825,770543.6499999985,0.000801496126102,0.05,0.0058725347059636,0.0050216956339443,37048.0,86900.0,0.0260805351268511,36810.0,1085574.882086483,-1.25,3232055.040000003,0.0294891494953786,0.0,0.0098886049194999,0.1989508111566705,1457571.0
2024-08-07,1443418.25,146.4927316,1457571.0,147.6568824,37.875,146.4927316,0.5750454269679892,4.2,147.6568824,37.7625,1027427.3762772772,67.312,0.6913923577630783,5.184242801197232,0.7377830000000074,68.35000000000002,-51126.0,0.5533372499999984,0.3277686990566031,1.0528585028998063,2.5896445600456035,301305.31099620427,0.1206297947807339,6.281147125393023,1219385.6008694826,0.855261100000007,0.2000000000000001,-149810.0,-81956.51249999995,0.2259655281330823,1.2557229190149677,0.0791986306637184,-1139.75,0.0155928814800214,0.1500000000000003,0.8972589329180494,-0.0007842493689363,81399.2261792248,0.0270270270270269,86685.4753820783,0.796875,0.160393481384872,147.327539,869530.413617216,680177.299999997,0.0006193272824346,0.05,0.0058725347059636,0.0050216956339443,-5410.25,22150.0,-0.0037118260448376,22130.0,963897.5652532062,1.0,2657020.610000003,0.0223257162067092,0.0,0.0090559617517524,0.1696756073705274,1452160.75
2024-08-08,1480032.5,146.4927316,1452160.75,147.6568824,38.020833333333336,146.4927316,0.5202791958281807,4.2,147.6568824,37.6375,1081368.5778606562,67.726,0.6255454665475497,5.095482493623252,0.7377830000000074,67.45333333333336,69.5,0.5164481000000194,0.3468777861023451,1.1142407057650292,2.652729676549689,301227.89380569133,0.1289155958742342,6.13090555261148,1244105.5950408813,0.855261100000007,0.2000000000000001,-48810.0,4133.193750000093,0.2168092070933397,1.1228552289271068,0.0716559039338404,109842.75,0.0065780809194064,0.1399999999999996,0.3028771297829991,0.0773255695261534,72896.18446396799,0.0381282495667243,83287.71888106104,0.1031249999999985,0.1527988842595166,147.327539,445581.1361298636,223272.3500000015,0.0005335723737567,0.05,0.0058725347059636,0.0050216956339443,78205.0,9490.0,0.0538542306697107,42420.0,916016.8898403344,1.375,1879538.380000003,-0.0033915570267234,0.0,0.0090510886059602,0.1717961055350157,1530365.75
2024-08-09,1522140.4583333333,146.4927316,1530365.75,147.6568824,37.625,146.4927316,0.4707287962255009,4.2,147.6568824,37.7,1097379.2479191923,68.292,0.5659697078287138,5.148422829595283,0.7377830000000074,67.99000000000002,59664.5,0.4795589500000119,0.3610418466499151,1.1597384962060835,2.7983056433651887,264989.93309727067,0.1288689806735483,6.39221671049944,1250337.1693381353,0.855261100000007,0.2000000000000001,13370.0,64248.02499999991,0.2308770208286928,1.1081477180994177,0.0648315321306176,126323.875,0.0538577016306742,0.1299999999999999,0.2740316888512879,0.086667390473603,59629.24728277492,0.0118243243243243,72548.26539788235,0.0593750000000028,0.140204686325807,147.327539,-73058.49588251114,-311316.8999999985,0.0022291431131209,0.05,0.0058725347059636,0.0050216956339443,53529.125,78210.0,0.0349779946395167,54130.0,912309.9762550606,0.4375,1675691.66,1.3371052696165007e-05,0.0,0.0086841709783378,0.1659667075340641,1583894.875
2024-08-12,1567721.9166666667,146.4927316,1583894.875,147.6568824,37.520833333333336,146.4927316,0.4258974822992627,4.2,147.6568824,37.8375,1104628.762006626,68.878,0.5120678308926188,5.16253548484666,0.7377830000000074,69.83666666666669,68244.5,0.4426698000000044,0.3708279516225932,1.1911734192485202,3.3460289110659778,271057.13923204574,0.0904751207961761,6.348199413201835,1251726.8044654853,0.855261100000007,0.2000000000000001,52910.0,65062.16874999995,0.2630891421364304,0.9894592489135304,0.05865710049913,136744.375,0.0237132196789011,0.1200000000000001,0.474123908960685,0.0941661417305212,61467.50511004868,0.008361204013378,58817.40319098108,0.1875,0.1782453452814278,147.327539,-149882.40103655308,-297638.549999997,0.0001702725424883,0.05,0.0058725347059636,0.0050216956339443,5010.25,36290.0,0.0031632465506903,13660.0,820365.1156981031,0.3125,647389.9200000018,-0.0276346253650527,0.0,0.0086718540381003,0.0947640693249226,1588905.125
2024-08-13,1588165.625,146.4927316,1588905.125,147.6568824,37.97916666666666,146.4927316,0.3853358173183778,4.2,147.6568824,37.875,1114642.6105511182,68.944,0.4632994660456973,5.124346299844011,0.7377830000000074,69.89333333333336,55231.0,0.4057806499999969,0.3765775650618961,1.2096423255695636,3.220747665732429,284566.1472498031,0.0906595480314852,6.360340027345916,1247408.9927417624,0.855261100000007,0.2000000000000001,116320.0,64582.47500000009,0.2624850405912079,0.9700701955054076,0.0530707099754028,61331.125,0.0069383273971379,0.1100000000000003,1.4468263938215742,0.0400761223256598,63316.68777825739,-0.0189573459715639,60918.97059006943,1.1749999999999972,0.140782721932637,147.327539,-34938.6485568881,-206916.8500000015,0.0005320111083919,0.05,0.0058725347059636,0.0050216956339443,2791.75,10870.0,0.0017570275003047,-4010.0,809696.3408921458,-0.75,-256021.3500000015,-0.025752088225449,0.0,0.0086672030034862,0.0973063093745701,1591696.875
2024-08-14,1595970.7083333333,146.4927316,1591696.875,147.6568824,38.208333333333336,146.4927316,0.3486371680499474,4.2,147.6568824,37.9,1118695.887329358,68.954,0.4191757073747055,5.077684382170546,0.7377830000000074,69.45333333333336,79100.0,0.3688914999999895,0.3784746932654748,1.215736280135514,3.149547127011788,316175.19158856955,0.0854183000240289,6.157233315829635,1228141.7521024195,0.855261100000007,0.2000000000000001,156240.0,76055.01875000005,0.2617977685312647,0.975459574547465,0.0480163566444122,23415.25,0.0087224965610797,0.1000000000000005,0.6870095944100001,0.0147833359205735,65795.79469753247,0.0321489001692048,62964.2779757883,0.4562499999999971,0.1524564066129347,147.327539,920016.5084485336,747358.950000003,0.0014250316378292,0.05,0.0058725347059636,0.0050216956339443,15613.25,13760.0,0.009809185558651,30550.0,786660.3043447203,1.1875,-2184905.219999995,-0.0076072376445553,0.0,0.0095631198070222,0.155791363642996,1607310.125
2024-08-15,1614294.0,146.4927316,1607310.125,147.6568824,38.29166666666666,146.4927316,0.3154336282356667,4.2,147.6568824,38.0,1106530.791357222,68.83399999999999,0.3792542114342438,4.986435917428983,0.0,67.38000000000002,91212.0,0.3320023500000104,0.3765775650619067,1.2096423255695856,2.9392768534211995,389330.9343778904,0.0855209606503336,5.9167082776154345,1204059.4954921023,0.0,0.0,121890.0,106865.64375000005,0.2689275822323934,0.9325306894893493,0.0434433702973251,54969.875,0.0100673038855267,0.0899999999999998,0.4519372520852371,0.0345960713041315,70437.57267998096,-0.0032840722495894,65675.16822232776,0.1937500000000014,0.1524973700183333,147.327539,464682.5552629605,264961.1000000015,0.0003504412373762,0.0,0.0,0.0,36564.875,16020.0,0.022749110100952,18600.0,738757.863623003,-0.125,-1781152.6099999994,-0.0039916350737686,0.0,0.0091920035996657,0.1450358566819652,1643875.0
2024-08-16,1633504.8333333333,146.4927316,1643875.0,147.6568824,37.958333333333336,146.4927316,0.2853923303084684,4.2,147.6568824,38.075,1099898.707957653,68.46000000000001,0.3431347627262369,5.100163542341433,0.0,67.18333333333335,109123.5,0.2951132000000029,0.3708279516226156,1.1911734192485652,2.75820803764914,360714.65274372033,0.0790650609306708,5.732179042846056,1193714.9000999818,0.0,0.0,170260.0,108155.78125,0.2646939956431774,0.915975492014421,0.0393059064594849,57632.5,0.0227523004274221,0.08,0.2958003709342662,0.0362082133257941,74584.28773344177,0.0185185185185186,70607.35369835312,0.0281250000000028,0.1492376037106335,147.327539,-615142.5928573236,-898458.6000000015,0.0021231422505307,0.0,0.0,0.0,5454.375,36570.0,0.0033179986312827,22840.0,709240.0312006559,0.6875,-2644506.0,-0.024341394149248,0.0,0.0095392907558711,0.1499548691136367,1649329.375
2024-08-19,1650093.0,146.4927316,1649329.375,147.6568824,37.8125,146.4927316,0.2582121083743232,4.2,147.6568824,38.075,1085373.9102183103,67.624,0.3104552615141926,5.117800822999556,0.0,67.62000000000002,111737.0,0.2582240499999955,0.3610418466499495,1.1597384962061508,2.7819668827732333,386907.7227155138,0.0731611788984621,5.708557634241131,1177765.089223551,0.0,0.0,244120.0,111914.69999999995,0.2674434821051719,0.9161999160563086,0.0355624867966763,49764.5,-0.0035282380709054,0.0699999999999994,0.1545336689405232,0.030961355388712,78639.80115824928,0.0185810810810811,74875.01561016998,-0.0906250000000028,0.1706379268447608,147.327539,-512673.0125852004,-880331.700000003,0.0003495762711864,0.0,0.0,0.0,7745.25,-5800.0,0.0046959995483013,6990.0,654421.3247013697,0.6875,-2542592.279999997,-0.013525134066082,0.0,0.0091691156826074,0.1538250081801329,1657074.625
2024-08-20,1655226.25,146.4927316,1657074.625,147.6568824,38.583333333333336,146.4927316,0.2336204790053386,4.2,147.6568824,38.3625,1042918.5692671704,67.68800000000002,0.2808880937509173,5.0463030762710135,0.0,67.98333333333335,113671.5,0.221334899999988,0.3468777861023902,1.1142407057651205,2.575300902195114,413303.6962825409,0.0701545390302832,5.363251640393907,1158143.0590091208,0.0,0.0,211420.0,112978.23750000005,0.2687938360476288,0.9639631309134884,0.032175583292231,15399.75,0.0009462297323696,0.0600000000000005,2.458268557612854,0.009367956809368,80179.28544120835,0.0420711974110032,78728.02200092058,2.453125,0.1823460361718602,147.327539,-283352.43995803595,-701861.8500000015,0.0005294759247296,0.0,0.0,0.0,2200.125,1550.0,0.0013277163060776,4110.0,623186.6547318818,1.625,-2931139.3100000024,-0.020580912955374,0.0,0.0088948211425521,0.16646003534282,1659274.75
2024-08-21,1645808.3333333333,146.4927316,1659274.75,147.6568824,39.0625,146.4927316,0.2113709095762601,4.2,147.6568824,38.5875,960339.035578278,67.364,0.2541368467269933,4.98889661893563,0.0,67.62666666666668,94113.0,0.1844457499999805,0.3277686990566607,1.0528585028999229,2.382299861810805,417862.9515209232,0.0703162931808507,5.22439548255935,1156617.9903996468,0.0,0.0,170780.0,74109.4312499999,0.2617655078141745,0.9968030723914122,0.0291112420263042,-28253.75,-0.013710410275489,0.0499999999999998,1.3193858378402012,-0.0171304473371184,80772.71770856906,0.0328947368421053,80380.1522055761,1.3406250000000028,0.1750540523401747,147.327539,259408.4114665389,-160510.0,0.0005291957283319,0.0,0.0,0.0,-38199.125,-22480.0,-0.0230215791567972,-18510.0,601803.2130716464,1.25,-2630820.830000002,-0.0108380707259562,0.0,0.0088039441669867,0.1616243833645984,1621075.625
2024-08-22,1619256.75,146.4927316,1621075.625,147.6568824,40.083333333333336,146.4927316,0.1912403467594856,4.2,147.6568824,39.15,850069.7664389744,67.22200000000001,0.2299333375148933,4.904942620052686,0.0,66.71000000000002,50976.5,0.1475566000000014,0.3027797546111803,0.9725890241086664,2.324978551118852,419463.38136600825,0.0687179031976289,5.060650155888126,1176235.6925798682,0.0,0.0,87140.0,30264.6875,0.2417797520140913,1.0867208340001662,0.026338742785704,-79654.75,-0.0268002349812942,0.04,2.550872900903037,-0.0480695007926996,80842.80620393044,0.0884808013355593,81855.71614777419,2.606250000000003,0.1811450693393552,147.327539,234280.32466020435,-142694.29999999702,0.0009732051241364,0.0,0.0,0.0,-43655.75,-43340.0,-0.0269301131463253,-41220.0,600811.3293406721,3.3125,-2256982.750000004,-0.00365151738572,0.0,0.0092472109046695,0.1513459875215055,1577419.875
2024-08-23,1601820.9583333333,146.4927316,1577419.875,147.6568824,39.6875,146.4927316,0.1730269804014312,4.2,147.6568824,39.4,750184.7073782147,67.098,0.2080349244182286,5.055934787919672,0.0,66.20000000000003,42425.5,0.1106674500000224,0.2702849933951727,0.868209363257443,2.3053239868216657,396131.16428338765,0.070967327270686,4.955599809707526,1183185.1929051334,0.0,0.0,26450.0,56937.46875,0.2070802780083848,1.0702071476182435,0.0238302910918273,-52307.375,0.0022937965828149,0.0300000000000002,0.7811469103408442,-0.0315242397318467,81944.2918420855,0.0434056761268781,82173.97218839561,0.8156249999999972,0.1792577546186511,147.327539,84613.62707351893,-293303.8500000015,0.0020290620871861,0.0,0.0,0.0,29547.5,3610.0,0.0187315377904693,-6560.0,594097.6880956066,1.625,-1795595.5300000012,0.0038261944658732,0.0,0.0090457288196921,0.1432199497791774,1606967.375
2024-08-26,1592463.25,146.4927316,1606967.375,147.6568824,39.375,146.4927316,0.1565482203631916,4.2,147.6568824,39.525,663891.0300679442,67.27000000000001,0.1882220744736571,5.1547765279770905,0.0,67.46333333333335,50616.5,0.0737783000000149,0.2270848159564194,0.7294417680818739,2.357164387006817,393786.65971501736,0.0772182402543764,4.814965158126488,1191029.4636121218,0.0,0.0,24870.0,37738.03750000009,0.1863400623602592,1.0503562991959188,0.0215607395592725,-28073.125,0.0020159500957259,0.0199999999999995,0.028180537927426,-0.0173175912135499,81134.0435639733,0.0165837479270314,83294.09615510023,0.0187499999999971,0.1957544301614924,147.327539,369086.4244950935,72182.25,0.0009597435059114,0.0,0.0,0.0,-13964.875,3180.0,-0.0086902044293214,12080.0,557666.6977715741,0.625,-806171.1999999993,0.0119545944496144,0.0,0.0098422055052509,0.1416519008488869,1593002.5
2024-08-27,1605368.0,146.4927316,1593002.5,147.6568824,39.333333333333336,146.4927316,0.1416388660428822,4.2,147.6568824,39.6,576229.0944676783,67.126,0.170296162618996,5.202353718393365,0.0,67.82333333333337,33438.5,0.0368891500000074,0.1649732940581703,0.5299271587116393,2.1210625440552744,375910.51941293007,0.0862940219392872,4.791499353325444,1220286.477893314,0.0,0.0,18440.0,52288.77499999991,0.206911830045901,1.1408739364246951,0.0195073357917223,38714.25,0.0074338858661266,0.0100000000000006,2.117758581934339,0.024542767980529,77811.94327147331,0.0466988727858292,82563.70526047527,2.278125000000003,0.2078064736801991,147.327539,241247.0031146109,17643.39999999851,0.000705946811649,0.0,0.0,0.0,23131.625,11750.0,0.0145207713107795,-10440.0,513140.0740649721,1.8125,-675701.8399999999,0.007764736845838,0.0,0.0100177597226505,0.1731424741409167,1616134.125
2024-08-28,1608893.6666666667,146.4927316,1616134.125,147.6568824,39.16666666666666,146.4927316,0.128149450229273,4.2,147.6568824,39.4625,626166.7269357528,67.292,0.1540774804647924,5.169243327577585,0.0,67.95000000000003,33110.0,0.0,0.0,0.0,1.770838264184354,368340.1395712076,0.0805577225135974,4.627802024636803,1163408.0179347778,0.0,0.0,-4870.0,46313.99374999991,0.1766453353049838,1.0920381340326912,0.0176494942877489,10577.0,0.0046974597293307,0.0,0.0499958598453531,0.0065819631216843,75392.23139865471,0.0114754098360656,79415.05742151788,0.1343749999999985,0.2299020189062187,147.327539,2045607.8599608392,1989085.549999997,0.0003474598578574,0.0,0.0,0.0,1410.25,7480.0,0.0008726070306819,7240.0,647140.891023975,0.4375,-227555.5300000012,0.0260884319731795,0.0,0.0089309418373741,0.1993308604414726,1617544.375
2024-08-29,1631274.1666666667,146.4927316,1617544.375,147.6568824,39.66666666666666,146.4927316,0.1159447406836307,4.2,147.6568824,39.275,639011.2627283947,67.40599999999999,0.1394034347062245,5.094453020659652,0.0,66.93666666666668,74150.0,0.0,0.0,0.0,1.7027751342732966,372376.1839391205,0.091222411191924,4.304229988018462,1085058.5799741962,0.0,0.0,24910.0,80765.51875000005,0.1992013304347203,1.1306282821941935,0.0159685900698676,67141.5,0.0110699261796565,0.0,1.1761867303362763,0.0421477681296795,75773.35343029395,0.0494233937397035,77146.29243411914,1.296875,0.2375517525376074,147.327539,2364306.492345527,2450052.25,0.0006210003368136,0.0,0.0,0.0,42599.625,17710.0,0.0263359853728897,48380.0,861027.9143086523,1.875,220329.5,0.0450340469294823,0.0,0.0092038216560508,0.1467656665322419,1660144.0
2024-08-30,1665084.2916666667,146.4927316,1660144.0,147.6568824,39.958333333333336,146.4927316,0.1049023844280441,4.2,147.6568824,39.7625,626095.298981162,67.486,0.1261269171151582,5.205515571889586,0.0,66.80000000000003,134969.0,0.0,0.0,0.0,1.6717164201737031,356270.7377594328,0.1462018198709909,4.207310523646603,1122939.5940728756,0.0,0.0,75160.0,124972.8187500001,0.2238688098969763,1.262906233495844,0.0144477719679754,101430.375,0.0263362884379985,0.0,2.59095466078044,0.0627611121075732,75671.85601017636,0.0975206611570247,77629.08293412844,2.765625,0.2351381338402804,147.327539,2282731.921645947,2489981.549999997,0.0022720817949446,0.0,0.0,0.0,57420.5,42600.0,0.0345876622750798,73090.0,1040120.0731854428,3.6875,3041684.009999998,0.0716909000753054,0.0,0.009353813559322,0.1395406508911532,1717564.0
2024-09-02,1710847.1666666667,146.67707068,1717564.0,147.6568824,39.79166666666666,146.4927316,0.9288265668634494,4.2,147.6568824,39.7125,569089.2085225361,67.74199999999999,0.2569761011994274,5.212128845877646,0.1578992999999968,68.21333333333335,139124.0,0.1500043349999771,0.0353073568110531,0.5553587424435318,1.7473085317904928,374781.7039423672,0.1628225013312872,4.327231125189338,1150289.9676574145,0.921695399999976,-0.7000000000000002,88980.0,145525.8187500001,0.1997289418463307,1.2072287752480348,-0.6202615396480224,137288.625,0.0335935523510064,-0.6650000000000009,-0.7659219735796015,0.084874719433895,72520.3498431546,0.0099502487562188,75671.81254944668,-0.7250000000000014,0.2396104376809949,147.327539,1737027.8814891877,2000381.3999999985,-8.39604126654514e-05,-0.1666666666666667,0.0062917483340858,0.0010693663406238,37268.5,55770.0,0.0216984573213989,20810.0,1137687.170718787,0.375,2894266.669999998,0.063536553536557,0.921695399999976,0.008916374572448,0.0975567078226134,1754832.875
2024-09-03,1735883.5,146.86140976000002,1754832.875,147.6568824,39.8125,146.4927316,0.8403668938288433,4.2,147.6568824,39.5625,580210.9726926411,68.37,0.2325021867994792,5.257741160045119,0.1578992999999968,69.43000000000002,122789.5,0.1421093699999858,0.0486003790618284,0.7644482007539722,1.828619266292821,378819.75661276287,0.1588336952364446,4.376103169218976,1125913.8552685217,0.921695399999976,-0.7000000000000002,83270.0,112061.71875,0.2190250779781936,1.230505886552154,-0.5611890120624965,75109.0,-0.004196024267007,-0.6300000000000008,0.9469039286660744,0.0452424608949584,68405.88524626255,-0.0093167701863353,72520.29735748126,1.0249999999999986,0.221417701197141,147.327539,1267648.2261092665,1583254.700000003,0.0014904224612961,-0.1666666666666667,0.0062917483340858,0.0010693663406238,-19580.0,-7200.0,-0.0111577568919664,-1600.0,1197127.866760527,-0.375,2624832.829999998,0.052804620177874,0.921695399999976,0.0098853762052431,0.0897788536961711,1735253.0
2024-09-04,1762335.375,147.04574884,1735253.0,147.8147817,38.4375,146.4927316,0.760331951559408,3.5,147.6568824,39.325,631295.0203329602,68.56199999999998,0.2103591213900131,5.22880171446511,0.1578992999999968,69.74333333333335,143409.0,0.1342144049999944,0.0578460214523762,0.9098753521685282,1.8262907475923715,381865.4607314541,0.1874307444020219,4.3223583657980384,1150059.6786268926,0.921695399999976,-0.7000000000000002,137830.0,156490.875,0.2219039356575382,1.260792226923644,-0.5077424394851162,79355.625,0.0155321850987002,-0.5950000000000006,-1.4051821597783132,0.0462024133591489,66449.52765611971,-0.0477707006369426,68405.8362802215,-1.4437500000000014,0.2193220605626137,144.8438992,1758300.9188607708,2147155.850000001,0.0003458503201736,-0.1666666666666667,0.0062917483340858,0.0010693663406238,61667.125,26540.0,0.0355378293539905,36050.0,1299424.7644250705,-1.875,2927444.609999996,0.0542678913470671,0.921695399999976,0.0097003162916653,0.0944239272292653,1796920.125
2024-09-05,1765879.375,147.23008792000002,1796920.125,147.8147817,38.520833333333336,147.414427,0.687919384744248,3.5,147.8147817,39.025,645643.822184527,68.946,0.1903249193528609,5.12754850635131,0.1578992999999968,68.94333333333334,157963.0,0.1263194400000031,0.0648005054280372,1.0192642676714976,1.826205730038569,367360.9354420884,0.1448050492095364,4.171205808278328,1243913.4415066796,0.921695399999976,-0.7000000000000002,208380.0,113280.7875000001,0.2416739474207208,1.2250134263485604,-0.4593860166770103,10632.0,0.0099178792681169,-0.5600000000000005,-0.4231410017041881,0.0060586961836255,66748.40296413611,-0.0598159509202453,66449.48578183251,-0.5499999999999972,0.220031930849789,144.8438992,2163818.545635938,2618091.299999997,0.0004400209533785,-0.1666666666666667,0.0062917483340858,0.0010693663406238,-31455.125,17210.0,-0.0175050212652051,29330.0,1433941.3555204254,-2.4375,3488609.169999998,0.0665403213919544,0.0,0.0091624834874504,0.1084707350146917,1765465.0
2024-09-06,1761351.0416666667,147.414427,1765465.0,147.8147817,38.020833333333336,147.414427,0.622403252863819,3.5,147.8147817,38.4,698897.5005967868,69.422,0.1721987365573625,5.256078285960569,0.1578992999999968,68.55333333333336,88067.0,0.1184244750000118,0.0701486048509473,1.1033859362164815,1.834259566664267,300307.13737705775,0.1019800085783476,4.132546812580853,1294895.5163804018,0.921695399999976,-0.7000000000000002,154070.0,62595.13125000009,0.2481837763109116,1.1848958634556204,-0.4156349674696762,-13585.0,-0.0289821165675678,-0.5250000000000004,-0.3262942396371215,-0.0078288295712498,66438.38779276478,-0.0175999999999999,66748.36707039394,-0.5343749999999972,0.2144567243762621,144.8438992,91711.68414679916,470091.8999999985,0.0023562183219536,-0.1666666666666667,0.0062917483340858,0.0010693663406238,-43797.0,-50790.0,-0.0248076285851036,-60870.0,1412262.9155255323,-0.6875,2896378.170000002,0.0294090977543874,0.0,0.0094919687397829,0.0878492569378854,1721668.0
2024-09-09,1741896.25,147.414427,1721668.0,147.8147817,38.25,147.414427,0.5631267525910744,3.5,147.8147817,38.4,724132.7872225348,69.666,0.1557988568852408,5.293448681922703,0.1578992999999968,70.05333333333336,75306.5,0.1105295100000205,0.0742383053031558,1.1677139149419362,1.7227807234402437,279837.59610052005,0.1026712628731128,4.2788408108373615,1309064.5858147012,0.921695399999976,-0.7000000000000002,137340.0,72000.3500000001,0.2524180343010345,1.167380636013594,-0.3760506848535168,-58364.375,0.0117531601309301,-0.4900000000000006,-0.5779566930050137,-0.0324802278008878,66546.92794057181,-0.0065252854812397,66438.35514222359,-0.8656250000000014,0.2088710975862523,144.8438992,-1037505.2381528914,-796591.1499999985,0.0006059529655129,-0.1666666666666667,0.0062917483340858,0.0010693663406238,16887.75,20000.0,0.0098089469049782,-4650.0,1389652.8005357762,-0.25,2025703.259999998,-0.0009093842730028,0.0,0.0091351624731317,0.0854803389045461,1738555.75
2024-09-10,1714513.0833333333,147.414427,1738555.75,147.8147817,38.41666666666666,147.414427,0.5094956332966945,3.5,147.8147817,38.1875,717304.7743940346,69.768,0.1409608705152152,5.253386777343036,0.1578992999999968,70.80000000000003,42153.0,0.1026345450000008,0.0772696780048899,1.215395176919022,1.8304460198496928,256513.5716144282,0.0814416606300579,4.404740986502035,1310915.6788547116,0.921695399999976,-0.7000000000000002,121630.0,12179.168749999952,0.2524180343010345,1.167380636013594,-0.3402363339150867,-82149.5,-0.02317517294255,-0.4550000000000005,0.1556582301383215,-0.0465313670902566,64235.90663070948,-0.0446153846153846,66546.89904196805,-0.1156250000000014,0.1711270303715694,144.8438992,-618974.0726145208,-483575.700000003,0.00043852779953,-0.1666666666666667,0.0062917483340858,0.0010693663406238,-55240.25,-39900.0,-0.0317736431517942,-26150.0,1362888.917884614,-1.8125,1817643.629999999,0.0079015935952801,0.0,0.0088654909186627,0.082106534202,1715185.0
2024-09-11,1728666.5833333333,147.414427,1715185.0,147.8147817,38.54166666666666,147.414427,0.4609722396493794,3.5,147.8147817,38.4625,723650.6363971157,69.46000000000001,0.127536025704245,5.243483449482509,0.1578992999999968,69.80666666666669,84633.0,0.0947395800000094,0.0793640866930293,1.2483386844231468,1.88014410142146,270357.3767676875,0.0901333533108957,4.179633923816497,1308784.6782776052,0.921695399999976,-0.7000000000000002,164870.0,85151.25,0.2619129307058053,1.1530271585209395,-0.3078328735422215,42460.5,0.0198659745387299,-0.4200000000000004,0.0842860177441977,0.0246624203969638,65591.6157272022,0.0048622366288493,64945.27524978135,-0.2093750000000014,0.1800111446077108,144.8438992,57671.26763448119,177233.8999999985,0.0007827421021322,-0.1666666666666667,0.0062917483340858,0.0010693663406238,80813.0,33410.0,0.0480082313743324,50480.0,1362366.3967035788,0.1875,1344597.34,-0.0172727617638498,0.0,0.0093044796227685,0.0856796571854222,1764128.5
2024-09-12,1745834.0416666667,147.414427,1764128.5,147.8147817,38.770833333333336,147.414427,0.4170701215875283,3.5,147.8147817,38.55,741858.0120916186,69.078,0.1153897375419319,5.173804565791012,0.1578992999999968,67.96333333333335,88336.0,0.0868446149999897,0.0805946110307793,1.2676939267807896,1.885055073886064,310432.59340724273,0.0857473861860333,4.0580488895217455,1309918.8202455458,0.921695399999976,-0.7000000000000002,127830.0,103771.71875,0.2669107428566629,1.1291953935610537,-0.2785154570143913,51502.375,0.0285392786762905,-0.3850000000000002,0.0762587779590333,0.0296236545765069,69502.46438431217,-0.0266875981161694,66087.7737545219,-0.25,0.1794245948243564,144.8438992,255102.385002628,348076.299999997,0.0007821298961332,-0.1666666666666667,0.0062917483340858,0.0010693663406238,25929.625,48950.0,0.0146982631934124,11340.0,1355759.4531678376,-1.0625,342093.91999999434,-0.0234131686117722,0.0,0.0094670074789358,0.0945691335373538,1790058.125
2024-09-13,1790640.2083333333,147.414427,1790058.125,147.8147817,38.583333333333336,147.414427,0.3773491576268384,3.5,147.8147817,38.525,751276.8795735562,68.344,0.1044002387284308,5.310008895894299,0.1578992999999968,66.18000000000002,100081.0,0.0789496499999984,0.081000631792175,1.2740803345891414,1.9602950234472427,302381.46179924416,0.0936897591951476,4.055462982234512,1279932.4759266006,0.921695399999976,-0.7000000000000002,73940.0,123027.36250000005,0.2752884259765295,1.109037893554365,-0.2519901753939733,134418.5,0.0146984632651787,-0.3500000000000001,-0.3833849151799242,0.0798534202293035,74789.49420035053,-0.0783132530120481,69795.46483417029,-0.7718750000000014,0.1822205732396244,144.8438992,-984519.937378578,-1038687.3500000016,0.0021674117144434,-0.1666666666666667,0.0062917483340858,0.0010693663406238,27675.875,25930.0,0.0154608806348117,19200.0,1305789.707492174,-3.25,-1896473.299999997,-0.050919844707158,0.0,0.0093615860121951,0.09225248580229,1817734.0
2024-09-16,1806888.1666666667,147.414427,1817734.0,147.8147817,38.4375,147.414427,0.3414111426147315,3.5,147.8147817,38.575,744824.7911595261,67.768,0.0944573588495245,5.346259489316935,0.0,67.23333333333335,127574.5,0.0710546850000071,0.0805946110307964,1.2676939267808118,1.97391482512462,318786.2687054846,0.0943013684395012,4.0014524994727845,1236268.4269601873,0.0,0.0,89550.0,110375.8500000001,0.2708654227739924,1.0778258070728008,-0.2279911110707377,48743.875,0.0122789180250941,-0.3149999999999999,-0.2903244470675545,0.0276305694284741,78676.29437030225,0.0065681444991789,74873.46750223887,-0.7406250000000014,0.1870320979554662,144.8438992,-1350942.4671520442,-1562965.450000003,0.0003431245126073,0.0,0.0,0.0,-4861.625,21980.0,-0.0026745524922788,36420.0,1284012.6181462675,0.25,-1612440.619999997,-0.053955463518674,0.0,0.0097927053266859,0.0921014189140243,1817734.0
2024-09-17,1814634.7916666667,147.414427,1817734.0,147.8147817,37.79166666666666,147.414427,0.3088957956990157,3.5,147.8147817,38.175,721567.8842189044,67.016,0.0854614199114678,5.30161273881615,0.0,67.36333333333336,88225.5,0.0631597199999873,0.0793640866930641,1.2483386844231916,1.9857359765149325,329586.830852036,0.0925845792626793,3.8324873056073616,1196104.4526163016,0.0,0.0,58910.0,103100.3125,0.2503386422800036,1.148672718033859,-0.2062776719211436,23239.875,-0.0106399417231407,-0.2800000000000002,-1.6198173568706409,0.0129827488143716,81702.90002325932,-0.0768025078369906,78950.90914664668,-2.0687500000000014,0.185971198622429,144.8438992,-1324766.3750423267,-1676251.200000003,0.0003534009645767,0.0,0.0,0.0,425.625,-19280.0,0.000234779351194,-32240.0,1283995.095861517,-3.0625,-1785378.41,-0.0501514016121621,0.0,0.0086462580043389,0.0921019120357156,1813298.0
2024-09-18,1813756.4166666667,147.414427,1813298.0,147.8147817,37.75,147.414427,0.2794771484896046,3.5,147.8147817,38.05,708362.3452370488,67.0,0.0773222370627593,5.222123257506615,0.0,67.56666666666669,94469.5,0.055264754999996,0.0772696780049455,1.215395176919092,1.9767071902014552,342181.7224408434,0.1010467681195837,3.5589333115502586,1156707.0811320678,0.0,0.0,37890.0,95200.0249999999,0.2497132442943448,1.1571786811021876,-0.1866321793572254,-2635.125,-0.0061804145563265,-0.2450000000000001,-0.278049037168671,-0.0014496758051507,82081.8524752584,0.020066889632107,81785.5433432763,-0.7000000000000028,0.1868756913175247,144.8438992,-356977.7678954378,-764059.200000003,0.0009455331352217,0.0,0.0,0.0,1800.875,-11080.0,0.0009931489473875,15030.0,1270103.5410418124,0.75,-2156550.4099999964,-0.0448550333874301,0.0,0.0092509167103196,0.0952596332038487,1815098.875
2024-09-19,1825150.0,147.414427,1815098.875,147.8147817,38.22916666666666,147.414427,0.2528602772048884,3.5,147.8147817,38.25,695925.0604192406,67.01,0.0699582144853536,5.104568928731745,0.0,66.70000000000003,99240.5,0.0473697899999763,0.0742383053032374,1.1677139149420332,1.949526258244193,333115.7219237545,0.117341967866614,3.3904345320417995,1105338.4681208965,0.0,0.0,25000.0,113672.61250000005,0.2456609203696035,1.0892340983691386,-0.1688576860851087,34180.75,0.0187575771182255,-0.2099999999999999,1.2186699187521557,0.0188544712089839,79552.70562340494,0.0375203915171289,81935.54457728837,0.9750000000000014,0.1908662857068911,144.8438992,-185076.98047682643,-637304.5,0.0004359876677773,0.0,0.0,0.0,31954.25,33420.0,0.0176046883396365,16440.0,1251221.902724479,1.4375,-2559548.419999998,-0.0530698418821804,0.0,0.0092468479034892,0.0988320820615234,1847053.125
2024-09-20,1828360.0833333333,147.414427,1847053.125,147.8147817,39.708333333333336,147.414427,0.2287783460425316,3.5,147.8147817,38.85,671633.8540043556,67.316,0.0632955273915172,5.180853897387132,0.0,66.68000000000002,79472.5,0.039474824999985,0.0701486048510616,1.1033859362166094,1.925779678059176,274437.7415634628,0.1154578799312465,3.567211206214872,1048435.338250713,0.0,0.0,77690.0,78749.6937500001,0.2433314437361181,1.2214292412762868,-0.1527760016960511,9630.25,-0.0043083025728609,-0.1749999999999998,2.4597489741090897,0.0053109031168621,76071.49941798695,0.0749185667752443,79072.81996525469,2.3656250000000014,0.1898354489923735,144.8438992,-519516.0775742754,-1039675.549999997,0.0020752269779507,0.0,0.0,0.0,-24124.875,-7820.0,-0.0130612783538643,-8180.0,1238165.68475305,2.875,-1981120.6400000008,-0.0235719556986766,0.0,0.0089639249036221,0.0983476325029181,1822928.25
2024-09-23,1820069.8333333333,147.414427,1822928.25,147.8147817,40.125,147.414427,0.2069899321336947,3.5,147.8147817,39.0625,652465.7440997383,67.576,0.0572673819256692,5.232858331409414,0.0,68.19333333333334,55407.0,0.0315798599999936,0.0648005054281889,1.019264267671664,1.977264457994112,269103.3363328412,0.1123293424695994,3.529896524539315,994572.2567901834,0.0,0.0,68570.0,36188.28750000009,0.2123122048819546,1.218349293100052,-0.1382259062964275,-24870.75,-0.0172303129564871,-0.1399999999999996,0.5290585956225087,-0.0137021461158692,67773.63751226763,0.0344827586206897,75292.7731830228,0.4375,0.1978730446713016,144.8438992,156110.2631470859,-379299.3500000015,0.0006005695055657,0.0,0.0,0.0,-32700.125,-31140.0,-0.0179382403010102,-13770.0,1219704.3741746207,1.3125,-1131896.379999999,0.0131481397898225,0.0,0.008958496476116,0.1039809837851826,1790228.125
2024-09-24,1795941.4583333333,147.414427,1790228.125,147.8147817,40.85416666666666,147.414427,0.1872766052638326,3.5,147.8147817,40.0875,675267.6985817563,67.636,0.0518133455518068,5.230635062658192,0.0,68.4066666666667,9021.5,0.0236848950000023,0.0578460214525737,0.9098753521687444,1.9729723102078116,261669.9949486991,0.1170214855853555,3.700280892645916,932200.9127269898,0.0,0.0,57280.0,12701.46875,0.217945481095259,1.3430000967482532,-0.1250615342681964,-72385.125,-0.0022633350974585,-0.1050000000000004,2.797124443658461,-0.0391895197925072,59569.9230728096,0.0805152979066021,66612.81607256572,2.934375000000003,0.1972785845879552,144.8438992,-21929.38096216321,-587435.0,0.0004346341311973,0.0,0.0,0.0,-15560.125,-4020.0,-0.0086916995564462,-37440.0,1199112.4040407813,3.125,-873433.8800000027,0.0028209665406602,0.0,0.0089545696483923,0.0957346481094202,1774668.0
2024-09-25,1769675.7916666667,147.414427,1774668.0,147.8147817,40.10416666666666,147.414427,0.1694407380958296,3.5,147.8147817,40.2625,603044.2839542384,67.814,0.0468787412135327,5.206525258171289,0.0,68.39666666666669,-11655.5,0.015789930000011,0.048600379062092,0.7644482007542676,1.965175497721958,268630.53510831174,0.1144055476311049,4.00888129168169,887378.7125577761,0.0,0.0,-5930.0,-24164.625,0.2075836332767703,1.3390024763144928,-0.1131509119569398,-78797.0,-0.0172561677538767,-0.0700000000000002,-0.127006455737586,-0.0432255081899136,49248.064433438696,0.0064516129032257,57982.14845946406,-0.0249999999999985,0.198072332420167,144.8438992,808811.5600818545,355846.799999997,0.0012102404965088,0.0,0.0,0.0,-30536.75,-30580.0,-0.0172070212569337,-12730.0,1184197.3860881918,0.25,-416307.3900000006,0.0071992842674193,0.0,0.0093855587535978,0.0951282074847404,1744131.25
2024-09-26,1744823.2916666667,147.414427,1744131.25,147.8147817,40.270833333333336,147.414427,0.1533035249438512,3.5,147.8147817,40.2875,623146.5761015969,67.942,0.0424140991931949,5.147337993747207,0.0,67.31000000000002,-46025.5,0.0078949650000197,0.035307356811455,0.5553587424439904,1.9437522042646231,282972.8527443247,0.0992543227596396,4.169701333524319,880846.8405549392,0.0,0.0,-47630.0,-55401.58125000005,0.2068525087504956,1.3410085253752024,-0.1023746346277074,-74557.5,-0.0192186225983899,-0.0350000000000001,0.6767560638564731,-0.0416469269803254,44129.2919342308,0.0290322580645161,47055.86127905886,0.8468749999999972,0.2014348225368172,144.8438992,1584332.697216913,1306806.6000000015,0.0008575088850317,0.0,0.0,0.0,-28460.625,-33470.0,-0.0163179376552079,-30360.0,1173446.7713144454,1.125,163522.08000000566,0.020706366024495,0.0,0.0094615857534361,0.0950926126453109,1715670.625
2024-09-27,1729192.7916666667,147.414427,1715670.625,147.8147817,39.770833333333336,147.414427,0.1387031892348886,3.5,147.8147817,40.125,636012.5425037552,67.97200000000001,0.0383746611747994,5.2865223621048445,0.0,67.24000000000002,-51653.5,0.0,0.0,0.0,1.9308391276454744,247485.87144699876,0.0942227080797656,4.479199029696696,854274.8692221593,0.0,0.0,-72380.0,-43806.30624999991,0.2034679200786126,1.2562999139065507,-0.0926246694250689,-46891.5,0.0044494663567651,0.0,1.121231676822525,-0.0264226886381001,43532.63931572359,0.0571895424836601,41539.64753604792,1.4624999999999986,0.1984912383033518,144.8438992,2676630.154624827,2628754.6499999985,0.0018890322580644,0.0,0.0,0.0,12105.875,7600.0,0.0070560600756337,-5550.0,1269260.3480176397,2.1875,1539246.6700000018,0.0738083890898351,0.0,0.0091811801403691,0.1012909171718255,1727776.5
2024-09-30,1713615.9166666667,147.414427,1727776.5,147.8147817,40.66666666666666,147.414427,0.1254933616887115,3.5,147.8147817,40.5875,640722.8901443621,67.404,0.0347199315391151,5.2881953941910025,0.0,67.51000000000002,-67449.0,0.0,0.0,0.0,1.8160839158690696,279209.6674535489,0.0988810964017255,4.712503971826134,1025308.889906962,0.0,0.0,-126440.0,-71310.5625,0.183243526619797,1.37372847906998,-0.0838032723369672,-46730.625,-0.0221954105393228,0.0,2.145400088553714,-0.026793066748847,46489.5229570758,0.0880913539967374,40881.06516638042,2.53125,0.2059869969913132,144.8438992,3493337.4256129414,3683717.399999999,0.0003503060025962,0.0,0.0,0.0,-30375.875,-38080.0,-0.0175809052849138,-17640.0,1509908.0877464633,3.375,3249099.43,0.1076179597214423,0.0,0.0091884250789955,0.102091675019611,1697400.625
2024-10-01,1717979.4166666667,147.6000346,1697400.625,147.8147817,40.60416666666666,147.414427,0.9531950415278914,3.5,147.8147817,40.1375,662785.8458930097,67.14000000000001,1.1574728809163162,5.288705343593679,1.2445921999999996,67.07000000000004,-58350.5,1.1823625899999968,0.2782992763430135,0.7046148041368961,1.7838397379055642,307304.8039366004,0.0950905195216171,4.8996213334085335,1128915.1331054296,0.928038000000015,-0.7999999999999998,-86480.0,-39625.46875,0.1846674128478777,1.3691975355823434,-0.799631532114399,13090.5,0.0024380212089962,-0.7599999999999998,0.1315524610724097,0.0076299610247159,46757.31809408136,0.0780984719864177,44142.37452310239,0.5406249999999986,0.201239975610974,144.8438992,2453607.0041259974,2795072.799999997,0.00033988382153,-0.2285714285714285,0.0062954353850319,0.008419944106307,31360.5,4090.0,0.018475602953192,7720.0,1637306.089443069,2.875,3271941.4300000034,0.0947738079884334,0.928038000000015,0.0091747885538537,0.0816436721058178,1728761.125
2024-10-02,1713773.5833333333,147.78564219999998,1728761.125,147.8147817,40.22916666666666,147.414427,0.8624145613823941,3.5,147.8147817,40.2,696709.3291204062,67.84,1.0472373684480942,5.212581212371638,1.2445921999999996,68.17666666666669,-55226.5,1.120132979999994,0.3830773963096265,0.969898334321941,1.8798019912534527,356845.8731216911,0.0934891988091366,5.037263772729616,1231412.2925116995,0.928038000000015,-0.7999999999999998,-101570.0,-49139.53750000009,0.1960244598623093,1.304234626332129,-0.7234761481035039,-12617.5,0.0190940012368583,-0.7200000000000002,-0.2202620590297286,-0.0073027385197101,47696.11005016312,0.0311475409836066,44438.44393643856,0.0687500000000014,0.21769321931862,144.8438992,2311084.0037330464,2817382.600000001,0.0005148005148005,-0.2285714285714285,0.0062954353850319,0.008419944106307,-13602.125,32110.0,-0.0078681344711519,-60.0,1738667.8777430255,1.1875,3550705.5,0.0771283975058669,0.928038000000015,0.008740514673061,0.0746296085774004,1715159.0
2024-10-03,1732970.8333333333,147.9712498,1715159.0,149.0593739,39.91666666666666,147.414427,0.7802798412507457,2.7,147.8147817,40.375,749642.4156312497,68.28,0.947500476214941,5.102086879616191,1.2445921999999996,68.77000000000002,-31880.0,1.0579033699999911,0.455953301390548,1.154409922920188,1.909664823168389,378608.2414934736,0.0784218628530223,5.136535182832309,1318889.2051970086,0.928038000000015,-0.7999999999999998,-98330.0,-8782.53125,0.1922885877091407,1.326332962829042,-0.6545736578079322,57591.75,0.0007993978258713,-0.6799999999999997,1.1013105180207248,0.0339293795181676,47740.09657367975,0.0251572327044025,45598.833522335895,1.3843749999999986,0.2059367755318385,147.9950324,1894711.670044184,2564525.25,0.001029071263185,-0.2285714285714285,0.0062954353850319,0.008419944106307,39833.375,1370.0,0.0232243045688476,19680.0,1786372.369630879,1.0,3663553.6800000034,0.0698213843427639,0.928038000000015,0.0093385214007781,0.0770598522379609,1754992.375
2024-10-04,1742222.2916666667,148.15685739999998,1754992.375,149.0593739,39.895833333333336,148.342465,0.7059674754173386,2.7,149.0593739,40.2125,783238.9429428503,68.726,0.8572623356230338,5.222807170256326,1.2445921999999996,69.88333333333334,-24939.5,0.9956737599999884,0.5107698617477103,1.293197779095384,1.917958001297601,344966.7056284718,0.0833439197961404,4.981753443184777,1472227.324921276,0.928038000000015,-0.7999999999999998,-83500.0,-9001.78125,0.198314808936993,1.3064986542473065,-0.5922333094452719,27754.375,0.0186396604398424,-0.6399999999999997,-0.0214333408383922,0.016054488152607,46748.042238075446,-0.0393939393939394,45667.013383003294,0.1968749999999985,0.2031907055613969,147.9950324,1560431.7014685497,2263951.450000003,0.0021382677974814,-0.2285714285714285,0.0062954353850319,0.008419944106307,1523.125,31970.0,0.0008678812635867,6650.0,1863461.6891336131,-1.625,4247877.560000002,0.0745786877617424,0.0,0.0094020191560963,0.0837976757889567,1756515.5
2024-10-07,1742033.8333333333,148.342465,1756515.5,149.0593739,40.04166666666666,148.342465,0.6387324777585661,2.7,149.0593739,39.825,814767.3200595264,69.35999999999999,0.7756183036589164,5.295680737594159,1.2445921999999996,70.04333333333335,-31569.5,0.933444150000014,0.5529245947015482,1.399927661017666,1.7903369280093984,318923.54430024937,0.0826193058141388,5.108343433231582,1512936.148163114,0.928038000000015,-0.7999999999999998,-76770.0,-49725.55000000005,0.1908574574068305,1.267573832583342,-0.5358301371171508,-565.375,-0.0228546244412264,-0.5999999999999996,0.0937031678128832,-0.0003296341621972,47771.272492533855,0.0095238095238094,44553.36087484822,0.2374999999999971,0.217050900044354,147.9950324,554673.06323345,1171476.8500000015,0.0006872993239845,-0.2285714285714285,0.0062954353850319,0.008419944106307,-41921.875,-39930.0,-0.0238664987584794,-7040.0,1846417.0541794377,0.375,2809395.4499999997,0.0423430510233242,0.0,0.0094895118644768,0.068701120021959,1714593.625
2024-10-08,1734159.5833333333,148.342465,1714593.625,149.0593739,39.60416666666666,148.342465,0.5779008132101353,2.7,149.0593739,39.775,846170.2723251266,70.066,0.7017498937866264,5.285571621808307,1.2445921999999996,70.0466666666667,-50593.0,0.8712145400000111,0.5851603885408064,1.4815441778131595,1.704524860483022,304948.3477046221,0.0818071107579212,5.264673204257654,1538972.2534100674,0.928038000000015,-0.7999999999999998,-58410.0,-35352.25625000009,0.1959351825070452,1.2570688284541445,-0.4847986954869459,-23622.75,0.0042291471415183,-0.56,-0.1979590386454859,-0.0134603148916815,44584.876224298045,-0.059612518628912,45676.5737189244,-0.1062500000000028,0.2153103523490473,147.9950324,516884.2000683546,1059832.049999997,0.000430548436699,-0.2285714285714285,0.0062954353850319,0.008419944106307,16776.0,7220.0,0.0097842426073408,-19080.0,1834776.9442685177,-2.5,2650476.590000004,0.0462567927562704,0.0,0.009485389190587,0.0649514566775033,1731369.625
2024-10-09,1739298.3333333333,148.342465,1731369.625,149.0593739,39.270833333333336,148.342465,0.5228626405234706,2.7,149.0593739,39.6375,867724.6228864859,70.03599999999999,0.6349165705688335,5.217094245772052,1.2445921999999996,70.36000000000003,-3733.0,0.8089849300000083,0.6090542425300406,1.542040070830285,1.7365297366645995,301557.77495045663,0.0826248433063645,5.229700705962345,1553029.3561799007,0.928038000000015,-0.7999999999999998,930.0,4819.706250000047,0.1962499148667077,1.261525809652123,-0.4386273911548559,15416.25,-0.0011024136442645,-0.52,-0.9142248444887784,0.0087766091446388,44595.129036193255,-0.0096153846153845,44862.12737925846,-0.9125000000000014,0.2039106303804776,147.9950324,60208.46672850847,537881.950000003,0.0003381424706943,-0.2285714285714285,0.0062954353850319,0.008419944106307,40562.125,-1890.0,0.0234277674820591,46610.0,1828915.7734282005,-0.375,2095888.740000002,0.0197768699664662,0.0,0.0086060831473675,0.0606522847419637,1771931.75
2024-10-10,1762096.8333333333,148.342465,1771931.75,149.0593739,39.35416666666666,148.342465,0.4730661985688584,2.7,149.0593739,39.4875,970236.5209614004,70.488,0.5744483257527406,5.3428456837952645,1.2445921999999996,70.65000000000003,18934.0,0.7467553200000054,0.6255627686377414,1.5838373476417926,1.889580850209453,317960.2515412703,0.0835186682791968,5.282500404786842,1545798.8571393732,0.928038000000015,-0.7999999999999998,54290.0,16230.53125,0.2228303009286468,1.2513808162848794,-0.3968533539020127,68395.5,0.0329278903143301,-0.48,0.4168918073672927,0.0398902101365272,44431.4052442386,0.0031347962382444,44870.09196728024,0.3999999999999986,0.2248806985438929,147.9950324,37398.755611509085,459554.700000003,0.0032471190781049,-0.2285714285714285,0.0062954353850319,0.008419944106307,11057.375,56390.0,0.0062402939616608,23000.0,1825310.318824405,0.125,1114507.289999999,0.0016781974860065,0.0,0.0110141935483869,0.0673297918516306,1782989.125
2024-10-14,1784250.25,148.342465,1782989.125,149.0593739,39.270833333333336,148.342465,0.4280122748956501,2.7,149.0593739,39.4,975359.4189607706,71.30600000000001,0.5197389613953192,5.5387609293443285,1.2445921999999996,71.95000000000003,32851.5,0.6845257099999742,0.6352619946154904,1.6083944298673218,2.084526956310107,368890.68343844137,0.0848710023247366,5.276845025326082,1523021.4705497895,0.928038000000015,-0.7999999999999998,73830.0,32066.487500000047,0.2214963168476532,1.2151854079338198,-0.3590577963875354,66460.25,0.0079540058340681,-0.4399999999999995,-0.3579312219057797,0.0383859396863335,43441.41210880926,-0.0309119010819165,44709.39799877329,-0.4593750000000014,0.1509276181534001,147.9950324,451602.63602945954,771591.6000000015,0.0007657593269485,-0.2285714285714285,0.0062954353850319,0.008419944106307,14840.75,14070.0,0.0083235224443671,13990.0,1768250.902212999,-1.25,159555.3500000015,-0.0147981369503078,0.0,0.0098806898967627,0.0781824099500782,1797829.875
2024-10-15,1799023.1666666667,148.342465,1797829.875,149.0593739,39.60416666666666,148.342465,0.3872492010960684,2.7,149.0593739,39.375,974599.7656875683,70.866,0.4702400126909936,5.634013620372178,1.2445921999999996,71.42666666666669,36471.5,0.6222960999999998,0.6384623271855938,1.6164972238689386,2.080215765631893,485522.561703672,0.0829415342041863,5.230909652223794,1495210.415821412,0.928038000000015,-0.7999999999999998,93440.0,50318.20625000005,0.2602466562978663,1.174075784336688,-0.3248618157791987,44318.75,0.002024688865333,-0.3999999999999999,0.0719907992281037,0.0250115446037919,43640.33061830675,-0.0494752623688156,43731.52272950023,-0.0874999999999985,0.155563861470977,147.9950324,384103.6706933156,570742.5,0.0004182947855984,-0.2285714285714285,0.0062954353850319,0.008419944106307,18420.625,3610.0,0.010246033429609,1970.0,1652730.1825859104,-2.0625,-1342759.130000003,-0.0358575589145389,0.0,0.0099493264120629,0.0874585667943867,1797829.875
2024-10-16,1796713.625,148.342465,1797829.875,149.0593739,39.583333333333336,148.342465,0.3503683248012237,2.7,149.0593739,39.475,979012.9635557048,70.79400000000001,0.4254552495775385,5.683022176051173,0.0,70.55666666666669,47596.0,0.5600664900000254,0.6352619946155268,1.6083944298673332,2.045091427631768,536306.1454073854,0.086895829064637,5.012475383873427,1428823.6793844905,0.0,0.0,97390.0,11990.081250000048,0.2936539846405336,0.9553993034039506,-0.2939225952287989,-6928.625,-0.0075898354416209,-0.3599999999999999,0.3478726278730448,-0.0038859603251927,42286.50994049001,0.0062992125984251,42706.870217126416,0.0687500000000014,0.1704963701005159,147.9950324,62738.60681775957,92273.79999999702,0.0010198046054374,0.0,0.0,0.0,-40190.0,-13560.0,-0.0221280049200262,11670.0,1492419.10897743,0.25,-1126762.5900000036,-0.0280120024305324,0.0,0.0106357786357786,0.0778998123605574,1776060.5
2024-10-17,1798341.375,148.342465,1776060.5,149.0593739,39.083333333333336,148.342465,0.3169999129154064,2.7,149.0593739,39.2875,983560.5985027526,70.47,0.3849357019986996,5.66174373370287,0.0,68.96666666666668,29125.0,0.4978368799999941,0.6255627686378175,1.5838373476418155,1.9409981154589075,550744.1518585553,0.0881589013531312,4.598205027392237,1349893.44825547,0.0,0.0,77790.0,39261.99374999991,0.286943247141647,1.0013303239993003,-0.2659299671117705,4883.25,0.0017032892658936,-0.3199999999999998,-1.720972384305341,0.0027161913748929,41584.73568314812,-0.0413354531001589,41278.77214854094,-2.159374999999997,0.1656155319314681,147.9950324,-214635.212879166,-309891.950000003,0.0001731901627988,0.0,0.0,0.0,26652.625,3020.0,0.0150065974666966,-19660.0,1397049.8283013997,-1.625,-1773758.4799999967,-0.035115419556934,0.0,0.0102907126318496,0.0788508907120604,1801603.875
2024-10-18,1794786.0,148.342465,1801603.875,149.0593739,39.04166666666666,148.342465,0.2868094450187186,2.7,149.0593739,39.1875,975358.021696298,70.09200000000001,0.3482751589511963,5.692088600192584,0.0,69.36000000000003,33796.0,0.4356072699999913,0.6090542425301569,1.5420400708303206,1.8777099013662075,531605.7610788756,0.0945928757916503,4.390029372906994,1279095.3868218684,0.0,0.0,60910.0,44206.68124999991,0.2865878404110356,1.0041597282632913,-0.2406033035773163,-10666.125,0.0031868292737857,-0.2799999999999998,0.0828106999142193,-0.0058726067797365,38083.32181131698,-0.0306748466257669,40487.61745590411,-0.3343750000000014,0.1910858053230646,147.9950324,-372554.9068906754,-591748.950000003,0.0021186656480773,0.0,0.0,0.0,2871.25,5660.0,0.0015927381679212,2800.0,1304856.6676899677,-1.25,-2444799.870000005,-0.0348972117834321,0.0,0.011390388075045,0.0860391932959889,1805584.375
2024-10-21,1809667.625,148.342465,1805584.375,149.0593739,39.4375,148.342465,0.2594942597788474,2.7,149.0593739,39.575,972631.5459779464,69.792,0.3151060961939151,5.775930888821732,0.0,70.28000000000002,48700.5,0.3733776599999885,0.5851603885409667,1.4815441778132092,1.910885438193296,495245.4995760591,0.0962899232150256,4.765761523092023,1207522.606664213,0.0,0.0,68410.0,59438.82499999995,0.2854942749404806,0.9952343267436896,-0.2176887032366194,44644.875,0.0172361538288845,-0.2399999999999997,1.5451620618271562,0.0251370237669268,37897.02413858973,0.0378548895899053,36824.364242956006,1.296875,0.157843358025463,147.9950324,-265629.868139185,-620910.3999999985,0.0005996971021415,0.0,0.0,0.0,15121.0,30710.0,0.0083745740212224,14150.0,1152167.2020558324,1.5,-3221992.850000001,-0.0305278843253542,0.0,0.0098376127119599,0.0893213662348914,1820705.375
2024-10-22,1811276.3333333333,148.342465,1820705.375,149.0593739,40.8125,148.342465,0.2347805207523094,2.7,149.0593739,40.0125,959543.8440691382,69.962,0.2850959917944919,5.785195147581934,0.0,70.58000000000003,52424.0,0.3111480499999857,0.5529245947017621,1.3999276610177314,1.889228748236261,509931.9852163291,0.0892193793289293,4.636359137607611,1134347.097853667,0.0,0.0,79300.0,45407.14375000005,0.2052405969352106,1.0822658370763851,-0.1969564457855126,4826.125,-0.0048774297490109,-0.1999999999999997,2.02002757974838,0.0026771453167291,38780.69956687443,0.0518867924528301,36628.54561111484,1.8624999999999967,0.1564900030242217,147.9950324,-142394.02355450392,-591598.25,0.0004164888970155,0.0,0.0,0.0,-13166.125,-8840.0,-0.0072313319775858,3850.0,1050982.4275282682,2.0625,-1759882.539999999,-0.0117514417814057,0.0,0.0095643259866735,0.099209989649886,1807539.25
2024-10-23,1800854.4166666667,148.342465,1807539.25,149.0593739,41.0625,148.342465,0.2124204711568609,2.7,149.0593739,40.075,915279.5034089552,69.94800000000001,0.2579439925759459,5.7621719224637085,0.0,70.31666666666669,25963.0,0.2489184400000113,0.5107698617479878,1.2931977790954692,1.83323154422492,503123.47280052816,0.0899903967562808,4.45247450422468,1054989.362174806,0.0,0.0,72630.0,12203.987500000048,0.2116126210265389,0.980122130882042,-0.1781986890440352,-31265.75,-0.0244124218918934,-0.1600000000000001,0.4139535245342429,-0.0173161389923968,38774.83382367296,0.0206022187004755,37565.78182281817,0.3843749999999986,0.1647201759935312,147.9950324,263686.50249830633,-267405.3500000015,0.0011067900043661,0.0,0.0,0.0,-33220.625,-44030.0,-0.0183789231686116,-25750.0,895769.1651202899,0.8125,-1600333.130000003,-0.0041200460305489,0.0,0.0102467415361915,0.109677100783124,1774318.625
2024-10-24,1810617.5416666667,148.342465,1774318.625,149.0593739,41.3125,148.342465,0.1921899500943027,2.7,149.0593739,40.9125,888332.8321304662,70.406,0.2333778980448926,5.714682175702736,0.0,69.99000000000002,64762.5,0.1866888300000084,0.4559533013909088,1.1544099229202995,1.771305198227446,479967.35739422514,0.0972476569880857,4.365569354587879,1013028.2471751464,0.0,0.0,68280.0,82586.9375,0.2108436068495628,1.0544928548446588,-0.1612273853255557,29289.375,0.0083884607515514,-0.1199999999999996,1.844767474578596,0.0160868284359296,43167.62001561662,0.0841423948220065,37559.24827887717,1.8656250000000012,0.1920444538487178,147.9950324,360243.1689270362,-203502.3500000015,0.0004158552418047,0.0,0.0,0.0,75676.125,14760.0,0.0426508091239812,42260.0,820093.2088100095,3.25,-1522322.7300000042,0.0066264696994255,0.0,0.0103252240717028,0.0936115074194642,1849994.75
2024-10-25,1832366.0,148.342465,1849994.75,149.0593739,41.0,148.342465,0.1738861453234221,2.7,149.0593739,41.1875,829016.6197949388,70.63799999999999,0.2111514315644171,5.747767049342516,0.0,70.4866666666667,99627.0,0.1244592200000056,0.3830773963101198,0.9698983343220924,1.7177110687754984,462922.2047866729,0.1476957410295951,4.414098704000928,998557.2253560872,0.0,0.0,87220.0,97521.11250000005,0.1869842982437007,1.0713591573680294,-0.1458723962469315,65245.375,0.042647324045268,-0.08,0.7643134293806284,0.0360962424467408,47350.16285799296,0.021875,42208.22662507733,0.8156249999999972,0.2088537540112239,147.9950324,153426.0576006472,-408095.3500000015,0.0020277189176036,0.0,0.0,0.0,22789.875,75670.0,0.0123188863103529,41940.0,810376.2737780533,0.875,-881225.5100000054,0.0034607527972703,0.0,0.0090972208041495,0.0885242485947313,1872784.625
2024-10-28,1858231.0416666667,148.342465,1872784.625,149.0593739,41.145833333333336,148.342465,0.1573255600545451,2.7,149.0593739,41.1,795710.0535888467,71.26,0.1910417714153993,5.814764872907093,0.0,72.46666666666668,100567.5,0.0622296100000028,0.2782992763437772,0.7046148041371306,1.971627433580302,476220.0372638504,0.1446652902726807,4.430008762047664,1015149.3321542866,0.0,0.0,81960.0,70443.375,0.1831671856861546,1.0774442454118316,-0.131979787080557,77595.125,-0.0024486618846588,-0.04,0.5218788170586635,0.043732351059551,48908.32468245474,0.0382775119617224,46650.59980004157,0.6156250000000014,0.2502756515280158,147.9950324,1288626.1949720085,853983.799999997,0.0005059038984953,0.0,0.0,0.0,-20870.875,-4530.0,-0.0111443006960824,8730.0,819104.803547921,1.5,-725180.0800000057,0.0182261050979142,0.0,0.0088352020567861,0.0871555184795794,1851913.75
2024-10-29,1856779.2083333333,148.342465,1851913.75,149.0593739,41.333333333333336,148.342465,0.1423421733827012,2.7,149.0593739,41.225,811575.4370836796,71.36800000000001,0.1728473169948756,5.792948049667281,0.0,72.18333333333335,73304.5,0.0,0.0,0.0,1.8886110184343672,506092.95100966585,0.1602772519072596,4.469832064457141,960162.2053783546,0.0,0.0,60420.0,56756.94375000009,0.1865062613575413,1.147414678342723,-0.1194102835490755,-4355.5,-0.0007261062282574,0.0,2.0555094059102217,-0.0023543310055339,46678.997530306246,0.0709779179810725,48363.46434233661,2.328125,0.241002260249777,147.9950324,1867195.3192603888,1640799.5,0.0004247443948908,0.0,0.0,0.0,-6274.5,-1340.0,-0.0033881167521975,-19570.0,792326.0524978638,2.8125,-252601.30999999493,0.0329104132725619,0.0,0.0088417059291439,0.0830349297804466,1845639.25
2024-10-30,1845029.4166666667,148.342465,1845639.25,149.0593739,41.04166666666666,148.342465,0.1287857759176915,2.7,149.0593739,41.175,819406.1299107831,71.44800000000001,0.156385667757263,5.723569437522923,0.0,71.66666666666669,54122.5,0.0,0.0,0.0,1.614485089825071,558951.6120514486,0.1199264154017069,4.457111732976544,969468.532805968,0.0,0.0,36250.0,43214.23750000005,0.182930352672249,1.143488429968171,-0.1080378755920206,-35249.375,-0.0099613907988633,0.0,-0.3456105375097991,-0.0188219053752644,45630.44308435802,0.001564945226917,46272.74082114021,-0.125,0.2523138748378878,147.9950324,2775215.384092726,2753567.0,0.0010108668182966,0.0,0.0,0.0,-8104.0,-18370.0,-0.0043908905816778,-12500.0,990765.7769070672,0.0625,1279074.6799999997,0.0609755520873749,0.0,0.0088326983027362,0.0925010211444161,1837535.25
2024-10-31,1843972.9166666667,148.342465,1837535.25,149.0593739,41.29166666666666,148.342465,0.1165204639255534,2.7,149.0593739,41.0875,795007.7072488904,70.888,0.1414917946375169,5.573172086536437,0.0,69.37000000000002,35030.5,0.0,0.0,0.0,1.6940608328119393,628438.3077523469,0.1298983785951013,4.465823434441208,1185339.8152412437,0.0,0.0,42850.0,47743.97500000009,0.1764286790624495,1.1625848865431037,-0.0977485541070661,-3169.5,-0.0056908119950704,0.0,0.9878999898720906,-0.0017114727940218,43142.12923976734,0.099502487562189,45338.23808043508,1.2062499999999972,0.2518849827149268,147.9950324,3489799.10941723,3699058.399999999,0.0005049229992426,0.0,0.0,0.0,11209.0,-10390.0,0.0061000190336484,-13060.0,1292990.2331564142,3.75,3755766.019999996,0.086882205404162,0.0,0.0091673032849504,0.0985640959651013,1848744.25
2024-11-01,1855386.0416666667,148.5176605,1848744.25,149.0593739,39.645833333333336,148.342465,0.8979743483135962,2.7,149.0593739,40.4125,910489.081455554,71.06199999999998,1.5365100903863436,5.5115414551116855,1.5567561999999953,69.97666666666669,77739.0,1.4789183899999898,0.3481012687572695,0.0166583487265078,1.718490769925781,641425.1481297755,0.120693664584721,4.548945829324541,1337246.6973726454,0.8759775000000047,-0.3000000000000002,90320.0,72634.0375000001,0.2163135543618923,1.3047074435118706,-0.3598677394302032,34239.375,0.0200015423937951,-0.2850000000000001,-2.668685723449059,0.0185514991621467,45124.89186797618,-0.0506329113924051,42992.93989899527,-2.5687500000000014,0.2885751890062843,147.9950324,2658673.718044162,3028070.600000001,0.0020186727226847,-0.1111111111111111,0.0059051027633927,0.0104438664893653,31134.375,36310.0,0.0168408231695649,50270.0,1465732.5488744094,-2.0,4119884.760000005,0.0806240921362804,0.8759775000000047,0.0090666070357683,0.0817731403468399,1879876.625
2024-11-04,1882562.9583333333,148.692856,1879876.625,149.0593739,38.5625,148.342465,0.8124529818075246,2.7,149.0593739,39.625,1097991.2757087084,70.52799999999999,1.3901757960638577,5.519132726572376,1.5567561999999953,70.93333333333335,87933.0,1.4010805800000128,0.4791594482007825,0.0229301237467564,1.7487778439163506,648000.4721492716,0.1595772403549551,4.495655066163009,1404346.232795793,0.8759775000000047,-0.3000000000000002,94510.0,103693.88749999995,0.1815697329355253,1.4999451744357777,-0.3255946213892318,81530.75,0.013058482342966,-0.2700000000000004,-3.093096606930104,0.0443696250180778,49893.73770336645,-0.1063829787234043,45124.57030162533,-3.174999999999997,0.2572051673231263,147.9950324,1301555.8401351944,1740740.200000003,0.0005842357088894,-0.1111111111111111,0.0059051027633927,0.0104438664893653,39187.375,24180.0,0.0208456942266686,18340.0,1518005.9285076302,-4.375,4013054.990000002,0.0564175321303184,0.8759775000000047,0.0090510148107516,0.0771195594228576,1919066.0
2024-11-05,1910075.25,148.8680515,1919066.0,150.6161301,37.10416666666666,148.342465,0.7350765073496746,2.4,149.0593739,38.55,1266298.187241908,70.58399999999999,1.2577781012006426,5.545549756891203,1.5567561999999953,71.67666666666669,94768.0,1.323242769999979,0.570313817531569,0.0272923062493313,1.7478723908630012,615707.2328618228,0.1638743274634359,4.547598411911628,1587028.2521681637,0.8759775000000047,-0.3000000000000002,106800.0,105074.63749999995,0.1611248377744432,1.6310962319129252,-0.2945856098283528,82536.875,0.0159287789535411,-0.2550000000000003,-2.5157778824605685,0.0446448312144851,50382.347671715805,-0.1136023916292974,50060.624499510704,-2.7281249999999986,0.2560581650349016,148.0695308,1712850.7601223215,2188168.450000003,0.0014295349984394,-0.1111111111111111,0.0059051027633927,0.0104438664893653,12215.125,29880.0,0.0063651406465436,16140.0,1597745.1817474982,-4.75,4587925.560000002,0.0652491900582648,0.8759775000000047,0.0100728044434064,0.0808228671174601,1976613.0
2024-11-07,1960225.5,149.043247,1976613.0,150.6161301,36.5,149.2184425,0.6650692209354077,2.4,150.6161301,37.6875,1401266.3974415737,71.124,1.1379897106101282,5.485864970501871,1.5567561999999953,71.77000000000002,167843.0,1.245404960000002,0.6388792642686716,0.0305734983014887,1.7657301307790862,587301.4460618315,0.1982513502977776,4.826909221417894,1716809.8937697185,0.8759775000000047,-0.3000000000000002,220270.0,189174.8999999999,0.1349824517279139,1.871627998596132,-0.2665298374637479,150450.75,0.0371930966086486,-0.2400000000000002,-3.5202276079405195,0.0800321616508619,63425.26239509648,-0.1133540372670807,56445.89489692434,-3.915624999999999,0.2496119015251526,148.0695308,972640.5448725744,1438897.049999997,0.0005830610706207,-0.1111111111111111,0.0059051027633927,0.0104438664893653,99048.25,70880.0,0.0512862931853073,87720.0,1625418.8084661278,-4.5625,4302708.82,0.0450556169272493,0.0,0.0095443849399545,0.0740068405073372,2030329.375
2024-11-08,1975365.9166666667,149.2184425,2030329.375,150.6161301,36.25,149.2184425,0.6017292951320314,2.4,150.6161301,36.6,1490414.423536932,71.822,1.0296097381710752,5.443898443583951,1.5567561999999953,71.52666666666669,182812.5,1.1675671499999964,0.6916070910099303,0.0330967827589493,1.7745252144859442,530812.4452884889,0.1195738130639568,4.878833337701851,1790188.8419632942,0.8759775000000047,-0.3000000000000002,206730.0,113705.0,0.1292972966673431,2.0292348303505707,-0.2411460434195813,45421.25,-0.0243851847354814,-0.2250000000000001,-2.902229740517612,0.0236684147392534,66884.74808111593,-0.1402985074626865,68043.56263881679,-3.471874999999997,0.2435147072237024,148.0695308,255526.9691704288,649230.549999997,0.0019290084695526,-0.1111111111111111,0.0059051027633927,0.0104438664893653,-65842.125,-48200.0,-0.0324292825640667,28720.0,1606271.248097174,-5.875,3847100.6000000015,0.0298420079331069,0.0,0.0110713452901158,0.0702774759404623,1964487.25
2024-11-11,1994220.8333333333,149.2184425,1964487.25,150.6161301,35.833333333333336,149.2184425,0.5444217432146843,2.4,150.6161301,36.2625,1545664.7914928573,72.328,0.9315516678690868,5.556896047714999,1.5567561999999953,72.88333333333334,105659.5,1.089729339999991,0.7319281471125758,0.0350263425469069,1.9461297625379053,490997.7240715046,0.111104612001001,4.992176932616001,1797583.977073134,0.8759775000000047,-0.3000000000000002,96840.0,126820.7875000001,0.110794991048944,2.182145702838936,-0.2181797535700975,56564.75,-0.0051856192407215,-0.2100000000000004,-2.795469765230223,0.0292887189067307,71484.27728913886,-0.1238532110091743,71095.6048048689,-3.450000000000003,0.2152749926938524,148.0695308,22635.305439911783,329852.8500000015,0.0005013787916772,-0.1111111111111111,0.0059051027633927,0.0104438664893653,23358.625,-10000.0,0.0118904436768423,-67950.0,1576028.944874443,-5.0625,2668886.3200000003,0.0292143868100325,0.0,0.0095312294476541,0.0632789657183881,1987845.875
2024-11-12,1988124.6666666667,149.2184425,1987845.875,150.6161301,36.125,149.2184425,0.4925720533847197,2.4,150.6161301,36.225,1583652.5476805812,71.87,0.8428324614053793,5.660894108368875,1.5567561999999953,72.17666666666669,121789.5,1.011891530000014,0.7618149689483465,0.0364565731803134,1.8600845340167984,486885.06451725774,0.1105137665492621,5.078383082937733,1794982.3286662183,0.8759775000000047,-0.3000000000000002,114040.0,140305.23750000005,0.1016661926541365,2.2642912362655467,-0.1974007294205644,-18288.5,0.0207307092852935,-0.1950000000000002,-1.850663120922583,-0.0090076517757125,77326.32548823419,-0.1013824884792626,75254.23580093753,-2.5687500000000014,0.2220228297728806,148.0695308,35981.7525408715,280348.5,0.0010022550739163,-0.1111111111111111,0.0059051027633927,0.0104438664893653,24195.0,39770.0,0.0121714667642429,25930.0,1560251.3536148649,-4.125,2145244.730000004,0.0060337404965602,0.0,0.0100320580888524,0.0652397793283371,2012040.875
2024-11-13,2014145.9166666667,149.2184425,2012040.875,150.6161301,36.10416666666666,149.2184425,0.4456604292528254,2.4,150.6161301,36.0,1598266.2072809143,71.792,0.7625627031763145,5.681729050289584,1.5567561999999953,71.62666666666668,143200.5,0.93405371999998,0.7824641023520399,0.0374447352308432,1.8077560239450283,491123.4338936999,0.1329551295115431,5.186423851619301,1791297.9444673462,0.8759775000000047,-0.3000000000000002,166360.0,159500.3374999999,0.103774616201103,2.3696507452792788,-0.1786006599519392,78063.75,0.027505132316743,-0.1800000000000001,-2.2398856808347176,0.0397374683902886,84960.22085421238,-0.1531664212076583,80644.101588384,-3.0093749999999986,0.2294752520106859,148.0695308,431316.9665846005,631056.950000003,0.0005006257822277,-0.1111111111111111,0.0059051027633927,0.0104438664893653,30510.125,53860.0,0.0151637699706275,32750.0,1546573.0196994154,-6.5,1365924.3299999982,2.862145691473472e-05,0.0,0.0101086681829669,0.0713038671231955,2042551.0
2024-11-14,2047412.8333333333,149.2184425,2042551.0,150.6161301,36.208333333333336,149.2184425,0.4032165788478039,2.4,150.6161301,36.0875,1594813.8133785822,71.232,0.6899376838262015,5.673180672980132,1.5567561999999953,69.94333333333336,174872.0,0.8562159100000031,0.7945960522196724,0.038025308382476,1.7975000183014602,496301.0193978032,0.1232593964870837,5.133970967483157,1785132.782377509,0.8759775000000047,-0.3000000000000002,223520.0,189016.65625,0.082202726658794,2.4381240766530468,-0.1615910732898497,99800.75,0.0153476074034313,-0.165,-1.8569203778980776,0.0502054768204802,92538.71473156622,-0.096875,86953.09554753959,-2.6312500000000014,0.2311443502244602,148.0695308,741910.1602432132,894544.8999999985,0.0005003752814611,-0.1111111111111111,0.0059051027633927,0.0104438664893653,45095.625,30880.0,0.0220780900942008,44660.0,1521238.7147883608,-3.875,388937.2899999991,-0.0140448309467955,0.0,0.0095935369856097,0.0845232368431425,2087646.625
2024-11-15,2065704.2916666667,149.2184425,2087646.625,150.6161301,36.16666666666666,149.2184425,0.3648149999099246,2.4,150.6161301,36.175,1578478.499635571,70.726,0.6242293329856068,5.780295931311919,1.5567561999999953,69.62000000000002,202206.5,0.7783780999999976,0.7985990803364881,0.0382168728610141,1.7716970009463155,494261.5923016895,0.1206104000013705,5.102447168318824,1758987.934815859,0.8759775000000047,-0.3000000000000002,280060.0,155075.17500000005,0.0843742022138197,2.4825791051153376,-0.146201447262245,54874.375,0.0080473048381728,-0.1499999999999999,-1.3973327228601633,0.0272729921552909,96881.53851263747,-0.1206636500754148,93986.68430231242,-2.2562500000000014,0.2343447697681923,148.0695308,255048.9068867117,317332.200000003,0.0030007501875468,-0.1111111111111111,0.0059051027633927,0.0104438664893653,-20731.375,16440.0,-0.009930500091221,43480.0,1455250.2184075862,-5.0,-1716708.4799999967,-0.0400350569842822,0.0,0.0121120363361089,0.0842239387905647,2066915.25
2024-11-19,2092991.4583333333,149.2184425,2066915.25,150.6161301,35.645833333333336,149.2184425,0.3300707142042256,2.4,150.6161301,35.8875,1536914.367058683,70.418,0.5647789203203217,5.926020143211982,0.0,70.59333333333336,232599.0,0.7005402900000206,0.7945960522197252,0.0380253083825174,1.8145994918421335,452929.734944529,0.1009526192510475,5.122225333645642,1695929.942626537,0.0,0.0,278630.0,196631.01875000005,0.1110667443781273,2.653588062465712,-0.1322774999039362,81861.5,0.0036710434309688,-0.1350000000000002,-3.130324844492528,0.0400780690420949,104415.3676454808,-0.0833333333333333,97885.427910251,-4.0625,0.2462495290521331,148.0695308,-279358.89376916736,-345346.6000000015,0.0004986287708801,0.0,0.0,0.0,57497.25,7560.0,0.0278179039996921,48840.0,1360290.0496761082,-3.125,-1945232.8100000024,-0.0406299661614714,0.0,0.0105766809367917,0.0859578521967236,2124412.5
2024-11-20,2112433.1666666665,149.2184425,2124412.5,150.6161301,35.625,149.2184425,0.2986354080895239,2.4,150.6161301,35.7875,1500576.979492856,70.012,0.510990451718385,5.996122321605136,0.0,70.14333333333336,182616.0,0.6227024800000152,0.7824641023521471,0.0374447352309279,1.9136844457483104,448002.3439506043,0.1112660042050312,5.380907060124052,1604881.4893093612,0.0,0.0,226350.0,201926.94999999995,0.1022360194201088,2.6250372021168324,-0.1196796427702282,58325.125,0.0204071758945678,-0.1200000000000001,-1.3054129545408557,0.0279382172737208,111921.1661282246,-0.0187074829931972,104985.8467815525,-2.121875000000003,0.260627244036099,148.0695308,164863.0961136073,-1766.0,0.0004983802641416,0.0,0.0,0.0,21559.25,42180.0,0.0101483351279472,-33940.0,1253591.6545462457,-0.6875,-1658735.0300000012,-0.0119822180919945,0.0,0.010489968087141,0.0969130849489458,2145971.75
2024-11-21,2136826.833333333,149.2184425,2145971.75,150.6161301,35.8125,149.2184425,0.2701939406524332,2.4,150.6161301,36.0,1473131.5455932235,69.574,0.4623246944118762,6.019593687186195,0.0,69.70666666666669,198790.0,0.5448646700000097,0.7618149689485118,0.0364565731804446,2.0115494813187587,460549.5386620647,0.1147165286087907,5.433686836007074,1513801.139920334,0.0,0.0,243920.0,179423.6000000001,0.0926792861582171,2.4921670051536093,-0.1082815815540163,73181.0,0.0067611777535441,-0.1049999999999999,-0.3328736255369691,0.0354059025884103,115228.21727620212,-0.0016863406408094,112108.00576243237,-0.9437500000000014,0.2358449689848485,148.0695308,650736.5155313611,412304.3500000015,0.0009962640099625,0.0,0.0,0.0,-5875.5,14260.0,-0.0027379204782169,33710.0,1139993.0234704425,-0.0625,-2525830.530000001,-0.0125057167367742,0.0,0.0100527770796683,0.1174645444644361,2140096.25
2024-11-22,2166018.6666666665,149.2184425,2140096.25,150.6161301,36.35416666666666,149.2184425,0.2444611843998245,2.4,150.6161301,35.975,1433301.5408510168,69.03399999999999,0.4182937711345573,6.138753087932771,0.0,67.6366666666667,215829.0,0.4670268600000042,0.7319281471128051,0.0350263425470884,2.1773703961681794,443876.7360519977,0.115667352630229,5.481058171961549,1416467.1252411555,0.0,0.0,193950.0,229431.8812500001,0.10859246405584,2.466227475421453,-0.0979690499774434,87575.5,0.0047989978147842,-0.0899999999999998,-1.2059332802477345,0.0412233970568334,119456.47908177106,0.0087565674255691,115065.45400321978,-1.7312500000000028,0.2324227594623528,148.0695308,831273.99024266,548332.549999997,0.0019905449116695,0.0,0.0,0.0,71891.75,10190.0,0.0335927648113958,37750.0,1050444.733527477,0.3125,-2498934.100000001,0.0032673345055416,0.0,0.0114735816261943,0.129814008867813,2211988.0
2024-11-25,2190211.75,149.2184425,2211988.0,150.6161301,36.145833333333336,149.2184425,0.2211791668379419,2.4,150.6161301,35.775,1390064.0701332109,69.77,0.3784562691217559,6.151653521904039,0.0,69.21666666666668,239705.5,0.3891890499999988,0.6916070910102338,0.0330967827591889,2.231601442911413,402477.4834751627,0.0942220884244378,5.563154041993708,1290569.4587505732,0.0,0.0,209940.0,217567.0687500001,0.1245744537701423,2.3122310476594907,-0.0886386642653063,72579.25,0.0159874387757492,-0.0750000000000001,-1.6000110630812827,0.0338211581769425,126169.58919567104,-0.015625,118861.04758114228,-1.9718749999999967,0.2522881900551035,148.0695308,1065179.8006957397,751773.1000000015,0.0004966476285075,0.0,0.0,0.0,6563.0,34110.0,0.0029670142876001,44710.0,960454.3788824056,-0.5625,-1624134.5199999958,0.0217343736438144,0.0,0.0100275758335421,0.1693955338968457,2218551.0
2024-11-26,2227601.75,149.2184425,2218551.0,150.6161301,36.22916666666666,149.2184425,0.2001144842819542,2.4,150.6161301,36.35,1357062.812783667,69.16,0.3424128149196974,6.203523277425256,0.0,69.90333333333335,220237.5,0.3113512399999933,0.6388792642690658,0.0305734983017978,2.237116565206225,337827.93230930105,0.0990064359117109,5.732929259545208,1153190.9953959004,0.0,0.0,277120.0,232308.23750000005,0.112143614024128,2.163569765061163,-0.0801968867162297,112170.0,0.01151933421293,-0.06,0.1922518953074075,0.0524135304662114,134157.01051302507,0.0401396160558464,125255.47475291268,0.0218750000000014,0.270131243046832,148.0695308,1061236.6768199503,702028.0,0.0004964010920824,0.0,0.0,0.0,33715.25,24970.0,0.0151969686520616,-770.0,811832.3669325046,1.4375,-590131.4399999976,0.0278639280054191,0.0,0.0100225507391631,0.1443787195126678,2252266.25
2024-11-27,2225354.083333333,149.2184425,2252266.25,150.6161301,36.375,149.2184425,0.1810559619693776,2.4,150.6161301,36.425,1281462.989013479,69.41999999999999,0.3098020706416378,6.217028906316965,0.0,70.78666666666669,201767.0,0.2335134299999879,0.5703138175320842,0.027292306249733,1.9943284716003848,351533.52902833244,0.0942554242127536,5.725559384319512,1004922.7409122124,0.0,0.0,250970.0,167620.42500000005,0.1631906367226011,2.009115227334625,-0.0725590879813506,-6743.0,-0.0009440717312085,-0.0449999999999999,-0.5611768566266306,-0.0030483890509351,134127.6318508399,-0.0034188034188034,132957.64780781104,-0.578125,0.2371839480183149,148.0695308,2184172.7552180514,1893265.700000003,0.0009923096005954,0.0,0.0,0.0,-47021.25,-2070.0,-0.0208773052475479,-220.0,883663.6839276608,-0.125,214263.58999999613,0.0516980859810543,0.0,0.0100125156445556,0.1557525750305806,2205245.0
2024-11-28,2229438.1666666665,149.2184425,2205245.0,150.6161301,36.79166666666666,149.2184425,0.1638125370199077,2.4,150.6161301,36.3625,1169638.5376421525,69.72399999999999,0.2802971115329171,6.138993231440121,0.0,69.63000000000002,147198.0,0.1556756200000109,0.4791594482014807,0.0229301237472984,2.0068049363692357,406165.26900684304,0.1028304445455847,5.670600891783336,951514.3991166982,0.0,0.0,181020.0,173920.4750000001,0.149500175345476,1.5517756965803164,-0.0656486986497935,12252.25,0.0067014827258782,-0.0300000000000002,-0.2815409655193335,0.0055226361710865,132755.46990554006,0.0208695652173913,132610.54672033395,-0.0406249999999985,0.2359831151821121,148.0695308,3244673.2071020454,3102352.950000003,0.0004956629491945,0.0,0.0,0.0,25558.25,14680.0,0.0115897553333075,-37200.0,1138624.908635761,0.75,1985204.8500000013,0.0683200657962959,0.0,0.0100075056292219,0.1123562775884802,2230803.25
2024-11-29,2231447.75,149.2184425,2230803.25,150.6161301,36.79166666666666,149.2184425,0.1482113430180049,2.4,150.6161301,36.6125,1083001.3433105214,70.1,0.2536021485297794,6.185726439140437,0.0,69.20333333333336,160962.5,0.077837809999977,0.3481012687583448,0.0166583487273418,2.036397425280382,460119.4527952015,0.1047068062846358,5.739011903785069,1194416.855901612,0.0,0.0,169790.0,180374.23750000005,0.2013363991358454,1.3561014349859697,-0.0593964416355277,6028.75,0.0018410694527579,-0.0150000000000001,0.2542010311967999,0.0026767483640088,129464.055223183,0.0311418685121107,130871.916380503,0.6593749999999972,0.2279119796421181,148.0695308,4222033.615949474,4320098.3500000015,0.0024770869457517,0.0,0.0,0.0,27491.75,4060.0,0.0123236999946094,33430.0,1523007.626214371,1.125,3717307.3500000015,0.0860248188603554,0.0,0.0120030007501874,0.0955071031922338,2258295.0
2024-12-02,2261509.9166666665,149.3732784,2258295.0,150.6161301,36.375,149.2184425,0.8345440960638939,2.4,150.6161301,36.5625,990857.5493301218,70.298,1.7427896105745615,6.099155485189349,1.6726390000000038,70.68000000000002,172108.0,1.5890070499999922,0.3740134505808323,0.1111963287896863,2.1179592958675326,533325.5774219533,0.114245767327226,5.822106215939328,1314644.7027381854,0.7741795000000025,0.3000000000000002,159430.0,195176.375,0.2868033818653829,0.7767899003845338,0.2176889337583323,90186.5,0.0211696012311592,0.2850000000000001,-1.6360800193933684,0.0408963629891463,126339.23888989876,-0.0343053173241852,127137.7251670866,-1.0906250000000028,0.23012747792995,148.0695308,2693387.1763352454,2987279.8999999985,0.0001680256980478,0.1250000000000002,0.0051882293302987,0.0111053112232366,37136.5,46770.0,0.0164444857735592,33120.0,1648403.7575303074,-1.25,3257601.079999998,0.0728039197730547,0.7741795000000025,0.0091448516579406,0.0806600290738591,2295431.5
2024-12-03,2285905.5,149.52811430000003,2295431.5,150.6161301,36.5625,149.2184425,0.7550637059625558,2.4,150.6161301,36.5625,1056371.9991746482,70.128,1.5768096476626852,6.118156649711805,1.6726390000000038,70.5766666666667,180776.5,1.505375100000009,0.514827421455399,0.1530611242315744,2.117688101383484,576966.0368381651,0.1069578166085662,5.950130891987377,1434004.9566333103,0.7741795000000025,0.3000000000000002,140200.0,182529.3062499999,0.2848979793362626,0.7578739631866604,0.1969566543527769,73186.75,0.0062409411055508,0.2700000000000004,0.3858085538821854,0.0328073531361405,122950.36161439412,0.0836363636363637,123523.65348011088,0.984375,0.2685847298368784,148.0695308,2108945.8738271296,2527705.549999997,0.0012352755158511,0.1250000000000002,0.0051882293302987,0.0111053112232366,8558.5,14080.0,0.0037284928781364,29610.0,1745113.8293469837,2.875,3706854.880000002,0.0771461234220041,0.7741795000000025,0.0098878644405682,0.0852018238976174,2303990.0
2024-12-04,2271899.75,149.6829502,2303990.0,152.2887691,36.10416666666666,149.2184425,0.6831528768232715,2.7,150.6161301,36.45,1079216.5283426093,69.886,1.4266373002662365,6.019600681886047,1.6726390000000038,70.43000000000002,141723.5,1.4217431499999975,0.6127671972294126,0.1821791773128407,2.120603439441893,627522.0042878331,0.0925139910146977,5.909852255717731,1608773.0481911637,0.7741795000000025,0.3000000000000002,154110.0,79956.46875,0.3191613705480667,0.7536847532185779,0.1781988777477505,-42017.25,-0.0300993326432174,0.2550000000000003,-0.8949827369637333,-0.0186057401712353,114897.88552906484,-0.0051993067590987,119632.96370044316,-0.3468749999999971,0.2541767831551209,148.5668159,2478708.2191769257,2968717.6499999985,7.896009554175798e-05,0.1250000000000002,0.0051882293302987,0.0111053112232366,-87712.25,-68330.0,-0.0380697181845407,-20030.0,1873861.474589769,-0.1875,4435850.57,0.0795177013561574,0.7741795000000025,0.0094645080946451,0.0755822174969322,2216277.75
2024-12-05,2243950.25,149.8377861,2216277.75,152.2887691,36.35416666666666,149.992622,0.6180906980781913,2.7,152.2887691,36.3,1100365.1089746086,69.83200000000001,1.290767081193252,5.927900023208478,1.6726390000000038,68.85333333333335,69899.0,1.3381112000000144,0.6864365619409472,0.2040814989712558,2.1347093355707223,627051.1953205399,0.0764810355666707,5.86556687260842,1764246.1769273917,0.7741795000000025,0.3000000000000002,63970.0,61246.625,0.2985361342249026,0.7292285374734901,0.1612275560574887,-83848.5,-0.0021209726498987,0.2400000000000002,-0.7531986667767114,-0.0365284261368723,105262.41930970363,-0.0287162162162162,111021.92252983266,-0.2281249999999985,0.2566540109445222,148.5668159,2413550.293541029,2988085.5,0.0005724154946953,0.1250000000000002,0.0051882293302987,0.0111053112232366,-4694.75,-4670.0,-0.002118303989651,-56430.0,2000752.5571678395,-1.0625,4809632.939999998,0.0723127625253321,0.0,0.0090370738989797,0.0810195102529223,2211583.0
2024-12-06,2210101.6666666665,149.992622,2211583.0,152.2887691,34.958333333333336,149.992622,0.5592249173088248,2.7,152.2887691,35.4625,1166534.4648889892,70.07600000000001,1.1678368829843748,5.876367724413292,1.6726390000000038,69.11666666666669,55641.5,1.2544792500000028,0.7430893759092284,0.2209247031885476,2.077765690149466,611206.2073204019,0.0804088095774736,6.009526012501621,1845533.755966216,0.7741795000000025,0.3000000000000002,22800.0,43502.13125000009,0.2824679069215698,1.0042006755165154,0.1458725507186802,-101545.75,-0.0171221810072138,0.2250000000000001,-3.2826559366075045,-0.0440738675081054,101917.33893543023,-0.0815972222222222,105262.41930969816,-2.971874999999997,0.2598235486140761,148.5668159,1127004.2655847445,1677143.700000003,0.0018938086266928,0.1250000000000002,0.0051882293302987,0.0111053112232366,-9138.75,-37620.0,-0.0041322211284857,-3420.0,2024568.7059271908,-2.9375,4272369.780000001,0.0468304321072976,0.0,0.0089396573131363,0.0743697773148488,2202444.25
2024-12-09,2214295.333333333,149.992622,2202444.25,152.2887691,33.5,149.992622,0.5059654013746524,2.7,152.2887691,34.725,1267518.631084059,69.888,1.056614322700142,5.907547603291954,1.6726390000000038,70.68333333333335,62950.5,1.1708472999999913,0.7864118762200673,0.2338047292425065,2.144170738980251,590680.9424281218,0.1040791210974334,6.052460547942874,1902003.5055529764,0.7741795000000025,0.3000000000000002,-4320.0,56698.05624999991,0.1921506779313981,1.42730581566974,0.1319799268407107,12581.0,0.0177723856579903,0.2099999999999999,-4.3837125140734585,0.0056766350697696,92034.5359611398,-0.1111111111111111,101917.33893542466,-4.309375000000003,0.2488383041867364,148.5668159,782200.383148104,1250261.450000003,0.0009844942160965,0.1250000000000002,0.0051882293302987,0.0111053112232366,26414.5,38380.0,0.0119932661178596,17590.0,1997747.0221501333,-3.9375,3557064.209999993,0.0359580429628565,0.0,0.0094316207495657,0.0767077908715627,2228858.75
2024-12-10,2210849.583333333,149.992622,2228858.75,152.2887691,32.354166666666664,149.992622,0.4577782202913454,2.7,152.2887691,33.775,1326274.2871247225,70.314,0.955984387204893,5.855897859235134,1.6726390000000038,71.38000000000002,33359.5,1.087215350000008,0.8185234321518882,0.2433516776888877,1.9006300894299537,621039.202833272,0.0990076525914117,6.1358920554375205,1918307.4747872893,0.7741795000000025,0.3000000000000002,-20300.0,18415.0625,0.1629019542033317,1.6077142363575574,0.1194104099987383,-10337.25,-0.0059647574286481,0.1950000000000002,-3.061454179399796,-0.0046741406494804,81283.70495589537,-0.1275167785234899,92034.53596113372,-3.143749999999997,0.280958889442018,148.5668159,1147331.6323720962,1535928.6000000015,0.0004917629702483,0.1250000000000002,0.0051882293302987,0.0111053112232366,-27613.0,-13110.0,-0.0123888514693898,-16750.0,1958717.6059661328,-4.75,3268050.4799999967,0.0424595518300767,0.0,0.0094269412056562,0.0791975112562208,2201245.75
2024-12-11,2240417.9166666665,149.992622,2201245.75,152.2887691,31.791666666666668,149.992622,0.4141802945493111,2.7,152.2887691,32.875,1414500.1237976458,70.384,0.8649382550901521,5.768408769998638,1.6726390000000038,70.94333333333337,65733.5,1.0035833999999966,0.8407096587731042,0.2499477692087916,1.9251397078501244,654815.1215257552,0.0907928170307081,6.117084681462996,1931097.316871149,0.7741795000000025,0.3000000000000002,26150.0,94363.1437499998,0.1405638952116888,1.8516390099108413,0.1080379899988583,88705.0,-0.0084904796777737,0.1800000000000001,-3.7877442575521982,0.0402757073192658,74056.32629229562,-0.1389365351629502,81283.70495588868,-4.009374999999999,0.2830887797290383,148.5668159,1471406.7150033263,1791561.450000003,0.0004915212582943,0.1250000000000002,0.0051882293302987,0.0111053112232366,89903.5,-18550.0,0.0408421004333567,46230.0,1918697.2690280748,-5.0625,3214152.3900000006,0.0266523883509297,0.0,0.0089219330855019,0.0857714189147784,2291149.25
2024-12-12,2265494.833333333,149.992622,2291149.25,152.2887691,32.020833333333336,149.992622,0.3747345522112653,2.7,152.2887691,32.125,1495262.3451021763,69.94,0.7825631831767907,5.638669379328684,1.6726390000000038,68.94000000000003,89254.0,0.9199514500000134,0.8537446943776655,0.2538231595255394,2.0356994789078016,682927.410025164,0.1614074412772005,6.149231102998278,1928135.6991629812,0.7741795000000025,0.3000000000000002,100970.0,94226.46875,0.118509394027646,1.9782197065124296,0.0977486576180148,75230.75,0.0576572417772649,0.165,-2.691887661594848,0.0337530361670519,68251.80960605183,-0.1226575809199318,74056.32629228855,-3.0093749999999986,0.2774862640127014,148.5668159,2025933.551669672,2319665.0,0.0009825595676737,0.1250000000000002,0.0051882293302987,0.0111053112232366,12940.25,124900.0,0.0056479297453013,37620.0,1924305.144896596,-4.5,1750986.089999996,0.0155179951715087,0.0,0.0094129303938568,0.0901975700771321,2304089.5
2024-12-13,2321966.833333333,149.992622,2304089.5,152.2887691,31.8125,149.992622,0.3390455472387543,2.7,152.2887691,31.8875,1626920.3705212816,69.572,0.7080333562075793,5.543086044406827,1.6726390000000038,67.88000000000001,118076.0,0.8363195000000019,0.8580457024264958,0.2551018737117105,2.0700889251187227,741460.8200662396,0.1632367064614161,6.034450461194056,1964916.1528611996,0.7741795000000025,0.3000000000000002,110370.0,146647.9624999999,0.1170847948344285,2.097919062176767,0.0884392616543943,169416.0,0.0056478187809614,0.1500000000000003,-2.71825550334772,0.0769636920366569,70867.69760823494,-0.1442953020134227,68251.80960604448,-3.109375,0.2621179293279986,148.5668159,2762562.4991296977,3075473.75,0.0019631901840491,0.1250000000000002,0.0051882293302987,0.0111053112232366,66572.25,12940.0,0.0288930833632981,42830.0,1996514.782267338,-5.375,456259.950000003,0.0087734333912996,0.0,0.0088954781319496,0.1158862793617185,2370661.75
2024-12-16,2405984.4166666665,149.992622,2370661.75,152.2887691,31.979166666666668,149.992622,0.3067554951207683,2.7,152.2887691,31.9625,1729771.6912184025,69.02799999999999,0.6406016079973256,5.591879709469267,0.0,68.42333333333336,271656.0,0.7526875499999903,0.853744694377707,0.253823159525573,2.070454819091492,871630.356527209,0.1962526666713074,5.927847106325441,1977524.6275795484,0.0,0.0,251370.0,295373.875,0.088591316592555,2.178118982661152,0.0800164748301663,252052.75,0.0288921005689881,0.1349999999999998,-2.459374026838411,0.1100114931403966,92132.93937068968,-0.0941385435168739,70867.69760822823,-2.8812500000000014,0.256580671839119,148.5668159,2613989.689688772,2901111.600000001,0.0004898359049718,0.0,0.0,0.0,172540.25,66570.0,0.072781471249536,174120.0,2003187.283123789,-3.3125,963442.549999997,0.031628142545049,0.0,0.0092200964503124,0.1251519560049148,2543202.0
2024-12-17,2502021.4166666665,149.992622,2543202.0,152.2887691,32.041666666666664,149.992622,0.2775406860616556,2.7,152.2887691,31.9375,1760297.620906557,68.27799999999999,0.5795919310452007,5.5729609205537205,0.0,68.61000000000001,307879.0,0.6690555999999788,0.8407096587731889,0.249947769208857,1.9753800433825277,1019441.484979776,0.1962510408864456,5.696203052095756,2020767.5479597363,0.0,0.0,278940.0,320982.9750000001,0.090304289101152,2.241531945015192,0.0723958581796742,288111.0,0.0727814195203022,0.1200000000000001,-1.772766976663327,0.125043319714794,115553.75312094289,-0.1308724832214765,92132.9393706849,-2.28125,0.2337012958327002,148.5668159,2661779.385908887,2883552.8999999985,0.0005679314565483,0.0,0.0,0.0,48998.5,172540.0,0.0192664601553473,57180.0,1929373.7153385023,-4.875,2053552.3199999928,0.0433001037108515,0.0,0.0085474303423906,0.1370923374617774,2592200.5
2024-12-18,2552139.6666666665,149.992622,2592200.5,152.2887691,32.020833333333336,149.992622,0.2511082397700761,2.7,152.2887691,32.025,1771004.1773915165,68.33,0.5243926995170796,5.512067980533429,0.0,68.87333333333335,356076.0,0.585423650000024,0.8185234321520193,0.2433516776889861,1.9572523705720068,1105191.499114715,0.1434319100997025,5.445138125952564,2140291.0831000195,0.0,0.0,373550.0,231046.7374999998,0.1024983524008817,2.301842439963761,0.0655010145435146,150354.75,-0.0102390688895879,0.1050000000000004,-2.112860597933484,0.0634231138204344,124262.20640601969,-0.1132404181184668,115553.75312093936,-2.6312500000000014,0.240056897131561,148.5668159,3491324.539631851,3698296.3500000015,0.0009003454586378,0.0,0.0,0.0,-71184.0,-26040.0,-0.0274608387738525,74580.0,1943164.96172029,-4.0625,2822871.3599999994,0.052171394152279,0.0,0.009375771033802,0.1452247790892068,2521016.5
2024-12-19,2511037.083333333,149.992622,2521016.5,152.2887691,31.75,149.992622,0.2271931693157682,2.7,152.2887691,31.8,1752468.649038531,68.738,0.4744505376582992,5.418535318789769,0.0,68.45666666666669,205617.5,0.5017916999999841,0.7864118762202488,0.233804729242642,1.926022011680592,1194228.1145877012,0.1138967718697567,5.273817652493488,2255007.148549622,0.0,0.0,297600.0,115934.5874999999,0.0962076826346803,2.3374168821411194,0.0592628226822276,-123307.75,-0.0400729393443404,0.0899999999999998,-2.590207207654103,-0.048485236328062,122234.6276073413,-0.1356521739130435,124262.20640601662,-3.0843750000000014,0.2494069046523889,148.5668159,4201178.250143103,4438184.25,0.0004888780249328,0.0,0.0,0.0,-101122.25,-100870.0,-0.0401116970079331,-132380.0,2056491.6363126456,-4.875,3355028.600000001,0.0678114935609639,0.0,0.0092914985747116,0.160402055087759,2419894.25
2024-12-20,2469490.9166666665,149.992622,2419894.25,152.2887691,31.729166666666668,149.992622,0.2055557246190176,2.7,152.2887691,31.8875,1761858.7978881046,69.086,0.4292647721670164,5.53173704525236,0.0,69.22666666666669,117872.5,0.4181597500000009,0.7430893759094681,0.2209247031887291,1.815150493979472,1235892.0031231218,0.0942759956269479,5.31939002737418,2354871.5554835103,0.0,0.0,225700.0,150823.6375000002,0.0841734705741085,2.328968740609048,0.0536187443315392,-124638.5,-0.0284816805929751,0.0750000000000001,-1.212568425972762,-0.0480821217340248,125431.00728843824,-0.0226843100189035,122234.62760733836,-1.6499999999999986,0.2292488109659731,148.5668159,3838624.512034237,4078827.549999997,0.0021206938675788,0.0,0.0,0.0,47667.75,-68820.0,0.0196982781375674,-75320.0,2111280.4731636182,-0.75,4986903.960000001,0.0893653770689382,0.0,0.0095200590696531,0.1424799663683776,2467562.0
2024-12-23,2462869.75,149.992622,2467562.0,152.2887691,31.89583333333333,149.992622,0.1859789889410024,2.7,152.2887691,31.975,1679777.7643533468,69.726,0.3883824129130175,5.735983740794843,0.0,70.75000000000001,154242.5,0.3345278000000178,0.6864365619412583,0.2040814989714945,1.8674652114012509,1376271.7970299071,0.1042976439390587,5.452252938504448,2439324.6122260517,0.0,0.0,257120.0,170284.5375000001,0.0951650916784367,2.3296307167259447,0.0485121972523452,-19863.5,0.0378364792734304,0.06,-1.0970857187372616,-0.0078791630280881,129635.24131959496,0.0257936507936507,125431.00728843556,-1.4937499999999986,0.2291831174556424,148.5668159,4370204.939459547,4637282.25,0.0022722396676482,0.0,0.0,0.0,33591.0,88820.0,0.0136130318103455,49010.0,2221229.4983080626,0.8125,5798670.950000003,0.1108278289708353,0.0,0.0108187853454635,0.1535341164802993,2551020.5
2024-12-26,2522034.5,149.992622,2551020.5,152.2887691,32.125,149.992622,0.1682667042799437,2.7,152.2887691,31.85,1527153.0810830523,70.69200000000001,0.3513936116831928,5.90843756628318,0.0,71.86666666666669,233476.5,0.2508958499999778,0.6127671972298208,0.1821791773131516,1.9562130440441916,1589945.7663631,0.1170621929169432,5.542998689684945,2506796.6430096417,0.0,0.0,370620.0,249263.9249999998,0.1017482070555117,2.223944530853463,0.043891987990217,177494.25,0.0464435678839547,0.0449999999999999,-1.5015299360003809,0.0733479365885514,141085.9712252102,-0.0230769230769231,133504.65743379632,-1.78125,0.2151386743092962,148.5668159,4949474.61189197,5254776.899999999,0.0012162490878131,0.0,0.0,0.0,96235.5,113150.0,0.0384764546591112,96750.0,2369227.2221921813,-0.75,6949360.0500000045,0.120168208422789,0.0,0.0115507495699189,0.1260954513685957,2597388.5
2024-12-27,2558695.6666666665,149.992622,2597388.5,152.2887691,32.270833333333336,149.992622,0.15224130387233,2.7,152.2887691,32.0375,1333823.6175265838,71.062,0.3179275534276371,6.112746303373532,0.0,72.1666666666667,411915.5,0.1672638999999947,0.5148274214559534,0.1530611242319941,1.9632879913162324,1707329.1660925918,0.1066053361811668,5.59526877207352,2570722.5330251465,0.0,0.0,530670.0,210805.8999999999,0.0967915075196488,2.120784809270869,0.0397117986578154,109983.5,-0.0022514748336889,0.0300000000000002,-0.4537651801908211,0.0445717270731191,145726.6328682648,0.043824701195219,144335.95558178943,-0.5968749999999972,0.2052768307169297,148.5668159,5461403.982187972,5872120.299999997,0.0014577259475219,0.0,0.0,0.0,-19843.0,-5740.0,-0.0076395964639097,206280.0,2647441.901129056,1.375,7013379.6000000015,0.129265767432152,0.0,0.0125276344878408,0.109156392098161,2577545.5
2024-12-30,2569522.9166666665,149.992622,2577545.5,152.2887691,32.104166666666664,149.992622,0.1377421320749476,2.7,152.2887691,32.1875,1273884.6370122957,71.924,0.2876487388154771,6.347992036520412,0.0,72.12000000000002,157720.0,0.0836319500000115,0.3740134505816899,0.1111963287903326,2.0991132839729647,1848829.045391388,0.0962850660175995,5.693450438433258,2870564.3237171327,0.0,0.0,256740.0,151753.5750000002,0.1332907574833101,1.9929228196618172,0.0359297225951662,32481.75,-0.0101151865392931,0.0150000000000001,-1.2587637344583626,0.0129867105291039,146589.0663309666,-0.0116504854368931,148546.80790610044,-1.2906249999999986,0.2222947282814278,148.5668159,7768769.745789118,8441626.399999999,0.0019408054342551,0.0,0.0,0.0,-43910.75,-25730.0,-0.0170358777371728,-236310.0,3272468.12972067,-0.375,8628984.899999999,0.166128888336166,0.0,0.0134969325153373,0.1055979445616663,2533634.75
2025-01-02,2602275.583333333,150.12045384000004,2533634.75,152.2887691,32.083333333333336,149.992622,0.7029107290202035,2.7,152.2887691,32.0625,1261261.4747383234,72.576,0.0874250065473347,6.598389177506553,-0.1910211000000004,72.36666666666669,248305.0,-0.1814700449999975,0.0427136164736314,0.5081889331806756,2.1716592613420698,1955947.3324576376,0.0905763692880166,6.009921708934684,3121690.908376102,0.6391591999999946,-0.5,326330.0,291897.75,0.1134806914632071,1.7580407381057273,-0.4198731081281832,98258.0,0.0062192957024904,-0.4750000000000001,-1.251976712128993,0.037829535319803,159256.50491242742,-0.0058823529411764,149126.71009875945,-1.1375000000000028,0.1507401656488496,148.5668159,6160986.81761872,7045795.649999999,0.0002421307506053,-0.1851851851851851,0.0042612709310461,-0.001254334782065,162011.75,15660.0,0.0639443984575913,112420.0,3656901.260550346,-0.1875,7368994.729999997,0.1314911636606694,0.6391591999999946,0.0117560617193239,0.0949851723778799,2695646.5
2025-01-03,2652730.75,150.24828568000004,2695646.5,152.2887691,31.9375,149.992622,0.6359668500658984,2.7,152.2887691,32.0625,1405331.0885332413,72.22200000000001,0.079098815447594,6.858362548240126,-0.1910211000000004,72.68333333333335,283102.5,-0.1719189899999946,0.0587950540173843,0.6995192223017466,2.0312930805158933,1981319.74859094,0.0998363256834735,6.330069821694044,3243087.3022840763,0.6391591999999946,-0.5,210080.0,303488.2749999999,0.1409310294722348,1.670036341393854,-0.3798851930683562,151365.5,0.0434672781740033,-0.4499999999999997,-0.5672646443071798,0.0587246665480782,172671.37804344232,0.0137254901960783,161239.78463500255,-0.3687499999999986,0.1441610357278372,148.5668159,1382128.5968931315,2145263.850000001,0.0019365770999757,-0.1851851851851851,0.0042612709310461,-0.001254334782065,33264.5,110130.0,0.012340082425496,57870.0,3626571.286697229,0.4375,6845091.609999999,0.0549557877025879,0.6391591999999946,0.0132190942472461,0.0759458807416949,2728911.0
2025-01-06,2741926.083333333,150.37611752,2728911.0,152.097748,32.166666666666664,149.992622,0.5753985786310238,2.2,152.2887691,32.2125,1540313.443869607,72.42999999999999,0.0715655949287565,7.104425529644506,-0.1910211000000004,72.71000000000002,327526.0,-0.1623679349999918,0.069980111702907,0.8325944100757224,2.1315333620866825,1977321.1127708536,0.1179822634599038,6.708569911934161,3245556.402797325,0.6391591999999946,-0.5,222390.0,350936.4874999998,0.1540313617165146,1.277799429322208,-0.34370565087137,267586.0,0.0322079159984265,-0.4250000000000002,-0.3435965829445919,0.1056134867111371,189265.75844406048,0.0038610038610038,174175.9665680782,0.0562499999999985,0.1601011065260059,146.2941259,322420.58766521513,885500.1499999985,0.0009664170089394,-0.1851851851851851,0.0042612709310461,-0.001254334782065,72309.75,85150.0,0.0264976578569253,69490.0,3534567.068492286,0.125,4431796.760000005,0.033090840418954,0.6391591999999946,0.0136226182437391,0.0700785246405247,2801220.75
2025-01-07,2784102.083333333,150.50394936,2801220.75,152.097748,32.375,150.6317812,0.5205987139994761,2.2,152.097748,32.125,1601206.6297134955,72.688,0.0647498239831634,7.205262623575187,-0.1910211000000004,72.35333333333337,338964.0,-0.1528168800000173,0.0783934053565035,0.9326922964013424,2.0953693305914523,1938770.3592197264,0.1179053340212954,7.22200074335289,3259169.6746668946,0.6391591999999946,-0.5,187290.0,341595.3999999999,0.2231449726138237,0.9902640779489849,-0.3109717793598112,126528.0,0.0133056788241459,-0.3999999999999999,-0.4805159559974896,0.0469379052483327,198122.3407712717,0.0157170923379175,190296.83762365315,0.046875,0.1371892714413968,146.2941259,283586.38883995265,674505.549999997,0.0004827419744146,-0.1851851851851851,0.0042612709310461,-0.001254334782065,20953.75,36310.0,0.0074802209001201,39480.0,3458879.7989125038,0.5,3178051.68,0.0136079270412106,0.0,0.013199706673185,0.0687024972503416,2822174.5
2025-01-08,2801957.4166666665,150.6317812,2822174.5,152.097748,31.854166666666668,150.6317812,0.4710178840947776,2.2,152.097748,31.9125,1639174.9388491623,72.06800000000001,0.0585831740799847,7.203253285547169,-0.1910211000000004,71.86333333333336,273463.5,-0.1432658250000145,0.0848633506598716,1.0096690282468077,2.0704687366579577,1833457.8416898476,0.1133554444178273,7.295168191859152,3226002.8939022026,0.6391591999999946,-0.5,283210.0,273353.2000000002,0.3741797821064427,0.566651347829681,-0.2813554194207817,53566.0,-0.0198501385061586,-0.375,-1.848443007807255,0.0196290754810251,198452.46263452875,-0.0100603621730381,198707.81822300667,-1.2562500000000014,0.132514943772951,146.2941259,-206406.60057337585,-4195.04999999702,0.0004825090470446,-0.1851851851851851,0.0042612709310461,-0.001254334782065,-39697.5,-54890.0,-0.0140662811601479,-36460.0,3377088.14333729,-0.3125,1605397.0300000012,-0.0121955127949062,0.0,0.013193256779868,0.0724561457088442,2782477.0
2025-01-09,2811460.6666666665,150.6317812,2782477.0,152.097748,31.52083333333333,150.6317812,0.4261590379905158,2.2,152.097748,31.875,1646087.5725841285,71.68800000000002,0.0530038241676038,7.255307676087692,-0.1910211000000004,71.13000000000004,256060.5,-0.1337147699999832,0.0898109285078666,1.068533262089985,2.0656908491385715,1673284.3206081376,0.121795691009222,7.301739717004424,3117464.2817757977,0.6391591999999946,-0.5,370960.0,289242.3875000002,0.2855292755407652,0.5190748824108351,-0.2545596651902313,28509.75,0.0266203746407263,-0.3500000000000001,-0.9938293880160884,0.0101776163124593,196996.67727804408,-0.0251450676982591,198660.2071282975,-0.4281250000000014,0.1264420702002834,146.2941259,-854949.8767092451,-931182.450000003,0.0009645526886905,-0.1851851851851851,0.0042612709310461,-0.001254334782065,47253.5,72150.0,0.0169825303138175,12430.0,3213258.0961161074,-0.8125,425852.3400000036,-0.0241647435083272,0.0,0.0120243412455383,0.0733875031266176,2829730.5
2025-01-10,2805782.4166666665,150.6317812,2829730.5,152.097748,31.375,150.6317812,0.3855724629438271,2.2,152.097748,31.7875,1634403.1061489226,71.86600000000001,0.0479558409135449,7.371175368745865,-0.1910211000000004,71.31333333333338,222889.0,-0.1241637149999803,0.093478178127645,1.1121646804955865,2.044799501174702,1513327.7091212205,0.1141781484094913,7.300414894491957,2943687.245720934,0.6391591999999946,-0.5,317510.0,235837.5874999999,0.2805002276037405,0.5094804338708128,-0.2303158875530666,-17034.75,-0.0162516891406228,-0.3249999999999997,-0.559893255824079,-0.0060360371054305,191072.9767481295,-0.0135396518375241,196788.08640213264,-0.0718749999999985,0.1248591755114052,146.2941259,-413206.4598797932,-754419.6000000015,0.0019272464466393,-0.1851851851851851,0.0042612709310461,-0.001254334782065,-24590.75,-45220.0,-0.0086901385131905,-4440.0,2998689.709359056,-0.4375,-465560.9600000009,-0.032776165386818,0.0,0.0116759912430066,0.0786348589025471,2805139.75
2025-01-13,2763349.583333333,150.6317812,2805139.75,152.097748,31.6875,150.6317812,0.3488512759967932,2.2,152.097748,31.625,1566737.2368442204,71.962,0.0433886179693843,7.379382016699512,-0.1910211000000004,72.53333333333336,173864.0,-0.1146126600000059,0.0960119211612593,1.1423101066034582,2.1609244488617594,1376524.896719298,0.1156778001640465,7.350182525491042,2698779.8023074814,0.6391591999999946,-0.5,200280.0,63179.700000000186,0.2521721570186048,0.4952488077483248,-0.2083810411194413,-127298.5,-0.0309981514361076,-0.3000000000000002,-0.676212945745597,-0.0457500637022336,170953.24721109698,-0.0019685039370078,190461.25989305237,-0.21875,0.1447149827752351,146.2941259,-137838.1779864803,-703793.549999997,0.0004808848280837,-0.1851851851851851,0.0042612709310461,-0.001254334782065,-149961.25,-84850.0,-0.0534594577685478,-20480.0,2792254.666017523,-0.0625,-2060737.380000003,-0.0447270039524198,0.0,0.0109329446064139,0.0823151080840197,2655178.5
2025-01-14,2731197.1666666665,150.6317812,2655178.5,152.097748,32.020833333333336,150.6317812,0.3156273449494904,2.2,152.097748,31.6625,1494063.4055086763,71.702,0.0392563686389451,7.3183719789360415,-0.1910211000000004,72.37666666666668,94440.0,-0.105061605000003,0.0975005668521036,1.1600213970062474,2.0969111995865823,1229985.89806248,0.1020131150323065,7.261717935072793,2452474.5513769886,0.6391591999999946,-0.5,-61990.0,119168.25,0.2507476274359229,0.4956222829591235,-0.1885352276794947,-96457.25,0.0010443332667271,-0.2750000000000003,0.123307334801602,-0.0340870800240518,158105.49090420804,-0.0076335877862595,169919.046549229,0.5375000000000014,0.1408683771843276,146.2941259,390996.3151550889,-348586.1000000015,0.0009613073780341,-0.1851851851851851,0.0042612709310461,-0.001254334782065,78094.75,2770.0,0.0294122410225903,-55990.0,2591604.733750262,-0.25,-2446246.079999998,-0.0515814632148351,0.0,0.0104318292091218,0.0901949696590102,2733273.25
2025-01-15,2697641.833333333,150.6317812,2733273.25,152.097748,31.89583333333333,150.6317812,0.285567597811422,2.2,152.097748,31.8125,1424335.248387944,71.708,0.0355176668637966,7.189036975326129,-0.1910211000000004,71.60000000000002,100475.0,-0.0955105500000002,0.0979917566955544,1.1658653705010782,1.8855921169710037,1086165.48649977,0.1099785675631224,7.199362471784195,2168290.4246793813,0.6391591999999946,-0.5,203360.0,70349.5375000001,0.2659532238311154,0.5029824700014601,-0.1705794917100189,-100666.0,0.0094795833050866,-0.25,-0.7931981256556924,-0.0358862691243814,141233.4950172683,-0.0098231827111984,156616.65238570375,-0.4281250000000014,0.1546226910871289,146.2941259,49183.14228317887,-844785.700000003,0.0004801920768306,-0.1851851851851851,0.0042612709310461,-0.001254334782065,-28799.5,25170.0,-0.0105366340522302,29040.0,2433807.919528495,-0.3125,-3405324.739999994,-0.0977866887181643,0.0,0.008958837772397,0.0881115524788498,2704473.75
2025-01-16,2689041.333333333,150.6317812,2704473.75,152.097748,31.45833333333333,150.6317812,0.2583706837341708,2.2,152.097748,31.5875,1395952.2473834658,71.494,0.0321350319243833,7.0879820453154965,0.0,70.35000000000002,11829.0,-0.0859594949999973,0.0975005668520622,1.1600213970062254,1.764694397280645,952323.6250774662,0.0967850947515125,7.040632148661388,1918871.3294229845,0.0,0.0,19590.0,-17682.975000000093,0.2424089129655151,0.611456885662025,-0.1543338258328743,-25801.5,-0.0208666778592347,-0.2250000000000001,-1.735512589878958,-0.0097174257775889,126959.27445484058,-0.0414201183431952,139187.80336025465,-1.4781249999999986,0.1487811060920179,146.2941259,-579628.3474580795,-1608311.799999997,0.0004799616030717,0.0,0.0,0.0,-75096.75,-55930.0,-0.0277676017376763,-71350.0,2359075.6556023085,-1.3125,-3596965.1099999994,-0.0952945426376529,0.0,0.009198741224885,0.0893932075378316,2629377.0
2025-01-17,2614912.25,150.6317812,2629377.0,152.097748,31.125,150.6317812,0.2337639519499532,2.2,152.097748,31.5125,1354695.131951686,71.068,0.029074552693487,7.0218537626606885,0.0,70.2566666666667,-54055.5,-0.0764084399999944,0.0960119211611752,1.1423101066034131,1.7596963703416837,871607.3440094884,0.0762288031357987,6.837603823910994,1626178.499549167,0.0,0.0,-98590.0,-134558.1749999998,0.23209660023079,0.6164797532615298,-0.1396353662297436,-222387.25,-0.0459834934957057,-0.1999999999999997,-0.5523685337000046,-0.0813629775215485,128546.355827749,-0.0251450676982591,124406.99063508752,-0.3343750000000014,0.151750643499554,146.2941259,-1147989.3619858846,-2330425.600000001,0.0021587910769969,0.0,0.0,0.0,-118491.0,-120680.0,-0.045064287091581,-60310.0,2319936.138840433,-0.8125,-3481275.93,-0.0420954924457125,0.0,0.0094225658371587,0.0892359200446369,2510886.0
2025-01-20,2559033.5,150.6317812,2510886.0,152.097748,30.75,150.6317812,0.2115007184309263,2.2,152.097748,31.25,1279178.9123545385,71.316,0.0263055476750651,6.86510035584148,0.0,71.88000000000001,-145216.0,-0.0668573849999916,0.0934781781275169,1.112164680495517,1.7356388176309392,820682.4836995925,0.0750219081845427,6.50104953066256,1468194.87450925,0.0,0.0,-261180.0,-105838.5249999999,0.2333819596019827,0.6828114649796877,-0.126336759922149,-167636.25,0.0028557278311645,-0.1749999999999998,-1.517619149538099,-0.061984794638883,130336.89427461496,-0.0653846153846153,126059.8636352662,-1.359375,0.2487024191152181,146.2941259,-789807.7084634155,-2085646.75,0.0007180469123981,0.0,0.0,0.0,25951.5,7150.0,0.0103355946864971,-93100.0,2287114.954334968,-2.125,-2699627.3100000024,-0.0226918891717753,0.0,0.0091720975138789,0.0895877325446544,2536837.5
2025-01-21,2555814.25,150.6317812,2536837.5,152.097748,31.0625,150.6317812,0.1913577928660572,2.2,152.097748,31.0125,1186554.7275764602,71.324,0.0238002574202766,6.638841132305325,0.0,72.09333333333336,-82158.0,-0.0573063300000171,0.0898109285076899,1.0685332620898882,1.627547072649011,733925.7822349055,0.0754160492186356,6.110886230853972,1483653.8853990545,0.0,0.0,-240250.0,-27891.912500000093,0.2083257820815547,0.6889264507931473,-0.1143046875486111,-9657.75,0.0039587556603435,-0.1500000000000003,-0.5248697067249459,-0.0036730183613836,127321.65566539856,-0.0309477756286267,127942.01903369442,-0.3968750000000014,0.2389605353004347,146.2941259,-854598.0219430923,-2203069.850000001,0.0006409949772783,0.0,0.0,0.0,82881.75,9940.0,0.0326712885630238,60410.0,2318651.827491651,-1.0,-3371413.6300000027,-0.0249443067321741,0.0,0.0093317249698432,0.0909486825744872,2619719.25
2025-01-22,2612500.833333333,150.6317812,2619719.25,152.097748,30.89583333333333,150.6317812,0.1731332411645496,2.2,152.097748,30.9125,1078225.9412615574,71.406,0.0215335662373945,6.343641740149035,0.0,72.16333333333336,-31200.0,-0.0477552750000143,0.084863350659637,1.0096690282466767,1.5216413402721405,696536.9704995173,0.1078738841496043,5.6554078451389165,1536100.9140988735,0.0,0.0,-145970.0,20282.012500000183,0.209360556134636,0.6921493507050267,-0.1034185268296958,170059.75,0.0383802160399551,-0.125,-0.7576202108463796,0.0677289809254582,115588.67278069264,0.0081300813008129,124765.19006089226,-0.7062500000000007,0.2627202214471462,146.2941259,-1024236.638900891,-2371721.1499999985,0.0012716077711487,0.0,0.0,0.0,61226.5,96750.0,0.0233713975266625,57820.0,2383830.438121951,0.25,-2455483.190000005,-0.0214991396745021,0.0,0.0101278032312515,0.0895836628378768,2680945.75
2025-01-23,2641905.0,150.6317812,2680945.75,152.097748,30.95833333333333,150.6317812,0.1566443610536509,2.2,152.097748,30.95,1012641.7600595596,71.586,0.0194827504052454,6.083895458373466,0.0,70.80000000000003,-43272.0,-0.038204219999983,0.078393405356198,0.932692296401169,1.4632566418793846,667303.2235780407,0.1091642299286798,5.491416843355357,1633112.2218853938,0.0,0.0,-159920.0,-43488.137500000186,0.2051414444846802,0.7214693978974009,-0.0935691433221057,88212.5,0.0017076841968535,-0.1,-1.081299238384819,0.0347726253652431,106769.30812561775,-0.0297619047619047,112462.32351622805,-1.0562499999999986,0.2570220551886826,146.2941259,-596141.8637674749,-1913768.0,0.0004010503700166,0.0,0.0,0.0,-55895.75,4470.0,-0.0208492655996489,-1520.0,2425745.182335748,-0.9375,-2472397.1300000027,-0.0043801013076029,0.0,0.0095591423753313,0.0915452644763832,2625050.0
2025-01-24,2624026.0,150.6317812,2625050.0,152.097748,31.02083333333333,150.6317812,0.1417258504771155,2.2,152.097748,30.95,932686.0225233878,71.748,0.0176272503666439,6.015477318507074,0.0,70.96333333333335,-100954.0,-0.0286531650000085,0.0699801117025071,0.8325944100754903,1.418332601481472,691440.4309217111,0.1034844111900652,5.284924213977308,1713652.3927788625,0.0,0.0,-207670.0,-105702.3500000001,0.1892591185932908,0.7029879252330647,-0.084657796339048,-53637.0,-0.0601514082492705,-0.0750000000000001,-0.1301040728243592,-0.0204743313620343,102305.69574283365,-0.0117647058823529,103176.46877908442,-0.078125,0.2519025874853628,146.2941259,-612249.5434086621,-1848105.0,0.0018230931495604,0.0,0.0,0.0,-58967.75,-157720.0,-0.0224634768861545,-52190.0,2454698.1317182127,-0.375,-1963568.839999996,-0.0118395739998119,0.0,0.009454195720125,0.0982685689677999,2566082.25
2025-01-27,2543410.333333333,150.6317812,2566082.25,152.097748,30.625,150.6317812,0.1282281504316813,2.2,152.097748,30.8375,771979.3479843664,71.124,0.0159484646174234,5.94765712396176,0.0,71.41000000000003,-163881.0,-0.0191021100000057,0.0587950540168397,0.6995192223014275,1.412402209005689,647206.3064992379,0.0974925412819541,4.997575306834353,1735965.2560077282,0.0,0.0,-252740.0,-224771.3624999998,0.2393227738332103,0.804259834615727,-0.0765951490686625,-241847.0,-0.0167915822962022,-0.0499999999999998,-1.6444989230315628,-0.0902095836888904,113836.86274996634,-0.059171597633136,102305.69574283162,-1.6687499999999993,0.2496821908760189,146.2941259,778347.1750112176,-247972.04999999705,0.0008765410926276,0.0,0.0,0.0,-126983.5,-41380.0,-0.0494853584681472,-65550.0,2401353.401735559,-1.875,-689443.8299999982,0.0070776804740155,0.0,0.0098534006248498,0.0999399965228916,2439098.75
2025-01-28,2480269.9166666665,150.6317812,2439098.75,152.097748,30.95833333333333,150.6317812,0.1160159456286749,2.2,152.097748,30.8875,614101.8440517528,70.59,0.0144295632252919,5.866420140444787,0.0,70.43333333333335,-225262.5,-0.0095510550000028,0.0427136164727906,0.5081889331801747,1.6179987639068727,627547.0953188465,0.0942685462337061,4.88038825031299,1721816.4111039357,0.0,0.0,-274980.0,-221145.5249999999,0.2082117999887755,0.747494444177423,-0.069300372966885,-189421.25,-0.0199880311190903,-0.0250000000000003,0.0954533553523973,-0.0721591017313956,123512.82859652815,-0.0288461538461538,113836.86274996452,0.140625,0.2699712697794532,146.2941259,891082.0631053895,130179.95000000298,0.0003998096144692,0.0,0.0,0.0,-3470.0,-48430.0,-0.0014226566267561,-78230.0,2265039.0967436675,-0.9375,-800489.8599999994,0.0014051100383194,0.0,0.0092869147659064,0.12623200849095,2435628.75
2025-01-29,2473361.0,150.6317812,2435628.75,152.097748,30.75,150.6317812,0.1049668079497507,2.2,152.097748,30.8625,652070.8250249611,70.01599999999999,0.013055319108588,5.848590383566408,0.0,69.27666666666669,-161472.0,0.0,0.0,0.0,1.7729679992374363,560182.7519082925,0.0870059162015722,4.842876782081265,1503851.4014250198,0.0,0.0,-242170.0,-112004.8125,0.2187700431709204,0.7510956908671961,-0.0627003374462296,-20726.75,0.0237437461044758,0.0,-0.5356612499192579,-0.0080771962784902,122924.21493634937,-0.0198412698412698,123512.8285965265,-0.5,0.2415268871752273,146.2941259,1893312.9618572595,1599506.1499999985,0.0006280211624098,0.0,0.0,0.0,109726.75,56380.0,0.0450506876304526,61850.0,1671613.5446946209,-0.625,-1155030.2199999988,0.025279322210439,0.0,0.0094360451163906,0.1444762164087244,2545355.5
2025-01-30,2526770.9166666665,150.6317812,2545355.5,152.097748,31.25,150.6317812,0.0949699690973773,2.2,152.097748,31.0125,693897.8303319892,69.02000000000001,0.0118119553839619,5.760889254365549,0.0,67.29333333333335,-87220.5,0.0,0.0,0.0,2.0753848089613194,471005.8058086358,0.0870779894738068,4.8076303387206885,1282782.1553193002,0.0,0.0,-100620.0,-53215.91250000009,0.2205588533861756,0.7475563259871997,-0.0567288767370648,160229.75,0.0470854416059896,0.0,-0.0888125594507585,0.0656921947092137,123231.67975065424,0.0308641975308641,122924.21493634768,-0.0437499999999992,0.1972879750073172,146.2941259,2062146.8702518048,2185949.350000001,0.0008748739991251,0.0,0.0,0.0,53973.0,114460.0,0.0212045036538117,70200.0,1032988.8948495636,0.9375,564097.5600000024,0.0424249184676086,0.0,0.0098344926840969,0.0894710775970423,2599328.5
2025-01-31,2569781.0,150.6317812,2599328.5,152.097748,30.375,150.6317812,0.0859252101357412,2.2,152.097748,30.5,604552.9066781034,68.618,0.0106870072521587,5.769063045427749,0.0,67.67666666666669,-77444.5,0.0,0.0,0.0,2.10219058678374,482571.30023789976,0.0911620419323452,4.822393460130696,1186767.0302081176,0.0,0.0,-37330.0,-79672.8125,0.2968221596835116,0.8880604234997932,-0.05132612657163,129030.25,0.0036065625294654,0.0,-2.229163744264969,0.0529761565673749,123347.59295283094,-0.0813492063492064,123231.67975065258,-2.25,0.1817383691343338,146.2941259,2750003.7873706818,3083286.450000003,0.0009501187648455,0.0,0.0,0.0,-34669.5,9180.0,-0.0133378678377896,2980.0,1207615.9694716092,-2.5625,2617273.230000004,0.0693126674932482,0.0,0.0086165629487793,0.1057656936580922,2564659.0
2025-02-03,2549374.4166666665,150.72920884,2564659.0,152.097748,29.354166666666668,150.6317812,0.5184859425037587,2.2,152.097748,30.1,597403.9555516648,68.474,0.995572411323394,5.741604832597066,1.0896825000000092,68.84000000000003,-122483.0,1.0351983749999931,0.2436604143890737,1.138754043089885,2.018354984166449,499586.9017333688,0.1242683370836908,4.966238092316175,1217569.8791508104,0.4871382000000039,0.1999999999999997,-2450.0,-144341.8125,0.2384395828421822,1.1134042377805449,0.1345144569113818,-61219.75,-0.0413342519592568,0.1899999999999999,-3.0347195781444967,-0.024051551934494,122495.85168642338,-0.0843621399176954,123347.59295282925,-3.140625,0.1748989290757922,146.2941259,1835299.3790496665,2266564.850000001,0.0003986710963455,0.0909090909090908,0.003233966936587,0.0071643565689085,-80523.25,-105590.0,-0.0313972539819134,-58220.0,1315807.4336575668,-2.5625,3050275.1099999994,0.0532791213058183,0.4871382000000039,0.0082946663477636,0.0846350927101622,2484135.75
2025-02-04,2524147.25,150.82663648,2484135.75,152.097748,28.75,150.6317812,0.4691063289319572,2.2,152.097748,29.6875,677042.0304800275,68.518,0.9007559911973716,5.632576745198163,1.0896825000000092,69.59666666666669,-122470.5,0.9807142500000054,0.3353971966937577,1.5674885669607002,2.063441874254122,506521.8865806385,0.1098286619891247,5.357102516147839,1202338.9525770494,0.4871382000000039,0.1999999999999997,-78800.0,-89904.1875,0.1685269940228418,1.1102838660248286,0.1217035562531547,-75681.5,0.0143694236305356,0.1799999999999997,-1.218912951654545,-0.0291157889431827,115647.9343688004,-0.0578842315369261,122495.85168642172,-1.3125,0.1760883578830719,146.2941259,828859.0572354123,1297676.700000003,0.0003131167451038,0.0909090909090908,0.003233966936587,0.0071643565689085,39511.25,35190.0,0.0159054310940938,-15940.0,1348229.3944448484,-1.8125,3189288.600000001,0.0413118396158387,0.4871382000000039,0.0079642802508794,0.0810616570783072,2523647.0
2025-02-05,2495165.583333333,150.92406412,2523647.0,153.1874305,28.9375,150.6317812,0.4244295357003409,2.4,152.097748,29.4125,661133.7548609292,68.714,0.8149697063214489,5.449444080871938,1.0896825000000092,69.43666666666668,-121593.5,0.9262301250000178,0.3992025125537752,1.865684568917972,2.10090932693544,509594.55884785,0.1340467080897657,5.616286350295423,1248221.4977897988,0.4871382000000039,0.1999999999999997,-150570.0,-120599.0375000001,0.165336457696519,1.148511622651492,0.1101127413719016,-86945.0,-0.0032969156327743,0.1699999999999999,-1.1028260038779223,-0.0339011931020849,112246.4949217877,-0.0483870967741935,115647.93436879864,-1.25,0.1736737162685466,141.201463,332122.76607013494,783707.3500000015,0.0004363291439413,0.0909090909090908,0.003233966936587,0.0071643565689085,-45933.0,-8190.0,-0.0182010400028213,-13950.0,1359909.5284051965,-1.5,3145656.150000006,0.0385641528097517,0.4871382000000039,0.0071234184769635,0.0793267928619758,2477714.0
2025-02-06,2501614.833333333,151.02149176000003,2477714.0,153.1874305,29.375,151.1189194,0.3840076751574486,2.4,153.1874305,28.975,679967.9764398778,69.294,0.7373535438146632,5.218599227361322,1.0896825000000092,68.66000000000003,-112719.0,0.8717460000000017,0.4471962622584227,2.0899847559472637,2.120531897029641,505371.8303501733,0.1387569251107925,5.747865599286346,1355849.9526869548,0.4871382000000039,0.1999999999999997,-155970.0,-78517.1875,0.1748839491078729,1.1889534042028556,0.0996258136221968,19347.75,0.0003877299622367,0.1600000000000001,-1.337080670175261,0.007788523634427,99869.11982673958,-0.0470347648261758,112246.49492178588,-1.5062500000000014,0.1785542629763128,141.201463,238329.4550158307,629316.3999999985,0.0001611817466413,0.0909090909090908,0.003233966936587,0.0071643565689085,25769.5,960.0,0.0104005143450778,-6920.0,1347604.4301835012,-1.4375,4092213.039999999,0.0314819625836482,0.0,0.006881938014833,0.0756433720682154,2503483.5
2025-02-07,2465859.75,151.1189194,2503483.5,153.1874305,28.916666666666668,151.1189194,0.3474355156186277,2.4,153.1874305,28.8125,724346.7299006257,69.452,0.6671293967847021,5.106792045999323,1.0896825000000092,69.23333333333335,-84492.5,0.817261875000014,0.4841041544915758,2.262474865215617,2.056198011661876,516313.2526880496,0.1587052409666058,5.819997716592399,1364968.7582454332,0.4871382000000039,0.1999999999999997,-90460.0,-146181.0375000001,0.1731574391910503,1.2750612730363713,0.0901376408962733,-107265.25,-0.0324840224311743,0.1499999999999994,-2.114501558729998,-0.0425040625729351,91647.18760477591,-0.1071428571428571,99869.11982673751,-2.3187500000000014,0.1857537923355081,141.201463,-1624999.0168904364,-1369118.1000000015,0.0009858941301379,0.0909090909090908,0.003233966936587,0.0071643565689085,-87101.75,-80460.0,-0.0347922205199275,13320.0,1376155.9567441323,-3.375,2387655.299999997,0.0006052735624146,0.0,0.0060405114426724,0.0863660932339581,2416381.75
2025-02-10,2437077.583333333,151.1189194,2416381.75,153.1874305,28.5625,151.1189194,0.3143464188930522,2.4,153.1874305,28.9375,741821.8169718753,69.482,0.6035932637576025,4.936766894386005,1.0896825000000092,70.12000000000002,-145764.5,0.7627777499999979,0.5123276805751795,2.3943783363579123,1.8946570304839527,540953.0914898278,0.1595370147249682,5.892784414687172,1367767.26604203,0.4871382000000039,0.1999999999999997,-104020.0,-158004.7374999998,0.176123514117568,1.3146911534442205,0.0815531036680567,-86346.5,-0.0041102464061424,0.1399999999999996,-1.6303823626604732,-0.0348492602455328,96473.41520791846,-0.0461215932914046,91647.18760477367,-1.84375,0.1780059072288634,141.201463,-3265696.4914722964,-3205360.8999999985,0.0004356390635653,0.0909090909090908,0.003233966936587,0.0071643565689085,-25014.25,-9850.0,-0.0103519445965025,-79110.0,1566723.6580423915,-1.375,547080.5300000012,-0.0528652898264023,0.0,0.0055973346025703,0.1072028161057381,2391367.5
2025-02-11,2360439.083333333,151.1189194,2391367.5,153.1874305,28.479166666666668,151.1189194,0.284408664712771,2.4,153.1874305,28.8125,704605.1585432623,69.56,0.5461081910187886,4.741300177114716,1.0896825000000092,70.04000000000002,-327499.5,0.7082936250000103,0.5332475566193657,2.4921479863272378,1.9141126843593728,560789.5925422651,0.176678524949861,5.863305404227244,1377229.8092402944,0.4871382000000039,0.1999999999999997,-232920.0,-252818.9750000001,0.1538418758894603,1.24049014081967,0.0737861414139562,-229915.5,0.0078605547640995,0.1299999999999999,-1.0792745185975718,-0.0918382326066858,104759.68142077458,-0.0851485148514851,96473.41520791632,-1.2250000000000014,0.1869304088925701,141.201463,-1436617.5875225589,-1434685.8999999985,0.0002366572634846,0.0909090909090908,0.003233966936587,0.0071643565689085,-117799.5,18760.0,-0.0492603081709523,-207130.0,1600832.7182673432,-2.6875,337905.7299999967,-0.0300177360316246,0.0,0.0054333346020629,0.0906062563533612,2273568.0
2025-02-12,2316927.333333333,151.1189194,2273568.0,153.1874305,28.45833333333333,151.1189194,0.2573221252163193,2.4,153.1874305,28.525,702916.9261536858,69.84200000000001,0.4940978871122468,4.4722918593013965,1.0896825000000092,70.08666666666669,-227151.0,0.6538095000000226,0.5477013287065718,2.5596981111328163,1.9137300997636095,562618.4162994501,0.2225572974156037,5.7837271492457205,1378317.4438378315,0.4871382000000039,0.1999999999999997,-217400.0,-219609.1124999998,0.1410308111670156,1.273992603825618,0.066758889850722,-130535.25,-0.0854009379053447,0.1199999999999996,-1.7116055168263742,-0.0540209550912226,109038.76860945462,-0.0910931174089069,104759.6814207726,-1.8656250000000012,0.1867620372687244,141.201463,-658493.4839489833,-685330.1499999985,0.0002366012700756,0.0909090909090908,0.003233966936587,0.0071643565689085,12278.5,-205420.0,0.0054005422314178,77370.0,1608814.929340289,-2.8125,-19103.29000000656,-0.0369286463392313,0.0,0.0050400349949601,0.0840048644378697,2285846.5
2025-02-13,2304386.083333333,151.1189194,2285846.5,153.1874305,28.3125,151.1189194,0.2328152561480863,2.4,153.1874305,28.3,702733.4214922439,69.58,0.447040945482513,4.1424541417957945,1.0896825000000092,68.82333333333337,-175592.0,0.5993253750000065,0.556193328585309,2.599385719889621,1.9854709106019448,564438.5065671398,0.141831496034669,5.648356328225386,1415711.6980871672,0.4871382000000039,0.1999999999999997,-253760.0,-137930.2000000002,0.1458988484352586,1.3391675229792477,0.0604009003411292,-37623.75,0.0390510650290463,0.1099999999999998,-1.6051430866524363,-0.0157331526835586,109966.71808838408,-0.1057884231536926,109038.76860945272,-1.8093749999999995,0.1989486491333367,141.201463,-2455664.4854776487,-2632153.549999997,0.000548785103323,0.0909090909090908,0.003233966936587,0.0071643565689085,67897.25,85910.0,0.0297033287230792,33840.0,1718861.3249258678,-3.3125,-1919944.480000004,-0.073450076695641,0.0,0.0047125890736341,0.0908583249435477,2353743.75
2025-02-14,2342325.333333333,151.1189194,2353743.75,153.1874305,28.291666666666668,151.1189194,0.2106423746101597,2.4,153.1874305,28.4375,700640.8475921379,69.26200000000001,0.4044656173413443,3.986547114462645,1.0896825000000092,68.7366666666667,-137984.0,0.5448412500000188,0.5589953278231465,2.612480944933846,2.006040876952516,563481.4589750497,0.1320711222314624,5.478741307623872,1425024.7769767365,0.4871382000000039,0.1999999999999997,-232630.0,-98113.1875,0.1251517972465515,1.294694385802566,0.0546484336419741,113817.75,0.0212174902115187,0.0999999999999996,-0.7171532688760145,0.0500612913271123,112274.38496403796,-0.0043196544276458,109966.7180883822,-0.8625000000000007,0.2146844468270358,141.201463,-2500438.439241677,-2850354.1499999985,0.0009834887371626,0.0909090909090908,0.003233966936587,0.0071643565689085,33642.0,48500.0,0.0142929747556419,24110.0,1825381.0450013175,-0.125,-3032058.8900000006,-0.0914441938564122,0.0,0.0047460844803037,0.0853668850739485,2387385.0
2025-02-17,2331772.5,151.1189194,2387385.0,153.1874305,28.3125,151.1189194,0.1905811960758683,2.4,153.1874305,28.375,738807.2399794619,69.20599999999999,0.3659450823564611,3.820446756879124,0.0,69.06000000000002,-131867.5,0.4903571250000027,0.5561933285853482,2.5993857198895998,1.6077518628930347,563248.4898251796,0.1440444772516468,5.285980738566209,1434577.3333483604,0.0,0.0,-177280.0,-217178.4624999999,0.1381186851734483,1.3279943821208238,0.0494438209141669,-31658.5,-0.0417118255617194,0.0899999999999998,-1.270876767078299,-0.0138497926260577,122770.59858834204,0.0112359550561798,112274.4194590142,-1.4375,0.2031770723589992,141.201463,-2854606.540266283,-3368744.8999999985,0.0005479452054792,0.0,0.0,0.0,-133197.75,-97370.0,-0.0557923033594383,-2870.0,1981679.2629780767,0.3125,-3321658.129999995,-0.0914309495216051,0.0,0.0048960072870805,0.086928590493679,2254188.0
2025-02-18,2344432.583333333,151.1189194,2254188.0,153.1874305,28.39583333333333,151.1189194,0.1724306059734033,2.4,153.1874305,28.25,772134.2810895417,69.124,0.3310931697510852,3.5971119996380128,0.0,69.28000000000003,-101221.5,0.435873000000015,0.5477013287066517,2.5596981111327715,1.6073273010298927,577571.1369325246,0.1483018086528122,5.024642851939138,1425659.7666338775,0.0,0.0,-141720.0,-68242.70000000019,0.143438060567485,1.2916538447286705,0.0447348855890079,37980.25,0.0076934080769608,0.08,-1.0367456464041744,0.0161361023263471,118791.07228770047,-0.0423728813559322,122770.62559025992,-1.1593750000000007,0.2244366219080405,141.201463,-2136913.298336156,-2772102.799999997,8.497941609708626e-05,0.0,0.0,0.0,137536.0,17210.0,0.061013544566824,19620.0,2077856.5490370728,-1.25,-2987905.8100000024,-0.0712498266699729,0.0,0.0046668247569363,0.0750427615624035,2391724.0
2025-02-19,2349163.6666666665,151.1189194,2391724.0,153.1874305,27.95833333333333,151.1189194,0.1560086434997458,2.4,153.1874305,28.1375,826643.3399461769,68.648,0.2995604869176702,3.405239732042161,0.0,69.06333333333335,-65597.0,0.3813888750000274,0.5332475566194885,2.492147986327169,1.622845129947387,569934.2943086543,0.140810362854649,4.576280120022084,1422256.3250681956,0.0,0.0,-104920.0,-44419.36249999981,0.1417015394008994,1.3018640166162678,0.0404744202948164,14193.25,0.0487580904892666,0.0699999999999998,-1.616579394365683,0.0059451012472533,107309.23150853158,-0.0677966101694915,118791.0964061044,-1.734375,0.238385002353638,141.201463,-1202980.7461136654,-1915150.5,0.0001982684554888,0.0,0.0,0.0,9855.0,109910.0,0.0041204587151359,22850.0,2113851.362368407,-2.0,-3065824.8800000027,-0.0523299647143213,0.0,0.0044277573930275,0.0742119109288522,2401579.0
2025-02-20,2401174.333333333,151.1189194,2401579.0,153.1874305,27.916666666666668,151.1189194,0.1411506774521456,2.4,153.1874305,28.1375,868731.7968891468,68.72200000000001,0.2710309167350431,3.170548516556471,0.0,68.0166666666667,-67481.0,0.3269047499999828,0.5123276805753523,2.394378336357816,1.5961315075764226,548404.1410280006,0.1128578906435124,4.3458896188251686,1394092.592482439,0.0,0.0,-113350.0,-25036.862499999814,0.1563544208696384,1.290320110220399,0.0366197136000718,156032.0,-0.0027325409246647,0.06,-1.0102384996641902,0.069218716451334,98862.78584052232,-0.03862660944206,107309.25306929892,-1.1062499999999993,0.2384324893346706,141.201463,-879167.7702933177,-1627528.5,0.0004719741735732,0.0,0.0,0.0,8641.0,-6460.0,0.0035980494499661,-15350.0,2144280.980858382,-1.125,-3481054.170000002,-0.047789060171889,0.0,0.0047398756256635,0.0709138498579716,2410220.0
2025-02-21,2392109.333333333,151.1189194,2410220.0,153.1874305,27.89583333333333,151.1189194,0.127707755790027,2.4,153.1874305,28.0125,884652.8391629617,68.696,0.2452184484745601,3.1073603624549104,0.0,68.02333333333335,-16126.0,0.2724206249999952,0.4841041544918062,2.2624748652154927,1.5278264574928164,523413.0736845504,0.1071274937075994,4.123775224879015,1376741.2569995015,0.0,0.0,-84040.0,-60650.200000000186,0.1294742577377516,1.1742640122186343,0.0331321218286362,-27195.0,0.0016626796287813,0.0499999999999998,-0.7443824520771258,-0.0113704591332445,95023.2993447413,0.0022222222222221,98862.80495451782,-0.7531250000000007,0.2641497318695431,141.201463,-1222937.5064558536,-2024078.25,0.0009435030380797,0.0,0.0,0.0,-45691.0,3920.0,-0.0189571906299009,42630.0,2192307.606109521,0.0625,-2041532.9699999988,-0.0246266952917719,0.0,0.0046973255549662,0.0784265310962218,2364529.5
2025-02-24,2374382.5,151.1189194,2364529.5,153.1874305,27.979166666666668,151.1189194,0.1155451123814543,2.4,153.1874305,27.9375,904806.8534650084,68.40400000000001,0.2218643105246087,3.053463736574996,0.0,68.65333333333335,-56487.5,0.2179365000000075,0.4471962622587234,2.0899847559471016,1.3704562244604654,523159.54360855225,0.1078320434008338,3.8557400477535295,1394089.159278182,0.0,0.0,-53150.0,-72245.6875,0.163275331044546,1.1841885962869303,0.0299766816544804,-53180.5,-0.0185216551770863,0.0399999999999995,-1.0693222185459703,-0.0221439727779099,96477.24471321836,-0.0241758241758242,95023.29824827236,-1.0874999999999986,0.2382681165006105,141.201463,-874359.6486981511,-1630788.6000000015,0.0002356534198024,0.0,0.0,0.0,-16130.5,-43740.0,-0.006821866003758,-48220.0,2213977.768070767,-0.6875,-932137.1300000028,0.0111630831627238,0.0,0.0044964880062099,0.0756534388154452,2348398.0
2025-02-25,2331941.833333333,151.1189194,2348398.0,153.1874305,28.0625,151.1189194,0.1045408159641567,2.4,153.1874305,27.9375,920384.5325880144,68.27799999999999,0.200734376188933,2.984331186829877,0.0,68.54000000000003,-95366.5,0.1634523749999914,0.3992025125541676,1.8656845689177597,1.3871288028853035,523294.4820898504,0.1188743132985855,3.663717518135222,1407088.136892365,0.0,0.0,108900.0,-130109.6499999999,0.1680886934146704,1.0003854109251056,0.0271217595921489,-127322.0,-0.0282593126299712,0.0299999999999998,-0.5151010548749255,-0.0528258831144045,101159.71144142128,-0.0216450216450216,96477.26272105797,-0.421875,0.2385181311037491,141.201463,-397420.8726316616,-1070362.549999997,0.000471195800703,0.0,0.0,0.0,-65500.5,-65500.0,-0.0278915609935878,-45080.0,2206804.9423831706,-0.625,-646848.9499999955,-0.0088833771109684,0.0,0.0047320254015124,0.0834675209758531,2282895.0
2025-02-26,2302110.833333333,151.1189194,2282895.0,153.1874305,27.75,151.1189194,0.0945845477770888,2.4,153.1874305,27.8875,925476.446943523,68.498,0.1816168165518945,2.9032116519201216,0.0,68.73333333333336,-127645.0,0.1089682500000037,0.3353971966942889,1.5674885669604115,1.3627930877446262,527348.7294459776,0.1350410186856322,3.3958247971132547,1406673.8903893526,0.0,0.0,-12230.0,-124455.6749999998,0.2529188009949452,0.9039558075319448,0.024538734869087,-89493.0,0.0064466860836827,0.02,-1.3708057163154097,-0.0378481295852154,100603.19351408289,-0.0289532293986637,101159.92871891984,-1.2406250000000014,0.2654308526054121,141.201463,554969.3057142124,75302.45000000298,0.0002354869398943,0.0,0.0,0.0,-7862.0,14520.0,-0.0034438682761998,-43760.0,2117753.707540177,-0.8125,42319.53000000119,-0.0040387556993664,0.0,0.0047309060631293,0.080861388133469,2275036.0
2025-02-27,2250530.0,151.1189194,2275036.0,153.1874305,27.77083333333333,151.1189194,0.0855764956078246,2.4,153.1874305,27.85,888001.1423004348,68.85600000000001,0.1643199768803072,2.860810706049259,0.0,68.77000000000002,-120244.0,0.0544841249999876,0.2436604143898961,1.1387540430894358,1.1905332728188278,564958.4599476235,0.1755552454975455,3.1484781620487494,1430916.1344398812,0.0,0.0,-54060.0,-185552.0499999998,0.2061777354255863,0.6244981537810861,0.0222017125006024,-154742.5,-0.0378721038979372,0.0100000000000002,-0.731324219523465,-0.0658927775673506,99075.75729108044,-0.0066964285714286,100603.38547724938,-0.5031250000000007,0.2610283674448619,141.201463,1918743.324217625,1716914.200000003,0.0004708629977021,0.0,0.0,0.0,-81380.0,-85850.0,-0.0357708625270105,-7990.0,2023747.5526054115,-0.1875,2649169.160000004,0.0546336543938532,0.0,0.0046526582565771,0.0828671124338593,2193656.0
2025-02-28,2224830.6666666665,151.1189194,2193656.0,153.1874305,27.6875,151.1189194,0.0774263531689882,2.4,153.1874305,27.8125,888206.9502148137,68.574,0.1486704552726792,3.0064271505620983,0.0,68.5166666666667,-165960.0,0.0,0.0,0.0,1.2893139750736853,553250.0531216009,0.1514120314393305,3.022569967855183,1570975.5061188946,0.0,0.0,-142650.0,-155465.1000000001,0.1755679963491811,0.610388411714156,0.0200872636910212,-77098.0,-0.0143054301028432,0.0,-0.4920314367117093,-0.0337719863086305,96175.11873990735,-0.0281995661605206,99075.91180685148,-0.2687500000000007,0.3016071646381646,141.201463,2171113.102863565,2298508.100000001,0.0018825655603456,0.0,0.0,0.0,12144.0,-31200.0,0.005535963706251,-64480.0,1845422.8945416645,-0.8125,4436119.859999999,0.0677831892751394,0.0,0.0055550307038263,0.0811874277361333,2205800.0
2025-03-05,2229835.333333333,151.1857175,2205800.0,153.1874305,27.625,151.1189194,0.3722342957243256,2.4,153.1874305,27.675,866777.2861301838,68.716,-2.23837574522949,3.082823210708097,-2.6226647000000014,69.0166666666667,-104507.0,-2.4915314650000084,0.586445655139175,2.0588547603762875,1.221201306739995,620921.5657588062,0.1494623271932689,2.9313772584965374,1630620.789507554,0.3339904999999987,1.3000000000000005,-91780.0,-61510.8125,0.2078592954806118,0.6608469943920706,1.1943646671490191,15014.0,0.0161457630745329,1.2350000000000003,-1.293385585596308,0.0065994560086082,92859.3576462487,-0.0377777777777778,96175.2410937959,-1.1687499999999993,0.2897772944064751,141.201463,1491523.6168765577,1866660.6000000013,0.0,0.5416666666666667,0.0022101170477268,-0.0171206259641517,84250.0,34710.0,0.0381947592710127,48000.0,1698329.580977318,-1.0625,4061276.039999999,0.0706938650593567,0.3339904999999987,0.0050043433923785,0.086314937113951,2290050.0
2025-03-06,2255343.75,151.2525156,2290050.0,153.1874305,27.89583333333333,151.1189194,0.3367834104172402,2.4,153.1874305,27.75,811009.989176691,69.03999999999999,-2.0251971028266667,3.116574705642479,-2.6226647000000014,68.84666666666668,-61242.0,-2.360398229999987,0.8072391620935333,2.834002054707653,1.2131797063932928,714239.961446713,0.1442843203197444,2.715925741184614,1725336.9976912315,0.3339904999999987,1.3000000000000005,-79180.0,-68706.2749999999,0.1962216766387154,0.5984492019924933,1.0806156512300649,76525.25,0.0316823071641108,1.17,0.2434844701747707,0.0348847996221832,85110.1696843437,0.0132743362831857,92859.46374305962,0.4375,0.280746765868862,141.201463,1685110.5581264049,2263859.1499999985,0.000234878520829,0.5416666666666667,0.0022101170477268,-0.0171206259641517,-19868.75,69210.0,-0.0086761206087203,32220.0,1656967.5339945722,0.375,4282169.93,0.0681309484959542,0.3339904999999987,0.005154979842707,0.0861402111132715,2270181.25
2025-03-07,2274173.5,151.3193137,2270181.25,150.5647658,28.125,151.1189194,0.3047087999013058,3.7,153.1874305,28.0375,808748.8490059379,68.976,-1.8323211882717487,3.2263348524389874,-2.6226647000000014,69.40333333333335,-71927.5,-2.229264994999994,0.960806783467896,3.373137140006309,1.2159851972801796,733663.3498813222,0.1748337729889685,2.968768794962526,1809622.9940221964,0.3339904999999987,1.3000000000000005,-124170.0,-65827.0375000001,0.2293385584850083,0.5281060219234066,0.9776998749224396,56489.25,-0.0269821760563693,1.1050000000000004,0.2768430920628866,0.0256094160848672,80100.32955996328,0.0431818181818182,85110.25605212888,0.5406249999999986,0.2809455472251529,150.4089414,900396.933542937,1611563.6499999985,0.0013244037834738,0.5416666666666667,0.0022101170477268,-0.0171206259641517,-7892.0,-60810.0,-0.003476374408431,-22140.0,1609193.825957043,1.1875,4291299.589999996,0.0430618379234464,0.3339904999999987,0.0062866959919951,0.0914260129273248,2262289.25
2025-03-10,2223772.25,151.3861118,2262289.25,150.5647658,28.45833333333333,151.4529099,0.2756889141964223,3.7,150.5647658,28.0875,779152.8076798184,69.42999999999999,-1.657814408436337,3.2716390550272805,-2.6226647000000014,69.96000000000002,-102039.5,-2.098131760000001,1.0763188827912389,3.7786694062768063,1.394742383307385,731459.5109699268,0.1865525777100285,3.217628212804621,1750137.777487674,0.3339904999999987,1.3000000000000005,-152210.0,-171038.1749999998,0.2422391935954458,0.475337483985049,0.8845856011203024,-151203.75,-0.039655251037439,1.04,-0.3149991071811975,-0.0660263968035632,79580.03742923595,0.0022321428571427,80100.39478911189,-0.03125,0.2682141274942131,150.4089414,-729840.7267944813,24058.0,0.000272034820457,0.5416666666666667,0.0022101170477268,-0.0171206259641517,-123443.0,-86960.0,-0.054565524722358,-43390.0,1515773.789097532,0.0625,2320876.100000001,0.011713489328583,0.0,0.0060855945956144,0.0933414589919625,2138846.25
2025-03-11,2186878.4166666665,151.4529099,2138846.25,150.5647658,28.416666666666668,151.4529099,0.2494328271301071,3.7,150.5647658,28.1875,729765.1844266219,69.91799999999999,-1.499927321918591,3.3365810977961754,-2.6226647000000014,69.98000000000003,-157939.5,-1.966998525000008,1.1651493688375911,4.090529622923459,1.380472363856995,687237.0652221177,0.1642450371935623,3.3998527444958166,1748633.7485416438,0.3339904999999987,1.3000000000000005,-268360.0,-137540.5750000002,0.2355868866008844,0.483953020770422,0.8003393533945591,-110681.5,0.0070609798949636,0.975,0.1108341411217708,-0.0487544772030867,82174.75503431165,0.0110864745011085,79580.05786758116,0.3874999999999993,0.2897306367513353,150.4089414,-204691.27662357688,520319.1499999985,0.0003188506372324,0.5416666666666667,0.0022101170477268,-0.0171206259641517,20653.5,14870.0,0.0096563743186308,-73520.0,1518069.3169685048,0.3125,1967250.1700000016,0.0276292153473276,0.0,0.0054577332026242,0.094733464572187,2159499.75
2025-03-12,2190427.583333333,151.4529099,2159499.75,150.5647658,28.375,151.4529099,0.2256773197843813,3.7,150.5647658,28.4875,702872.5150949297,69.618,-1.3570771007834708,3.3667546064521754,-2.6226647000000014,70.08666666666669,-50415.0,-1.8358652899999868,1.2330781880752315,4.329009645119308,1.2703890825479998,633538.9829012548,0.1669682416125642,3.708922208325757,1745059.6778028605,0.3339904999999987,1.3000000000000005,-121340.0,-18182.037500000093,0.2298148501285683,0.4891503778004167,0.7241165578331725,10647.5,0.0182430297857894,0.91,0.1568261276816009,0.0047065157561085,79234.22678531086,0.0292792792792793,82174.74397817488,0.4437500000000014,0.2889643292798483,150.4089414,793558.2735310495,1441447.450000003,0.0001968743847675,0.5416666666666667,0.0022101170477268,-0.0171206259641517,113437.0,38690.0,0.052529295268499,98800.0,1508597.4126603294,0.8125,2032055.5500000045,0.0408393626654597,0.0,0.0054187517080848,0.0893901702954945,2272936.75
2025-03-13,2221538.833333333,151.4529099,2272936.75,150.5647658,28.52083333333333,151.4529099,0.2041842417096973,3.7,150.5647658,28.4625,686712.5056125238,69.534,-1.2278316626136243,3.3516193652534585,-2.6226647000000014,69.02000000000002,-54108.5,-1.7047320549999938,1.2834284693997384,4.505776094802906,1.2689299263155758,581952.9235707301,0.1042683691185608,3.862013757510425,1738689.5948254226,0.3339904999999987,1.3000000000000005,-78430.0,-56869.387500000186,0.237940526851115,0.4652390443826476,0.6551530761347752,93333.75,0.0312340819634173,0.8450000000000002,0.0853426869500175,0.0436374283565264,80250.69056727157,0.0088495575221239,79234.20056860865,0.3999999999999986,0.2875838490003075,150.4089414,1522667.4855757132,2209607.049999997,0.000234328134373,0.5416666666666667,0.0022101170477268,-0.0171206259641517,-40756.75,67450.0,-0.0179313172704871,-2170.0,1595578.281917598,0.25,2226120.25,0.047838297760719,0.0,0.0051807126776748,0.0858203015187483,2232180.0
2025-03-14,2280230.5,151.4529099,2232180.0,150.5647658,28.5,151.4529099,0.1847381234516376,3.7,150.5647658,28.4125,691757.9512890949,69.108,-1.1108953137932644,3.3851422656983257,-2.6226647000000014,68.05333333333336,68.5,-1.5735988200000008,1.318216031680398,4.627905976021802,1.3594188967520808,541213.7673600233,0.1012461020245993,4.006465301305681,1732003.348176364,0.3339904999999987,1.3000000000000005,19890.0,44038.950000000186,0.2351248957619608,0.4711670141894328,0.5927575450743205,176075.0,0.0023485035586789,0.7800000000000002,0.0206671929547788,0.0815350870033673,80913.85910791374,0.0435779816513761,80250.65959315209,0.3187500000000014,0.2614655803506607,150.4089414,869730.8679018319,1590500.3999999985,0.001321301059852,0.5416666666666667,0.0022101170477268,-0.0171206259641517,103394.75,5230.0,0.0463200772339147,54560.0,1634781.2310022097,1.1875,1432758.539999999,0.0222693821075044,0.0,0.0062718951293929,0.0926826515657221,2335574.75
2025-03-17,2304686.75,151.4529099,2335574.75,150.5647658,28.5,151.4529099,0.1671440164562625,3.7,150.5647658,28.5125,681865.0485007176,68.164,-1.0050957600986692,3.4004310486927207,-2.6226647000000014,67.53666666666669,34409.0,-1.442465585000008,1.3386547083722815,4.69966073528068,1.3742178636761524,485045.7349365869,0.102963350123166,4.094819705565901,1681216.6332537814,0.3339904999999987,1.3000000000000005,62650.0,55141.61249999981,0.20626655144525,0.4804033906626663,0.5363044455434327,73368.75,0.0442571835604654,0.7149999999999999,0.1317941269590861,0.0322792748192399,80629.47219280154,0.0269662921348314,80913.83445261969,0.4156249999999986,0.2563606632527778,150.4089414,-42040.78618405759,559609.5,0.0003556254328336,0.5416666666666667,0.0022101170477268,-0.0171206259641517,10730.75,98790.0,0.0045944793674448,34770.0,1595161.3211249183,0.75,-1027548.4299999996,-0.0164833504099819,0.0,0.0061559893823301,0.0897893158673146,2346305.5
2025-03-18,2323472.75,151.4529099,2346305.5,150.5647658,28.9375,151.4529099,0.1512255386985259,3.7,150.5647658,28.775,674455.5814467967,67.69,-0.9093723543749944,3.4264506725840413,-2.6226647000000014,66.90666666666668,8186.0,-1.311332350000015,1.3453986034889218,4.723336757846005,1.4327209115982324,459307.5648505805,0.1045800985946294,4.2091190164656895,1653811.948827664,0.3339904999999987,1.3000000000000005,98710.0,2316.5,0.216494785096084,0.5923286311110351,0.4852278316821534,56358.0,-0.025748937137758,0.6500000000000004,1.2501946862963145,0.0252479638738811,77385.17079276957,0.0647321428571428,80629.44654016185,1.6156250000000014,0.2652302088790887,150.4089414,86149.81250013411,559912.75,0.0001964599782959,0.5416666666666667,0.0022101170477268,-0.0171206259641517,-57767.5,-60020.0,-0.024620621653915,-28420.0,1526709.060592603,1.8125,-3346744.170000002,-0.0216146495536558,0.0,0.0044626918957515,0.1041174043731719,2288358.0
2025-03-19,2342291.1666666665,151.4529099,2288358.0,150.5647658,29.4375,151.4529099,0.1368231064415397,3.7,150.5647658,29.05,656548.8728838422,67.204,-0.822765463482142,3.453769070247776,0.0,66.91333333333336,58547.0,-1.1801991149999935,1.3386547083722542,4.699660735280702,1.400114562983426,444463.6566363391,0.1048539390048486,4.275779276469637,1606814.5727957464,0.0,0.0,101560.0,98916.3999999999,0.1634965101480436,0.7080946450248184,0.4390156572362338,56455.25,0.0077456571038552,0.5850000000000004,1.2442237637919042,0.0241718874551113,80459.241468387,0.1062355658198614,77384.90991905793,1.6499999999999986,0.2067615742640534,150.4089414,891041.925595358,1243976.049999997,0.0004676699746521,0.0,0.0,0.0,103492.0,17590.0,0.0452218840150349,50850.0,1404157.1217124157,2.875,-2385143.6300000027,0.0001094852262275,0.0,0.0049324489374096,0.1255275767586768,2392030.0
2025-03-20,2347383.6666666665,151.4529099,2392030.0,150.5647658,29.979166666666668,151.4529099,0.1237923343994964,3.7,150.5647658,29.3875,638505.2796227261,66.892,-0.7444068479124155,3.4185005563491178,0.0,66.90000000000002,54165.5,-1.049065880000029,1.3182160316803428,4.627905976021848,1.4250407196414316,444205.8530579534,0.0878339377325723,4.248186486147447,1553371.4754621298,0.0,0.0,64210.0,69976.45000000019,0.1671673488119476,0.8254970093810384,0.3972046422613542,15277.5,0.0273449448119762,0.52,1.3519167386688655,0.0065113004252856,78779.7479218071,0.054585152838428,80459.81559656559,1.8031250000000012,0.1935610139643148,150.4089414,733126.694586277,977284.299999997,0.0001869805446741,0.0,0.0,0.0,-30447.0,62580.0,-0.012728519291146,-5130.0,1289458.1668495925,1.5625,-2669121.349999994,-0.0068112912535592,0.0,0.0048843260099751,0.1197956171862601,2361583.0
2025-03-21,2395717.083333333,151.4529099,2361583.0,150.5647658,29.875,151.4529099,0.1120025882662218,3.7,150.5647658,29.6,593940.0473979249,66.99199999999999,-0.6735109576350453,3.4320425100226646,0.0,66.89000000000003,97695.0,-0.9179326450000076,1.283428469399653,4.505776094802977,1.4579303102268906,446208.3309175504,0.0883823067012362,4.085058106915198,1491634.341431041,0.0,0.0,130180.0,140333.7374999998,0.124243884720622,0.8338231838769696,0.3593756287126539,145000.25,0.0009995236312905,0.455,0.6011389540337362,0.0633593368342584,81408.10867174597,0.028322440087146,78780.15003950232,1.015625,0.1895501351027984,150.4089414,621262.628435202,787557.1000000015,0.0014020919211463,0.0,0.0,0.0,71955.25,2350.0,0.0304690751923604,43830.0,1220559.007713408,0.8125,-2466730.259999998,0.0030790852443438,0.0,0.0049622903455779,0.1263293174626538,2433538.25
2025-03-25,2427600.333333333,151.4529099,2433538.25,150.5647658,29.70833333333333,151.4529099,0.1013356750980278,3.7,150.5647658,29.775,546631.2078617326,67.354,-0.6093670569078995,3.4063786916025487,0.0,67.78666666666669,164162.5,-0.7867994100000146,1.23307818807511,4.329009645119404,1.4638446135557444,483615.2414688482,0.0903771666257064,4.031525602577806,1434764.4156981723,0.0,0.0,244660.0,190602.25,0.1159781453927514,0.8516383205002076,0.3251493783590677,95649.75,0.0340221035322312,0.3900000000000001,0.4873400060305251,0.0399868521715864,88777.16516354174,0.0489977728285078,81408.68686410427,0.8812500000000014,0.2016929896758922,150.4089414,422016.8066794723,508779.5,0.000233354801975,0.0,0.0,0.0,54141.5,80070.0,0.022248057946079,71090.0,1146838.712656011,1.375,-478176.6099999994,0.027849331582612,0.0,0.0049234289572646,0.1419989617222855,2487679.75
2025-03-26,2453728.083333333,151.4529099,2487679.75,150.5647658,29.77083333333333,151.4529099,0.0916846584220252,3.7,150.5647658,29.8875,528325.3396900683,67.49600000000001,-0.5513320991071282,3.412430064997641,0.0,67.91333333333336,166640.0,-0.6556661749999932,1.165149368837428,4.09052962292358,1.4740080518255985,531870.8399916163,0.0881177629644629,3.986647285498861,1355453.5508623107,0.0,0.0,323410.0,139116.8875000002,0.1392524190094344,0.9378891736078072,0.2941827708962994,78383.25,-0.0015080910936331,0.3250000000000002,1.2891409578371409,0.03319097825484,93282.0474421398,0.0657894736842106,88778.11554584552,1.7093750000000014,0.2088421243866554,150.4089414,1481738.3489004746,1516109.200000003,0.0004666007204314,0.0,0.0,0.0,-47713.5,-3670.0,-0.0191799205665439,5230.0,1054506.7177006288,1.875,473034.3200000003,0.0388630836985277,0.0,0.0050718591504399,0.2037565977801451,2439966.25
2025-03-27,2446575.833333333,151.4529099,2439966.25,150.5647658,30.354166666666668,151.4529099,0.0829527861913561,3.7,150.5647658,30.15,489947.7295380047,67.648,-0.4988242801445324,3.3614440820757463,0.0,68.00666666666667,150646.5,-0.5245329400000003,1.0763188827910206,3.778669406276957,1.4667876644682372,563491.825450351,0.0885017800427237,3.910372542492457,1239942.0738283808,0.0,0.0,213210.0,108047.9874999998,0.135415653095128,1.0746164784028551,0.2661653641442707,-21456.75,-0.0109717803833127,0.2599999999999998,1.958032295185987,-0.008817099957233,96036.768955363,0.0940919037199123,93283.32340950333,2.4093750000000007,0.1891918108409517,150.4089414,1606254.8871004283,1599488.1000000015,0.0001958809044102,0.0,0.0,0.0,-27884.75,-26660.0,-0.0114283343058536,-11400.0,967487.980618488,2.6875,975386.7099999934,0.0259839708578653,0.0,0.0050708608278342,0.2115827618214538,2412081.5
2025-03-28,2410203.5,151.4529099,2412081.5,150.5647658,30.39583333333333,151.4529099,0.0750525208397903,3.7,150.5647658,30.025,443472.7214355408,67.55199999999999,-0.4513172058450436,3.348217868638611,0.0,67.23000000000002,59534.0,-0.3933997050000073,0.9608067834676016,3.3731371400065,1.4979687123443224,566768.724251684,0.0791797030396557,3.833062675421432,1147872.0478552768,0.0,0.0,126680.0,69746.0,0.1228537735618229,1.0767236793049595,0.240816281844816,-109117.0,-0.0214255100469787,0.1949999999999998,0.2447673146920834,-0.0438629610583918,97302.69346907405,0.0372807017543859,96038.34069031816,0.65625,0.1900729654442263,150.4089414,2591122.1835670546,2605762.3999999985,0.0010165160544257,0.0,0.0,0.0,-33518.75,-51490.0,-0.0138961929768957,-88700.0,1025372.9248864098,1.0625,1822538.1999999955,0.0312648282441563,0.0,0.0058568309390607,0.2153954537263322,2378562.75
2025-03-31,2376468.333333333,151.4529099,2378562.75,150.5647658,30.20833333333333,151.4529099,0.0679046617121912,3.7,150.5647658,30.0875,366091.0632745137,67.874,-0.4083346148121904,3.2929645499840245,0.0,67.52000000000002,23089.5,-0.2622664699999859,0.8072391620931189,2.8340020547079106,1.4924154741133706,751636.3438758943,0.0803447415602783,3.654818880964494,1352933.3532753943,0.0,0.0,38600.0,26757.762500000183,0.1361034912009075,1.0202463179738377,0.2178813978595952,-101205.5,-0.0178847822019627,0.1300000000000007,0.4476466180547405,-0.0414782376600496,97181.58013893494,0.0483516483516484,97304.6761737756,0.7781249999999993,0.1897771665658676,150.4089414,4358497.927989237,4519816.8500000015,0.000465818256349,0.0,0.0,0.0,-39802.0,-42060.0,-0.0167336346287269,-33520.0,1439787.3696218098,1.375,4246360.940000005,0.0745594008509689,0.0,0.0049974731877142,0.1485221496925838,2338760.75
2025-04-01,2357951.4166666665,151.49140394,2338760.75,150.5647658,30.27083333333333,151.4529099,0.2355772558348405,3.7,150.5647658,30.4875,894116.0501793757,67.62,1.2782607246937232,3.231262218925152,1.8211490999999853,67.74000000000002,30348.5,1.5989584099999945,0.6961389803236592,2.836194909194459,1.4489945697491495,833556.998367543,0.0900289886146161,3.566304884097426,1523907.4538540682,0.1924702000000024,-0.9000000000000004,14970.0,36384.02499999991,0.1515909898889263,1.109816211371681,-0.6171549257460809,-55550.75,0.0098672531887811,-0.7900000000000009,1.8752517020495247,-0.0230302127021827,93496.7586888943,0.1006564551422319,97183.87591603234,2.2218750000000007,0.1807828740998825,150.4089414,3170329.077704549,3474266.1499999985,0.000614593809364,-0.2432432432432433,0.0012708253682751,0.0120954533441048,17770.0,22790.0,0.0075980409710569,11140.0,1655401.8750330054,2.875,4587940.299999997,0.0765955388263259,0.1924702000000024,0.0052576432286792,0.1045403270719891,2356530.75
2025-04-03,2323650.083333333,151.52989798000002,2356530.75,150.5647658,30.95833333333333,151.4529099,0.2131413267076993,3.7,150.5647658,30.7375,1264210.2079645414,67.516,1.156521608056238,3.276099895829575,1.8211490999999853,67.85333333333337,-8268.0,1.6390341899999896,0.5605378657554068,2.540069875711564,1.4382976048108491,844091.2861303486,0.0780074398395866,3.541019032636442,1551004.1612112713,0.1924702000000024,-0.9000000000000004,10220.0,-47980.91250000009,0.177526118904151,1.1936776638308446,-0.558378266151216,-102904.0,-0.0280134622392762,-0.8100000000000005,1.866299158997187,-0.0432631007947972,90248.55385196635,0.0607966457023061,93499.97009350648,2.2281249999999986,0.1778977362810817,150.4089414,1547094.070304118,1919847.0,0.0002698829266476,-0.2432432432432433,0.0012708253682751,0.0120954533441048,-80872.0,-65340.0,-0.0343182451576327,-33170.0,1715684.453805418,1.8125,3747907.530000001,0.0514728812281493,0.1924702000000024,0.0053314377110358,0.0928469525577386,2275658.75
2025-04-04,2246668.5,151.56839202,2275658.75,152.3859149,31.08333333333333,151.4529099,0.1928421527355226,2.8,150.5647658,30.525,1442204.51398668,67.566,1.0463766930032818,3.320417538912733,1.8211490999999853,67.49333333333335,-88141.0,1.5479767349999918,0.6671735082969015,3.023287870148477,1.3457805404903669,854226.3393027034,0.1122080110386841,3.3860196707262338,1632013.2152145652,0.1924702000000024,-0.9000000000000004,-121500.0,-206711.9624999999,0.1145976363698532,1.0701687259356698,-0.5051993836606239,-230944.75,-0.1035018150861669,-0.7650000000000001,0.3879611438545964,-0.098746633233006,102223.27325524272,0.0083507306889352,90252.2474872633,0.6343749999999986,0.1908565721239419,158.6614543,1071420.0159894451,1454933.1499999985,0.0009768986723484,-0.2432432432432433,0.0012708253682751,0.0120954533441048,-167842.75,-234650.0,-0.0737556762410005,-80870.0,1745823.4969057275,0.25,3780990.3100000015,0.0313246755087439,0.1924702000000024,0.0058431420210727,0.0866239856990516,2107816.0
2025-04-07,2136480.6666666665,151.60688606000002,2107816.0,152.3859149,30.9375,151.6453801,0.1744762334273844,2.8,152.3859149,30.8125,1636478.559399759,68.498,0.9467217698601188,3.322549591897086,1.8211490999999853,68.69333333333337,-221706.0,1.456919279999994,0.7473838210074925,3.38675983428181,1.531387056166437,894329.869278697,0.0905834958602751,3.0279381555277856,1685767.5356520873,0.1924702000000024,-0.9000000000000004,-259710.0,-276350.0125000002,0.1339104549163551,1.0932799741926948,-0.4570851566453262,-330563.5,-0.0078525530637749,-0.7200000000000006,1.0861315111065402,-0.1402754875997268,120713.00987410617,0.0269151138716357,102225.6898064774,1.328125,0.2141130428617217,158.6614543,1354011.4906571135,1775323.700000003,0.0004182622597312,-0.2432432432432433,0.0012708253682751,0.0120954533441048,-81848.75,-15960.0,-0.038831069694888,-143340.0,1794425.7490410951,0.8125,3663906.1899999976,0.0391665932439773,0.0,0.0060757316583008,0.0901189318141086,2025967.25
2025-04-08,2041468.1666666667,151.6453801,2025967.25,152.3859149,30.979166666666668,151.6453801,0.1578594492914362,2.8,152.3859149,31.2,1815184.616838029,68.72,0.856557791778215,3.3698798980763134,1.8211490999999853,69.52666666666669,-215774.0,1.365861824999996,0.809066719212526,3.666275066255977,1.5668919117675344,899212.5174296983,0.075993963655456,3.0575637016240256,1695909.4451973157,0.1924702000000024,-0.9000000000000004,-306420.0,-298112.6124999998,0.1496664831845738,1.160549438842267,-0.4135532369648191,-285037.5,-0.0186511281924125,-0.6750000000000003,1.661261843382107,-0.1252549399157496,139307.11464374707,0.0762711864406779,120714.09799036969,1.9250000000000007,0.1788166310173608,158.6614543,582563.0629754886,961478.799999997,0.000232270771975,-0.2432432432432433,0.0012708253682751,0.0120954533441048,-35346.0,-37610.0,-0.0174464814275748,-2880.0,1792974.0166820902,2.25,2716458.160000004,0.0289504626076204,0.0,0.0049004508414773,0.097362622289862,1990621.25
2025-04-09,2066721.8333333333,151.6453801,1990621.25,152.3859149,31.02083333333333,151.6453801,0.1428252160255851,2.8,152.3859149,30.975,1913872.8585681263,69.03,0.7749808592279237,3.398768507792987,1.8211490999999853,70.18000000000002,-146241.5,1.2748043699999982,0.8562357332381536,3.8800208253080375,1.3144644697023613,872206.2700298149,0.0783804241395201,3.003970179964989,1718140.864079845,0.1924702000000024,-0.9000000000000004,-311310.0,-107393.3999999999,0.1319195396325208,1.087458408156739,-0.3741672143967411,75761.0,-0.0451263081828702,-0.6299999999999999,0.2024511916314288,0.0359428906507968,137115.89392440236,0.0297239915074309,139307.13377801003,0.375,0.1773207112346279,158.6614543,509959.1522159204,754428.950000003,0.0005108770365418,-0.2432432432432433,0.0012708253682751,0.0120954533441048,192955.75,-89300.0,0.0969324275022183,66200.0,1675029.5629481412,0.875,2484177.9399999976,0.0311225776184473,0.0,0.0051792679967899,0.095441916259156,2183577.0
2025-04-10,2095229.5,151.6453801,2183577.0,152.3859149,31.14583333333333,151.6453801,0.129222814499343,2.8,152.3859149,30.925,2018213.2071404776,70.02,0.7011731583490928,3.387014327365233,1.8211490999999853,70.39000000000003,-169613.0,1.1837469150000004,0.8911984067049443,4.038453714632117,1.5770274335979086,840599.9165001473,0.071748192241938,2.944691030171086,1713277.984888521,0.1924702000000024,-0.9000000000000004,-340780.0,-177079.6749999998,0.1563962748798676,1.077410852337191,-0.3385322415970515,85523.0,0.0729470414216841,-0.5850000000000004,1.144479649571295,0.0422134168259629,139930.04752284335,0.0329218106995885,137116.0678923745,1.2937499999999993,0.1683905797031644,158.6614543,1643624.99486202,1832828.299999997,0.0002320982611199,-0.2432432432432433,0.0012708253682751,0.0120954533441048,-72086.75,137840.0,-0.0330131476929826,-24240.0,1626139.2013641517,1.0,2008374.789999999,0.0319297744220059,0.0,0.0049436609208268,0.1034853399383632,2111490.25
2025-04-11,2181290.083333333,151.6453801,2111490.25,152.3859149,31.0625,151.6453801,0.1169158797851253,2.8,152.3859149,31.1875,2306313.450071871,70.40599999999999,0.6343947623158499,3.383259523173961,1.8211490999999853,70.30333333333336,-61242.5,1.0926894600000026,0.9153545017401624,4.14791673767156,1.5929760298207751,815353.355306607,0.0709107156130774,3.083114283353959,1684361.3787363346,0.1924702000000024,-0.9000000000000004,-221420.0,-38560.23749999981,0.1686608283231585,1.05954989046852,-0.3062910757306656,258181.75,0.0414613574821325,-0.54,1.1485768258026,0.1296990826356345,140175.79865899982,0.008,139930.05547286573,1.2718750000000014,0.1610692522963598,158.6614543,1601899.9477322996,1779188.950000003,0.0009281776160685,-0.2432432432432433,0.0012708253682751,0.0120954533441048,137312.75,84060.0,0.0650312024883847,107960.0,1633613.3754151473,0.25,1443132.2300000042,0.0292675499649635,0.0,0.005679433735277,0.0922265337080354,2248803.0
2025-04-14,2238237.5,151.6453801,2248803.0,152.3859149,32.8125,151.6453801,0.1057810340913079,2.8,152.3859149,32.1,2312615.1941327164,71.26199999999999,0.5739762135238777,24.60782226941805,1.8211490999999853,72.41333333333336,96417.5,1.0016320050000047,0.929546890749212,4.212229359509507,2.320736951919484,897135.9732290021,0.0724426454921012,29.34633996725438,1656511.3611049114,0.1924702000000024,-0.9000000000000004,32920.0,60944.04999999981,0.2458465341724804,1.527045112730112,-0.2771204970896499,170842.25,0.0650299077902334,-0.4950000000000005,4.71478379477378,0.0782396269973533,140307.93830253868,0.2029598308668077,140175.72504192693,4.981249999999999,0.2236384490178032,158.6614543,3104541.143186368,3381086.350000001,0.0964780504089466,-0.2432432432432433,0.0012708253682751,0.0120954533441048,105616.25,137310.0,0.0469655412234863,165640.0,1803567.443006856,6.0,107030.1400000006,0.0372058982031378,0.0,0.1015856453446122,0.1271161815061647,2354419.25
2025-04-15,2295833.9166666665,151.6453801,2354419.25,152.3859149,34.458333333333336,151.6453801,0.0957066498921221,2.8,152.3859149,33.0125,2320030.830742676,70.78999999999999,0.519311812235884,36.59309596590043,1.8211490999999853,70.81000000000003,18519.0,0.9105745500000068,0.9342297762596048,4.233449792852152,2.2870928455607253,1031149.6044015994,0.0711978523261357,40.31674278040104,1622811.7543061196,0.1924702000000024,-0.9000000000000004,-10030.0,-6630.9375,0.1875703930494287,1.9119602781596448,-0.2507280687953974,172789.25,0.0117573817146923,-0.4500000000000002,4.944328195271517,0.0818328429411408,139966.28581237746,0.2180293501048218,140308.27743813166,5.337499999999999,0.2113465346193328,158.6614543,3701346.700978145,4062579.399999999,0.0155697637049438,-0.2432432432432433,0.0012708253682751,0.0120954533441048,-70139.75,26440.0,-0.0297906798035226,-76470.0,2000305.4299876497,6.5,-2305629.68,0.0182094200074496,0.0,0.1182161880284573,0.1429167019781921,2284279.5
2025-04-16,2272224.583333333,151.6453801,2284279.5,152.3859149,36.625,151.6453801,0.0865917308547636,2.8,152.3859149,34.55,2284151.8319339366,70.824,0.4698535444038896,41.22578014328222,0.0,70.8766666666667,-42256.0,0.8195170949999806,0.9295468907492564,4.21222935950953,2.277163748360361,1029101.8387357228,0.0747521996500465,42.4817172563985,1543472.64120677,0.0,0.0,-85470.0,-104518.9125000001,0.1539730088089439,2.3900385202516383,-0.2268492051005974,-70828.0,-0.0470807475255358,-0.4049999999999998,6.00022551000756,-0.0314958669123084,141512.45144222173,0.2087475149105366,139966.45217893767,6.553125000000001,0.2284988293062462,158.6614543,1862084.7770754693,2150751.25,-0.0233172055994603,0.0,0.0,0.0,-106304.5,-107120.0,-0.046537431168121,-64300.0,1942845.9290936843,6.5625,-3036585.6499999985,0.0069650853739227,0.0,0.0914716995179332,0.125039799785913,2177975.0
2025-04-21,2169320.625,151.6453801,2177975.0,152.3859149,36.270833333333336,151.6453801,0.0783448993447848,2.8,152.3859149,35.175,2217568.6981329345,71.36,0.4251055877940075,41.19155941581301,0.0,70.55333333333336,-160089.5,0.7284596400000112,0.9153545017402522,4.147916737671609,2.608646755454113,1046482.4790078992,0.0892062974548921,42.2241572007748,1476783.061884366,0.0,0.0,-178550.0,-224645.0062500001,0.1119322908509102,2.4504044376167604,-0.2052445189005407,-308711.875,-0.0659465343246683,-0.3599999999999999,2.262108794768743,-0.1311201796366556,151061.6294720371,0.0909090909090908,141512.0525384105,2.8187500000000014,0.2442316370839614,158.6614543,1700631.8935444653,1905722.0,-0.0873187077411047,0.0,0.0,0.0,-132267.625,-142980.0,-0.0607296341785373,-126250.0,1857175.74864884,2.875,-2706940.969999999,0.0290744457593472,0.0,-0.0041029744238622,0.1171026933387453,2168086.25
2025-04-22,2129191.125,151.6453801,2168086.25,152.3859149,35.708333333333336,151.6453801,0.070883480359555,2.8,152.3859149,35.8,2188733.5535660163,71.66,0.3846193413374408,40.89707284276537,0.0,71.75333333333334,-158526.0,0.6374021849999849,0.8911984067050827,4.038453714632196,2.5599074818816905,1081960.2672217016,0.093813405740286,41.93212225226499,1452352.6740967245,0.0,0.0,-107570.0,-95054.4312499999,0.1139689850677937,2.4985419267776168,-0.1856974218623941,-120388.5,0.010157322456719,-0.3150000000000004,2.159765100028864,-0.0527030514435733,149999.80959691983,0.1469979296066252,143786.547828378,2.7093750000000014,0.2206709759262502,158.6614543,2619986.808444992,2823451.900000006,0.0214028138487694,0.0,0.0,0.0,118183.625,20570.0,0.0577715202302577,-9890.0,1886508.674183217,4.4375,-3428027.0700000003,0.0525057222698963,0.0,0.0162192809607018,0.1365167303251489,2163891.0
2025-04-23,2149666.7916666665,151.6453801,2163891.0,152.3859149,34.333333333333336,151.6453801,0.0641326727062505,2.8,152.3859149,35.4625,2128660.8786499985,70.50999999999999,0.3479889278767416,41.10570051389518,0.0,71.89000000000003,-37604.0,0.5463447300000155,0.8562357332383442,3.880020825308153,2.518183294612907,1041188.7309492684,0.0889458750681458,43.12157709985672,1468617.056146826,0.0,0.0,151270.0,-13434.381250000091,0.1049353631707181,2.5003618159225494,-0.1680119531135946,61427.0,0.0577696740984792,-0.27,1.2755017571689748,0.0282037213466637,148075.3684430215,0.092741935483871,143184.64476533828,1.7749999999999986,0.2230218738741203,158.6614543,2049125.3981169013,2204595.799999997,0.0266799593901201,0.0,0.0,0.0,75511.0,118180.0,0.0348959351464561,115500.0,1841767.2499219072,2.875,-3861787.619999997,0.0405922165996455,0.0,0.0428957661683684,0.1338348181790083,2239402.0
2025-04-24,2212012.75,151.6453801,2239402.0,152.3859149,34.0,151.6453801,0.0580247991151736,2.8,152.3859149,34.9,2090040.4139968895,71.35400000000001,0.3148471252218314,44.5725868638792,0.0,70.80000000000003,15524.0,0.4552872749999892,0.8090667192127786,3.666275066256133,2.484453715238464,972784.3154362518,0.0918592022898001,45.42731610409072,1496047.8633599011,0.0,0.0,202060.0,-10051.481250000186,0.1111924650855163,2.440711447184664,-0.1520108147218235,187037.875,0.030278803451192,-0.2249999999999996,0.8147396850576456,0.0914294377024476,141855.11080971762,0.0551181102362203,141445.78840926377,1.2000000000000028,0.2239902035635303,158.6614543,2160720.169724822,2260667.349999994,0.0480356347438752,0.0,0.0,0.0,-6656.75,65520.0,-0.0029725569594025,47910.0,1771276.924459219,1.75,-3077346.0800000057,0.0567639002385029,0.0,0.0927381151423956,0.1517490747582594,2232745.25
2025-04-25,2232463.333333333,151.6453801,2232745.25,152.3859149,33.791666666666664,151.6453801,0.0524986277708592,2.8,152.3859149,34.1,2027911.71476674,71.856,0.2848616847245182,47.00871251834924,0.0,71.20333333333336,-45832.5,0.3642298200000198,0.747383821007821,3.3867598342820138,2.5378998259033128,930697.6193376496,0.1000094638588707,46.93497318799498,1527892.5438243295,0.0,0.0,62040.0,-4432.131250000093,0.1026848932169845,2.3713159619596413,-0.137533594272126,61351.75,-0.005113460511974,-0.1800000000000001,1.1895263817188209,0.0283525140591647,129621.1823233321,0.1216494845360824,135398.66846176228,1.4718749999999972,0.2251721836337215,158.6614543,1779290.4392748326,1785529.549999997,-0.0019125822410364,0.0,0.0,0.0,-7502.5,-11400.0,-0.0033602131725507,-73820.0,1616932.3328322556,3.6875,-2952761.8200000003,0.0541507966210195,0.0,0.0900912610362723,0.133618542074714,2225242.75
2025-04-28,2212412.25,151.6453801,2225242.75,152.3859149,33.5,151.6453801,0.0474987584593407,2.8,152.3859149,33.8,1953735.887555868,71.662,0.2577320004650403,48.07439119959569,0.0,72.47333333333336,-47291.0,0.2731723649999935,0.6671735082973292,3.0232878701487413,2.6321583598984226,989744.1657025256,0.1153899210799537,47.916169790252674,1508916.3600791376,0.0,0.0,71350.0,-37390.25625000009,0.0998933607538461,2.3179146246646054,-0.1244351567223995,-60153.25,-0.0301711894896776,-0.1349999999999998,0.1714762501265525,-0.0268613004721796,120121.21540844828,0.0517928286852589,123209.631783897,0.3406250000000028,0.2406194385099395,158.6614543,3856341.7307724655,3924145.349999994,-0.0093683197492696,0.0,0.0,0.0,-45994.0,-66920.0,-0.020669205640598,-14930.0,1757168.5330962436,1.625,-1491019.2300000042,0.0704215213706809,0.0,0.079628357682526,0.1725278044215794,2179248.75
2025-04-29,2187779.75,151.6453801,2179248.75,152.3859149,33.583333333333336,151.6453801,0.0429750671775082,2.8,152.3859149,33.625,1874464.7137400587,71.844,0.2331860956588514,49.10655013390659,0.0,72.57000000000004,-75771.5,0.1821149099999957,0.5605378657559892,2.540069875711916,2.562469820105501,1019200.3723919168,0.1221124657450581,48.55305207762456,1497918.5083534955,0.0,0.0,-80170.0,-45129.56875000009,0.1088660603948645,2.3052852425110704,-0.1125841894155041,-73897.5,0.0017711950685466,-0.0899999999999998,0.8337166072573581,-0.0330971480064732,111470.72208517972,0.0714285714285714,113912.23296403718,0.9656250000000028,0.2344750852142908,158.6614543,4427885.518317953,4580214.099999994,0.0064478966960976,0.0,0.0,0.0,-20401.0,3810.0,-0.0093614829422294,-43560.0,1963427.585624019,2.25,265700.8999999985,0.0836689801119505,0.0,0.0855820768189321,0.1382833623631781,2158847.75
2025-04-30,2146313.4166666665,151.6453801,2158847.75,152.3859149,33.416666666666664,151.6453801,0.0388822036368026,2.8,152.3859149,33.55,1746046.989361816,72.284,0.2109778960723076,49.73367602859305,0.0,72.60333333333335,-103450.0,0.0910574549999978,0.4072213184765618,1.845317982960624,2.449406533923093,1008637.966118676,0.1376075156324623,48.73972944172456,1663271.9761387904,0.0,0.0,-286150.0,-89247.6187499999,0.1192735601943877,2.180402018097475,-0.1018618856616466,-124399.0,-0.0266230451529073,-0.0449999999999999,0.5281245494233247,-0.0559035637797269,105727.7496343046,-0.0579964850615114,105525.92099392174,0.5187499999999972,0.2486396033322581,158.6614543,4741312.945144817,5033414.049999997,0.0011361015486857,0.0,0.0,0.0,-58004.0,-57370.0,-0.0268680364328609,-40340.0,2253985.1744062146,-2.0625,3076990.910000004,0.0669317140280927,0.0,-0.0088124355136077,0.1012935158794074,2100843.75
2025-05-05,2106541.0416666665,151.66012228,2100843.75,152.3859149,33.208333333333336,151.6453801,0.1018699509094744,2.8,152.3859149,33.325,1856187.7258238648,72.922,-0.1050299226012612,50.21736735382135,-0.3270636000000024,72.90000000000002,-147574.0,-0.3107104200000208,0.0731336442585398,1.3641767516453709,2.556591635259277,1045001.9556442808,0.1626082648599443,49.7318147959091,1678296.7308324648,0.0737108999999804,-1.2999999999999998,-267690.0,-116218.2875000001,0.105902148126792,2.056148013787552,-1.268351229884347,-119317.125,-0.0310222023046153,-1.235,-0.540030169569377,-0.0547514940641815,103451.10050961158,-0.108433734939759,100335.60578054184,-0.734375,0.256035410483845,158.6614543,3190680.8075119704,3631376.799999997,0.0055460750853242,-0.4642857142857143,0.0004860741550543,-0.0021462849779432,-40912.125,-65070.0,-0.0194741398545227,-58010.0,2410545.0399343907,-3.9375,2503213.5,0.0349494032633903,0.0737108999999804,-0.0185954714655696,0.0890267816467816,2059931.625
2025-05-06,2096923.2916666667,151.67486446,2059931.625,152.3859149,33.270833333333336,151.6453801,0.0921680508228632,2.8,152.3859149,33.3125,2002096.2191337089,72.78,-0.0950270728297368,51.75712399478756,-0.3270636000000024,72.76333333333336,-100679.0,-0.2943572400000107,0.1006680520079016,1.8777816636461853,2.4527039321841,1056691.536363005,0.1585793307679478,50.29943562255168,1680353.7110331496,0.0737108999999804,-1.2999999999999998,-169230.0,-34828.60000000009,0.1239438564275854,2.024914207896064,-1.1475558746572658,-28853.25,0.0135156411442292,-1.17,0.925091751341995,-0.0133651157197166,94692.74847854172,-0.1069078947368421,98846.34842641425,0.703125,0.2610151174794719,158.6614543,2726480.8258441687,3233046.150000006,0.0214934238438693,-0.4642857142857143,0.0004860741550543,-0.0021462849779432,70062.875,27470.0,0.0340122332943939,34160.0,2517511.211281878,-4.0625,3070201.9799999967,0.0569502835367696,0.0737108999999804,0.0264317931840079,0.099264610537571,2129994.5
2025-05-07,2083280.3333333333,151.68960664,2129994.5,152.0588513,33.229166666666664,151.6453801,0.0833901412206898,1.5,152.3859149,33.3875,2137872.4270119523,72.65400000000001,-0.0859768754174012,50.24037548836415,-0.3270636000000024,73.09000000000003,-92186.5,-0.2780040600000291,0.1198189480753619,2.235007225892797,2.3048447829925816,1023964.9096509988,0.1183460852929894,48.60633533268612,1751832.673469809,0.0737108999999804,-1.2999999999999998,-45700.0,-94121.03125,0.1264115552539517,1.9892055533679447,-1.0382648389756213,-40928.875,-0.0021991038530435,-1.105,0.3280592035951386,-0.0194821128415666,93685.23420579964,-0.0326086956521739,90449.42711037277,0.0531250000000014,0.3008340213319377,164.7622382,2617128.604335204,3096726.599999994,-0.0418082287366156,-0.4642857142857143,0.0004860741550543,-0.0021462849779432,-70079.625,-4530.0,-0.0329013173508194,-2720.0,2545607.4289144394,-1.125,4040145.3100000015,0.0590808850530764,0.0737108999999804,0.0776143943498812,0.0980075516963342,2059914.875
2025-05-08,2083877.2083333333,151.70434882,2059914.875,152.0588513,33.5625,151.719091,0.0754482230091753,1.5,152.0588513,33.3125,2243357.591420398,72.922,-0.0777886015681303,48.50273996331205,-0.3270636000000024,72.57000000000004,-129278.0,-0.261650880000019,0.1342240693430064,2.5037088848608664,2.134332386683466,939423.462644945,0.1179914112018092,46.94387671240327,1768417.7576671485,0.0737108999999804,-1.2999999999999998,-82400.0,-90008.96875,0.1455169182137366,1.847506765886731,-0.9393824733588954,1790.625,-0.0132966819110635,-1.04,0.2968154699194087,0.000869264289294,95432.76463804422,-0.0361010830324909,90167.98681527987,-0.1062500000000028,0.2937624097101803,164.7622382,1901162.261065185,2286075.599999994,-0.0312093628088426,-0.4642857142857143,0.0004860741550543,-0.0021462849779432,1807.375,-27330.0,0.0008774027616067,-46590.0,2482083.4466070216,-1.25,3787479.36,0.0337953356260487,0.0,0.0221067747157766,0.0957873162452706,2061722.25
2025-05-09,2078674.2083333333,151.719091,2061722.25,152.0588513,33.020833333333336,151.719091,0.0682626779606891,1.5,152.0588513,33.075,2390753.134851535,72.96400000000001,-0.0703801633235627,46.73775044697175,-0.3270636000000024,72.91000000000003,-74782.0,-0.2452977000000089,0.145301817312779,2.710344372462756,2.139159943333297,899102.4840983286,0.1233806239221974,44.85524847539372,1753849.1466703922,0.0737108999999804,-1.2999999999999998,-142990.0,-41766.63125000009,0.140099629167731,1.7766850554280749,-0.8499174758961434,-15609.0,0.017593081106668,-0.975,-0.6927621938824373,-0.0073281879366354,91256.74489543404,-0.0461254612546125,92143.60671601398,-1.234375,0.2934168927865307,164.7622382,1051965.0933446884,1310983.75,-0.0035078299776286,-0.4642857142857143,0.0004860741550543,-0.0021462849779432,52663.25,35680.0,0.0255433291268987,54910.0,2386203.7253438463,-1.5625,3323889.799999997,0.0284989553653889,0.0,-0.0079465478841871,0.0938991528147052,2114385.5
2025-05-12,2135500.833333333,151.719091,2114385.5,152.0588513,32.625,151.719091,0.0617614705358562,1.5,152.0588513,33.0375,2389804.053595803,73.22,-0.0636772906260887,44.53181826397888,-0.3270636000000024,73.84333333333336,13057.5,-0.2289445199999988,0.1537729894620196,2.8683588707518566,2.2752704292719845,822858.013290185,0.1560394513061503,42.60805103992533,1754272.971999754,0.0737108999999804,-1.2999999999999998,-97850.0,62253.94375000009,0.1460723083282289,1.7559696114435015,-0.768972954382225,170479.875,0.0246347668079951,-0.9099999999999996,-0.739880080179347,0.0827606407764787,83812.13437948086,-0.0391791044776119,87486.42777271433,-1.3812500000000014,0.3259222607347541,164.7622382,918568.6558832972,1003979.849999994,0.0111532175506026,-0.4642857142857143,0.0004860741550543,-0.0021462849779432,116009.25,50840.0,0.0548666503813992,93050.0,2191815.084059195,-1.3125,2102020.340000004,0.0230277746495579,0.0,-0.0428588429302461,0.108512308007112,2230394.75
2025-05-13,2210087.833333333,151.719091,2230394.75,152.0588513,32.5625,151.719091,0.0558794257229067,1.5,152.0588513,32.8875,2391174.476123129,73.328,-0.0576127867569482,42.11154679758892,-0.3270636000000024,73.44000000000003,67273.5,-0.2125913399999888,0.1600520018995901,2.985482567755549,2.188905277939904,706048.7898765869,0.1673918807789249,40.14105353559111,1764442.70844694,0.0737108999999804,-1.2999999999999998,35040.0,112247.1312500001,0.1514558805142649,1.584697588616099,-0.6957374349172514,223761.0,0.0471675360235317,-0.8449999999999998,0.2353465941234489,0.1085311079123292,87802.62924786413,-0.0238970588235294,78715.42079643591,-0.5249999999999986,0.3045211124893587,164.7622382,673907.9743705988,567697.900000006,-0.0002930728241562,-0.4642857142857143,0.0004860741550543,-0.0021462849779432,55088.5,99740.0,0.0246989910642498,59070.0,1933677.2117772764,-0.8125,1451199.8400000036,0.0233819943022262,0.0,-0.0413057734399618,0.0932476447541053,2285483.25
2025-05-14,2272507.083333333,151.719091,2285483.25,152.0588513,32.666666666666664,151.719091,0.0505575756540395,1.5,152.0588513,32.7375,2388886.8090637587,72.92999999999999,-0.0521258546848741,39.3068026622318,-0.3270636000000024,73.03333333333336,80739.5,-0.1962381600000071,0.1643902405446737,3.0664046161905523,2.2004551562666643,572460.2550371664,0.1443616674731248,37.35287244643734,1772892.1299317204,0.0737108999999804,-1.2999999999999998,70530.0,118899.4812500002,0.1615369092709118,1.5105713018232527,-0.629476726829894,187257.75,0.0146003531542271,-0.7800000000000002,-0.2959959386502149,0.0885636748833171,91001.6377040694,-0.0113636363636363,82554.87602905303,-1.1499999999999986,0.2957559304754232,164.7622382,620359.0244305432,381637.299999997,0.0036955768564497,-0.4642857142857143,0.0004860741550543,-0.0021462849779432,16160.0,32330.0,0.0070707146945836,20560.0,1765061.7537617628,-0.375,48298.210000000894,-0.0113935271497319,0.0,-0.0286630501130532,0.1065439295156912,2301643.25
2025-05-15,2295199.833333333,151.719091,2301643.25,152.0588513,33.083333333333336,151.719091,0.0457425684488725,1.5,152.0588513,32.75,2289001.8032507324,72.47,-0.0471614875720547,36.05435899993316,-0.3270636000000024,71.32000000000002,78730.0,-0.179884979999997,0.1669390784414907,3.1139486082606176,2.1273541758431693,442312.5717207353,0.1126010170989759,34.272966391355304,1776338.425491117,0.0737108999999804,-1.2999999999999998,113760.0,113245.7312500002,0.134000738553187,1.4161711433418298,-0.5695265623699042,68078.25,-0.0047270169941157,-0.7149999999999999,0.4673131983640957,0.0305229601172618,93541.6430538338,-0.0092592592592593,85233.95154489699,-0.4343750000000028,0.2874422312356957,164.7622382,-380560.9302771241,-798760.549999997,0.0050184541037148,-0.4642857142857143,0.0004860741550543,-0.0021462849779432,-3170.25,-10620.0,-0.001377385483176,-330.0,1578684.1927040843,-0.3125,-1216865.0300000012,-0.0394104552209003,0.0,-0.030042625163368,0.0817497935099756,2298473.0
2025-05-16,2306158.75,151.719091,2298473.0,152.0588513,32.875,151.719091,0.0413861333584861,1.5,152.0588513,32.8,2288404.390488734,72.09,-0.0426699173271174,35.19382973733134,-0.3270636000000024,70.84666666666669,93635.5,-0.1635318000000154,0.1677800866781951,3.1296361060757225,1.988378339515998,459387.7783066247,0.110128722602995,31.64536194502126,1797926.567875123,0.0737108999999804,-1.2999999999999998,162840.0,134935.6937500001,0.1583599542385668,1.3862392031271988,-0.5152859373822944,32876.75,0.0193288134380422,-0.6499999999999999,-0.368859487194392,0.0143850321370764,90403.80897141522,-0.0279850746268657,87758.61782197596,-1.1593749999999972,0.2053292689519218,164.7622382,-350031.5083459616,-852707.849999994,0.009396741523558,-0.4642857142857143,0.0004860741550543,-0.0021462849779432,19887.0,43220.0,0.008652266091444,8740.0,1536672.5331372533,-0.9375,-4510133.860000007,-0.0499600218406665,0.0,-0.0220392491467575,0.082149067086675,2318360.0
2025-05-19,2328779.4166666665,151.719091,2318360.0,152.0588513,33.229166666666664,151.719091,0.0374445968481609,1.5,152.0588513,33.1,2289041.467773359,71.66,-0.0386061156769415,32.94293352867953,0.0,71.7266666666667,179112.0,-0.1471786200000053,0.1669390784414514,3.113948608260651,1.6958553190533567,448607.5558466193,0.1134686526748245,28.449509495352384,1829904.372606133,0.0,0.0,308360.0,181819.65625,0.1975748682658523,1.24513444502249,-0.4662110862030282,67862.0,0.0171546905574615,-0.585,0.684127130633648,0.0294841522464439,97163.80660124795,0.0405405405405405,84543.54163716304,0.0968749999999971,0.2958866157268834,164.7622382,-379943.4599320591,-917428.799999997,-0.0103998534248846,0.0,0.0,0.0,51145.25,39100.0,0.0220609611967079,87510.0,1539753.0111799615,1.3125,-4324975.460000001,-0.0351826419658201,0.0,-0.0375477301654645,0.0815130698977685,2369505.25
2025-05-20,2355443.083333333,151.719091,2369505.25,152.0588513,33.333333333333336,151.719091,0.0338784447673674,1.5,152.0588513,33.2125,2295839.2968471907,71.46600000000001,-0.0349293427553334,32.23622830803298,0.0,71.7666666666667,164943.0,-0.1308254400000237,0.1643902405445918,3.066404616190618,1.6064078101886918,465561.83867025655,0.130709854950797,28.4099344142306,1864787.9510815092,0.0,0.0,264810.0,180753.9562499998,0.1865976584633568,0.6934476581563398,-0.4218100303741683,79991.0,0.0122759191842509,-0.52,0.6755197848590129,0.0348018010218087,106045.57452636532,-0.005524861878453,91436.7170219595,0.3718750000000028,0.2784936274098706,164.7622382,-362368.416129008,-1013946.950000003,0.0068327088384394,0.0,0.0,0.0,8958.75,28460.0,0.0037808525640532,-9390.0,1446841.6988090272,-0.1875,-4067915.5299999937,-0.0331277360295122,0.0,-0.0513610725766926,0.0926808609497686,2378464.0
2025-05-21,2355839.25,151.719091,2378464.0,152.0588513,33.104166666666664,151.719091,0.0306519262180984,1.5,152.0588513,33.0625,2260352.863154999,71.22200000000001,-0.0316027386834036,27.419079119076187,0.0,71.58666666666669,154649.5,-0.1144722600000136,0.1600520018994628,2.9854825677556507,1.5845507415779712,484440.4520227106,0.1094780136031728,25.39607128754229,1879341.2791119865,0.0,0.0,268370.0,108146.3999999999,0.2780061048383075,0.717920001314018,-0.3816376465290094,1188.5,-0.0156083551358859,-0.455,-1.0852440041751803,0.0005126468710641,103022.21622520562,-0.0449438202247191,100181.81945910543,-1.3718750000000028,0.2186284581512907,164.7622382,187406.5758832693,-547991.150000006,0.0026269702276706,0.0,0.0,0.0,-58915.5,-36630.0,-0.0247703980383978,840.0,1326445.2133250716,-1.5,-4417233.090000004,-0.0275539598698868,0.0,-0.0073688773298655,0.0870533270647667,2319548.5
2025-05-22,2337636.5,151.719091,2319548.5,152.0588513,32.666666666666664,151.719091,0.0277326951496945,1.5,152.0588513,32.85,2148461.1109042303,71.214,-0.0285929540468998,24.46452503656016,0.0,70.5766666666667,102751.0,-0.0981190800000035,0.1537729894618441,2.868358870751996,1.5883419855816998,494161.1976368249,0.0717725139717025,23.11126389196468,1878738.4333998547,0.0,0.0,272570.0,95944.6000000001,0.2561912118907301,0.6649331560171495,-0.3452912040024369,-54608.25,-0.0007964712859115,-0.3899999999999999,-0.5295064799680205,-0.0230462667259335,104873.7869973403,-0.0299625468164793,103022.21622520112,-0.7593749999999986,0.2171929401215507,164.7622382,46680.80675153434,-720801.599999994,-0.0012401746724891,0.0,0.0,0.0,-4651.5,-1840.0,-0.0020053471613117,-42390.0,1294579.043182381,-1.0,-3773729.170000002,-0.0225317606158382,0.0,0.023337807606264,0.0933269979641868,2314897.0
2025-05-23,2326782.583333333,151.719091,2314897.0,152.0588513,32.520833333333336,151.719091,0.0250914860878026,1.5,152.0588513,33.0,2036957.744402807,71.12,-0.0258698155662671,23.854731650274022,0.0,70.27000000000002,93650.0,-0.0817659000000219,0.1453018173125486,2.7103443724629384,1.5855647341939427,534363.4853929944,0.058489470523458,23.389123309999214,1850999.633365891,0.0,0.0,212010.0,121624.8374999999,0.250569296463306,0.643508833209222,-0.3124063274307762,-32561.75,-0.0116360170684688,-0.3249999999999999,0.3691369943146441,-0.0136902429467085,108604.22495815408,0.0309477756286267,104873.78699733608,0.2062499999999971,0.2173783553096349,164.7622382,-466834.6986533701,-1310081.450000003,-0.0057538606831178,0.0,0.0,0.0,31005.25,-26860.0,0.0133937924667921,-5650.0,1260288.8439526227,1.0,-2822601.549999997,-0.0203242006613785,0.0,0.0210312685213456,0.0905920678200602,2345902.25
2025-05-26,2343866.4166666665,151.719091,2345902.25,152.0588513,32.541666666666664,151.719091,0.0227018207461071,1.5,152.0588513,32.65,1926880.9091411452,71.232,-0.0234060236075777,23.06480957629595,0.0,71.74333333333335,122481.5,-0.0654127200000118,0.1342240693427051,2.5037088848611044,1.6569479711056243,530000.8315699955,0.0653330543825318,22.75004589353,1812454.2394348888,0.0,0.0,150420.0,139619.8500000001,0.2949105338253674,0.6865947988154267,-0.2826533438659404,51251.5,0.0282315504341461,-0.2600000000000002,-0.9100665289534148,0.0220954638370354,113449.93901145524,-0.0077669902912621,108604.22495815014,-1.0906250000000028,0.2495714480414428,164.7622382,443435.8440755159,-410652.75,0.0024890061565523,0.0,0.0,0.0,24897.75,64410.0,0.0106132938829826,31460.0,1213437.79866105,-0.25,-1369498.6099999994,-0.0065462873982229,0.0,0.0122824156305505,0.1068625468733323,2370800.0
2025-05-27,2357266.833333333,151.719091,2370800.0,152.0588513,32.8125,151.719091,0.0205397425798139,1.5,152.0588513,32.5375,1845649.988332924,71.06,-0.0211768785021035,22.20362793972031,0.0,71.51000000000002,113293.0,-0.0490595400000017,0.1198189480749627,2.2350072258931077,1.7259330809749576,535975.5268309588,0.0696192418395928,22.14573521969596,1764033.9723548514,0.0,0.0,88330.0,117425.3250000002,0.2753118455427637,0.6490757599098121,-0.2557339777834699,40201.25,-0.0010145359989769,-0.1949999999999998,0.3075588547564365,0.017366323426053,116759.8085178088,0.0,113449.93901145169,0.2000000000000028,0.2785507358008753,164.7622382,674693.4779730886,-190714.75,0.0071677355395103,0.0,0.0,0.0,-15701.75,-2380.0,-0.0066229753669647,-3020.0,1141829.1812647793,0.0,-435368.8999999985,5.900566770167259e-05,0.0,0.0198370748087803,0.0762501511398288,2355098.25
2025-05-28,2356742.583333333,151.719091,2355098.25,152.0588513,32.416666666666664,151.719091,0.0185835766198181,1.5,152.0588513,32.5875,1719293.726973373,71.452,-0.0191600329305003,22.121895910738036,0.0,72.14000000000003,94427.0,-0.0327063599999917,0.1006680520073532,1.8777816636466087,1.6818863939365825,515711.38090244273,0.0637039136833956,21.632622270904207,1755325.3004011149,0.0,0.0,55190.0,98402.5375000001,0.2963023770932616,0.6770740552650243,-0.2313783608517108,-1572.75,-0.0329931043899774,-0.1300000000000001,-0.6830419885536969,-0.0006704243537853,118237.9097819448,-0.0153256704980843,116759.80851780552,-0.8187500000000014,0.2603548148795335,164.7622382,1646086.2419756502,938526.099999994,0.0113240418118467,0.0,0.0,0.0,-10768.75,-77320.0,-0.0045725268574251,-12580.0,1153035.780819626,-0.5,570278.3400000036,0.0158150927210407,0.0,0.0275882212368232,0.0770746789246167,2344329.5
2025-05-29,2335827.833333333,151.719091,2344329.5,152.0588513,32.6875,151.719091,0.0168137121798395,1.5,152.0588513,32.6625,1623358.0478948534,71.59400000000001,-0.0173352678895071,22.36043135826395,0.0,71.18000000000002,64170.0,-0.01635318000001,0.0731336442576839,1.3641767516460257,1.6855328690462612,528113.4186620541,0.0728917074563334,21.987097508355568,1764764.5378186342,0.0,0.0,32580.0,54668.387500000186,0.290321568656095,0.6508155308998028,-0.2093423264848812,-62744.25,0.0134410025593505,-0.0649999999999999,-0.0525141801200135,-0.0264654336089084,117156.644690113,-0.0205607476635514,118237.90978194184,-0.1437499999999971,0.2610474663260124,164.7622382,2603397.409406543,2144769.150000006,0.0116279069767442,0.0,0.0,0.0,-36273.75,30460.0,-0.0154729742555387,-22940.0,1195934.9332339575,-0.6875,1568623.2300000042,0.0481143451261978,0.0,0.0343461030383092,0.0751479597689724,2308055.75
2025-05-30,2310458.9166666665,151.719091,2308055.75,152.0588513,32.3125,151.719091,0.0152124062579446,1.5,152.0588513,32.4125,1585456.2901398106,71.92800000000001,-0.0156842899952778,24.293309079949395,0.0,71.71666666666668,25785.0,0.0,0.0,0.0,1.686798509167608,541388.6232793818,0.0804779929193756,23.123555425715644,1764356.1740391909,0.0,0.0,-6740.0,16696.75,0.2793780247243952,0.6596559485004057,-0.1894049620577496,-76106.75,-0.011956493342506,0.0,-0.6695366391562061,-0.0323157430905483,111588.31659436654,-0.0153550863723608,117156.64469011028,-0.7593749999999986,0.263725869442508,164.7622382,3080895.608510673,2921997.700000003,0.0177352064708384,0.0,0.0,0.0,-29064.25,-27460.0,-0.0125925251155653,-30580.0,1252738.537343026,-0.5,4506002.680000007,0.0595237463506193,0.0,0.0428906706683998,0.0807299587454296,2278991.5
2025-06-02,2264446.1666666665,151.71567778,2278991.5,152.0588513,32.6875,151.719091,-0.0016771514808908,1.5,152.0588513,32.675,1591472.1122248066,72.19800000000001,-0.8572870480909387,24.479091744443867,-0.9318434999999852,72.9866666666667,-14826.5,-0.8852513249999845,0.2083665410394462,1.860784261423154,1.7866607341493508,560562.9456907026,0.0719384077975211,21.63610050355261,1741114.270025788,-0.0170660999999938,0.1,-125730.0,-63321.481250000186,0.2819097975691452,0.6574706692456223,-0.0808902037665353,-138038.25,-0.0294553146483341,0.0950000000000002,0.4686335169539077,-0.0588817612882489,102006.60357052836,-0.0129870129870129,111588.31659436398,0.3843749999999986,0.263528800972992,164.7622382,1322807.69341442,1298781.950000003,-0.01184610107669,0.0666666666666666,-0.0001124848553172,-0.0061281766370938,-72700.25,-66840.0,-0.0319001847966523,-31480.0,1257347.4533641988,-0.4375,4029747.18,0.0377005182525629,-0.0170660999999938,0.041366541767688,0.0793533606023445,2206291.25
2025-06-03,2236640.25,151.71226456,2206291.25,152.0588513,32.875,151.719091,-0.0015174227684155,1.5,152.0588513,32.7,1575319.8897886863,72.384,-0.7756406625584589,22.39741208620348,-0.9318434999999852,72.8266666666667,-53818.5,-0.8386591499999838,0.2868153775595653,2.561359121453945,1.7957419665781746,573965.4781731118,0.0739635119585264,19.81998918555761,1746901.586407554,-0.0170660999999938,0.1,-149570.0,-49706.90625,0.3064953725423625,0.6174794237972815,-0.0731863748363892,-83417.75,-0.0094307924226738,0.09,0.4805493724821019,-0.0361419996029125,97274.2197190153,-0.0129629629629629,102006.6035705258,0.4781249999999986,0.2685157696512802,164.7622382,935402.2940416188,1011056.200000003,0.0023959294597728,0.0666666666666666,-0.0001124848553172,-0.0061281766370938,18346.75,-20770.0,0.0083156518886615,-33230.0,1256305.7737642317,-0.4375,4152065.36,0.0339190429851568,-0.0170660999999938,0.0367775831873904,0.0794314293826317,2224638.0
2025-06-04,2185948.1666666665,151.70885134,2224638.0,151.1270078,32.75,151.719091,-0.0013729063142875,1.6,152.0588513,32.6125,1556273.7498242275,72.06,-0.7017701232671811,23.90255295770848,-0.9318434999999852,72.36000000000003,-84036.5,-0.7920669749999831,0.3413785818410877,3.048627140942671,1.816046602695448,589920.2955068545,0.0743187677150767,20.53317313391173,1757891.3023184608,-0.0170660999999938,0.1,-176010.0,-150779.6749999998,0.3243290760653767,0.6539354547236303,-0.0662162438995901,-152076.25,-0.0262560792816248,0.0850000000000001,-1.035455329659051,-0.0667296258015881,90412.50942341174,-0.0058823529411764,97274.21971901278,-1.0625,0.2769772582088091,156.440558,1091029.1231805086,1277527.599999994,0.0002787162162161,0.0666666666666666,-0.0001124848553172,-0.0061281766370938,-97722.75,-57280.0,-0.0439274839322172,-25600.0,1260453.8238519933,-0.1875,4548996.119999997,0.02945633204445,-0.0170660999999938,0.0343493449781657,0.0792923590407567,2126915.25
2025-06-05,2158569.75,151.70543812,2126915.25,151.1270078,32.395833333333336,151.7020249,-0.0012421533319582,1.6,151.1270078,32.5,1554934.5340575485,72.43599999999999,-0.6349348734322007,24.463100133859232,-0.9318434999999852,71.5766666666667,-154928.5,-0.7454747999999825,0.3824205034125829,3.41514549527117,1.8257493775098108,594490.2879973031,0.0753949810273081,20.43269905142572,1874682.4207970095,-0.0170660999999938,0.1,-200930.0,-156660.6124999998,0.2976226113089689,0.6480851729862376,-0.0599099349567722,-82135.25,-0.0040719104085561,0.08,-0.484459583977241,-0.0372277458835047,83366.382796563,-0.0057915057915057,90412.50942340918,-0.5031249999999972,0.2777964240632567,156.440558,1333342.301925227,1611266.549999997,0.0045088784375977,0.0666666666666666,-0.0001124848553172,-0.0061281766370938,-2759.25,-8650.0,-0.0012973013381704,-67310.0,1306458.0709261857,-0.1875,5237487.920000002,0.036794595255323,0.0,0.0403032581891955,0.0864782956466968,2124156.0
2025-06-06,2135949.9166666665,151.7020249,2124156.0,151.1270078,32.145833333333336,151.7020249,-0.0011238530146329,1.6,151.1270078,32.6,1484779.404986173,72.80799999999999,-0.5744648854862646,24.14186106180821,-0.9318434999999852,72.42333333333336,-137658.0,-0.6988826250000102,0.4139823386041218,3.697003445655869,1.859955503147311,579026.0306681137,0.0732407510902851,21.491872049924805,1914412.7860493409,-0.0170660999999938,0.1,-176220.0,-126157.7625000002,0.3064973462642734,0.6427975836527893,-0.054204226865651,-67859.5,-0.0061777412249605,0.0750000000000001,-0.0990348616936955,-0.0305036145206546,79354.43530641607,-0.022514071294559,83366.38279656033,-0.140625,0.2565860798732143,156.440558,-201052.29825812575,47637.20000000298,0.0002773878470498,0.0666666666666666,-0.0001124848553172,-0.0061281766370938,32622.5,-13070.0,0.0153578644882956,19060.0,1306269.2002866203,-0.75,3854876.7299999967,0.0230311660069384,0.0,0.0466138962181179,0.0843144603143817,2156778.5
2025-06-09,2130710.5,151.7020249,2156778.5,151.1270078,32.083333333333336,151.7020249,-0.0010168193941808,1.6,151.1270078,32.25,1564624.059158767,72.902,-0.5197539440113701,24.01745897316488,-0.9318434999999852,74.39000000000003,-153424.5,-0.6522904499999811,0.4381177260477437,3.9125406853416234,1.8864687144318253,577987.7125497466,0.073602499971951,21.56979591440959,1945213.391984329,-0.0170660999999938,0.1,-227290.0,-165779.375,0.3115236990035428,0.6885757134514174,-0.0490419195451128,-15718.25,0.0031342296881464,0.0700000000000002,-1.0509124939133443,-0.0073901628191344,87560.13278740352,-0.0136986301369863,79354.43530641333,-1.1687500000000028,0.2558681581338815,156.440558,-1229733.6508049667,-1062490.049999997,-0.0030084033613444,0.0666666666666666,-0.0001124848553172,-0.0061281766370938,-45581.5,6590.0,-0.0211340663865111,-19610.0,1329521.176961787,-0.4375,3302359.1899999976,-0.0068195706912105,0.0,0.040874516375249,0.0859903124950263,2111197.0
2025-06-10,2156880.9166666665,151.7020249,2111197.0,151.1270078,32.166666666666664,151.7020249,-0.0009199794518792,1.6,151.1270078,32.075,1613296.63653493,73.41,-0.4702535683912288,23.492853090187623,-0.9318434999999852,74.45000000000003,-88297.5,-0.6056982750000088,0.4560073870384761,4.072301458101713,1.918724905545768,571130.4569306873,0.0772482376504272,21.06850040874964,1941392.6766556837,-0.0170660999999938,0.1,-162870.0,-70168.32500000019,0.2873382214451394,0.6791962645559149,-0.0443712605408164,78511.25,0.0009577181653532,0.0650000000000001,-0.1026113040168326,0.0369611506876141,89081.66414925347,-0.0225988700564971,87560.13278740083,-0.1937500000000014,0.2384182565078947,156.440558,-927793.2078711689,-829112.349999994,0.0004888656630872,0.0666666666666666,-0.0001124848553172,-0.0061281766370938,91470.25,2020.0,0.0433262504635996,61400.0,1342193.8110230863,-0.75,2313948.299999997,-0.008153985302113,0.0,0.03397212543554,0.0862822455549814,2202667.25
2025-06-11,2161712.25,151.7020249,2202667.25,151.1270078,32.041666666666664,151.7020249,-0.0008323623612227,1.6,151.1270078,32.175,1654914.9764100227,73.966,-0.4254675142587416,22.75487290210225,-0.9318434999999852,74.29000000000002,-94781.0,-0.5591060999999797,0.4683675502694169,4.182681930389031,1.9193762693025005,570297.0947451666,0.0660575626027496,20.386614700512723,1944571.369320647,-0.0170660999999938,0.1,-162120.0,-95044.5375000001,0.2970253150646834,0.6864151129120607,-0.0401454262035958,14494.0,0.0229537703675635,0.06,-0.3190292750628529,0.0067202079397583,91597.13403531334,0.0019455252918287,89081.66414925069,-0.421875,0.2392190386662145,156.440558,429078.62144990265,532511.049999997,-0.0021061499578769,0.0666666666666666,-0.0001124848553172,-0.0061281766370938,-31394.75,48460.0,-0.014253060692667,-11830.0,1346894.6738111738,0.0625,1799134.339999996,-0.0045024866133501,0.0,0.020241171403962,0.1005293809054078,2171272.5
2025-06-12,2187203.583333333,151.7020249,2171272.5,151.1270078,32.354166666666664,151.7020249,-0.000753089755392,1.6,151.1270078,32.225,1655786.558800359,73.876,-0.3849467986150614,22.143848587463648,-0.9318434999999852,73.20000000000003,-83295.0,-0.5125139250000075,0.4756294957342286,4.247533579607135,1.899842098702852,570431.195082546,0.0698559465130134,19.638454831215256,1940243.872175587,-0.0170660999999938,0.1,-132700.0,-73105.9375,0.2815119893202511,0.6587827066662413,-0.036322052279444,76474.0,0.0053758461980126,0.0550000000000001,-0.0624550583901992,0.0362230526094911,92891.56197476789,-0.0095419847328244,91597.13403531042,-0.1218750000000028,0.2395631861325212,156.440558,634150.8955975324,698281.25,0.0008442380751372,0.0666666666666666,-0.0001124848553172,-0.0061281766370938,16398.5,11610.0,0.0075524836242342,6480.0,1321014.9066417008,-0.3125,208123.0,-0.0173470071538324,0.0,0.009365687526607,0.1035289759370464,2187671.0
2025-06-13,2162033.25,151.7020249,2187671.0,151.1270078,32.25,151.7020249,-0.0006813669215546,1.6,151.1270078,32.1375,1658135.1176794253,73.936,-0.3482851987469644,22.037062769971804,-0.9318434999999852,73.30000000000003,-96348.5,-0.4659217499999784,0.4780256292655487,4.268931869088476,1.8835761060737692,550889.8820250229,0.0881740677476856,19.41505326855518,1904848.7163513333,-0.0170660999999938,0.1,-121590.0,-124060.5,0.2942087153323336,0.6658986804528262,-0.0328628092052114,-75511.0,-0.0310048957522556,0.05,-0.3392450528292272,-0.0342816192504791,96425.2475063408,0.0019493177387914,92891.56197476476,-0.4125000000000014,0.2269541023500803,156.440558,-575013.3801736534,-614296.75,0.0018304512863771,0.0666666666666666,-0.0001124848553172,-0.0061281766370938,-60514.75,-67320.0,-0.0276617233578541,-19470.0,1285625.7672007957,0.0625,-1976696.8900000008,-0.0447546431254229,0.0,-0.0064082721926161,0.1027797761793037,2127156.25
2025-06-17,2129089.1666666665,151.7020249,2127156.25,151.1270078,32.291666666666664,151.7020249,-0.0006164748337766,1.6,151.1270078,32.3,1641180.0785227588,73.81400000000001,-0.3151151798186902,20.562814905636596,0.0,74.1366666666667,-148446.5,-0.4193295750000061,0.4756294957341844,4.247533579607108,1.990475412665182,574069.4186092648,0.1115332635426251,18.082513063288214,1838151.833129689,0.0,0.0,-156310.0,-163923.25,0.3190412933517613,0.6095120459906955,-0.029733017852334,-98832.25,-0.0213740820836997,0.0449999999999999,-0.1372931430359685,-0.0455181235888171,100056.62233410231,-0.0281954887218045,96425.2475063374,-0.15625,0.2264796331510964,156.440558,-556041.6772999763,-698259.099999994,-0.0063906640733538,0.0,0.0,0.0,-54716.0,-44970.0,-0.0257226050037462,-66200.0,1244237.3922573936,-0.9375,-1064917.3700000048,-0.0242408179733617,0.0,-0.0009228138201953,0.1051013621961775,2072440.25
2025-06-18,2083526.5833333333,151.7020249,2072440.25,151.1270078,32.25,151.7020249,-0.0005577629448509,1.6,151.1270078,32.275,1576801.7221152305,73.196,-0.2851042103121415,19.97733687012407,0.0,73.31666666666669,-172396.0,-0.372737399999977,0.4683675502693263,4.182681930388975,2.0132478996056937,613944.5297471106,0.1005601543958618,18.18244059669687,1741051.5101959864,0.0,0.0,-162640.0,-169006.2124999999,0.3262154722550696,0.5300489519323728,-0.0269013018663977,-136687.75,-0.005798987848352,0.04,-0.1242176056039667,-0.0624809443467504,102347.78908831578,-0.0300187617260787,100056.62233409846,-0.0843750000000014,0.2266590055821695,156.440558,238530.815776214,35006.04999999702,-0.0246423971256185,0.0,0.0,0.0,-21457.0,-11940.0,-0.0103534951128265,-39560.0,1185386.5572108864,-1.0,-507109.29000000656,-0.0091843203797409,0.0,-0.0278716216216216,0.1204100880271413,2050983.25
2025-06-19,2062507.375,151.7020249,2050983.25,151.1270078,32.604166666666664,151.7020249,-0.0005046426643957,1.6,151.1270078,32.475,1455047.1072639269,72.81,-0.2579514283776518,19.33509677003531,0.0,72.41333333333336,-174660.5,-0.3261452250000047,0.456007387038334,4.072301458101629,1.950766650914289,580387.0826701369,0.1043225463906459,17.5332427120535,1622511.104516909,0.0,0.0,-155900.0,-143118.34375,0.3501130734290098,0.5431238833165197,-0.0243392731172171,-63057.625,-0.0026721510082851,0.0350000000000001,0.6792793092154596,-0.029644096431562,105169.92466598042,0.0473372781065088,102347.7890883114,0.7250000000000014,0.2350763725453752,156.440558,339194.1666546613,106614.90000000596,0.0044917463075586,0.0,0.0,0.0,13115.375,-5470.0,0.0063946767970923,-18860.0,1155768.8730211766,1.5,-1524350.2299999967,-0.0109766243591183,0.0,-0.0237771567046345,0.1239977930031746,2064098.625
2025-06-23,2030732.5833333333,151.7020249,2064098.625,151.1270078,32.25,151.7020249,-0.000456581458252,1.6,151.1270078,32.2375,1349042.1335559385,73.216,-0.2333846256750291,18.17017727229515,0.0,72.20333333333336,-164592.5,-0.2795530500000041,0.4381177260475446,3.912540685341507,1.974112658760179,550770.5086714304,0.1193065371137989,16.249012755428847,1484168.786653741,0.0,0.0,-93230.0,-213212.0375000001,0.3897223048035292,0.6071463124602502,-0.0220212471060534,-95324.375,-0.0428983576365248,0.0300000000000002,-1.1383901488050585,-0.0459961994079202,113740.30157043724,-0.0291262135922329,105169.92466597576,-1.15625,0.2873884451923736,156.440558,1686254.6745923162,1483398.099999994,0.0096525597446741,0.0,0.0,0.0,-86982.75,-87580.0,-0.0421407916009827,-4640.0,1166420.9466987895,-0.9375,-1623404.130000003,0.0045491791441996,0.0,-0.0187783166760531,0.1835525142732928,1977115.875
2025-06-24,2035268.0,151.7020249,1977115.875,151.1270078,31.8125,151.7020249,-0.0004130975098348,1.6,151.1270078,32.0125,1264918.482043703,73.012,-0.2111575184678713,16.008141842966293,0.0,72.99333333333335,-140401.0,-0.2329608750000034,0.413982338603857,3.697003445655719,1.8658281638043637,467789.8768127841,0.1238961367412595,14.151779235350055,1298998.0616967806,0.0,0.0,-102010.0,-111672.7749999999,0.2747905151712395,0.644522403246552,-0.0199239854769053,13606.25,0.0118373174888306,0.0250000000000001,-1.2561625155855296,0.0066340132226823,110846.0759576982,-0.0479846449136276,113740.30157043238,-1.2906249999999986,0.2587869383747442,156.440558,1620987.419869244,1407582.349999994,0.0074272056744879,0.0,0.0,0.0,87473.625,23130.0,0.0442430441766596,10280.0,1113963.9536184857,-1.5625,371154.0200000033,0.0276314155462746,0.0,-0.0117647058823529,0.1561027574800757,2064589.5
2025-06-25,2022032.6666666667,151.7020249,2064589.5,151.1270078,31.479166666666668,151.7020249,-0.0003737548898357,1.6,151.1270078,31.9875,1140783.4980920143,72.046,-0.1910472786137802,13.635294758796636,0.0,72.86333333333334,-133922.5,-0.1863687000000027,0.3824205034122376,3.415145495270976,1.8912346287692987,469538.4019396732,0.12355718533644,12.5268769052691,1102200.7483086234,0.0,0.0,-91880.0,-134549.28125,0.2739035719640262,0.6397197551497189,-0.0180264630505333,-39706.0,0.0215262604191956,0.02,-0.062123228386909,-0.019236483915588,105797.66170418884,0.0218253968253967,110846.07595769272,-0.1156250000000014,0.2253482871521195,156.440558,2347238.6655959785,2198913.549999997,0.0002806122448979,0.0,0.0,0.0,-40196.875,42560.0,-0.0194696693943275,-9480.0,1192045.5561551105,0.6875,1060793.3000000045,0.0580575856365463,0.0,-0.0085045767940528,0.1705888898535796,2024392.625
2025-06-26,2042643.5416666667,151.7020249,2024392.625,151.1270078,31.75,151.7020249,-0.0003381591860431,1.6,151.1270078,31.9375,1016801.440829354,72.184,-0.172852299698178,12.283550093361097,0.0,71.59666666666669,-116300.5,-0.139776525000002,0.3413785818406373,3.048627140942419,1.8266543331005665,566320.0873278177,0.104878761947742,11.932393371771951,1113174.7514177826,0.0,0.0,-151370.0,-104185.9187500002,0.254630114625204,0.6064602185698283,-0.0163096570457206,61832.625,0.0023320526023924,0.0150000000000001,-0.1693019685405374,0.0312741533168863,98299.57764760796,-0.0115606936416184,105797.66170418257,-0.1843750000000028,0.2332416249732043,156.440558,3739657.506967798,3728793.299999997,0.0155908631081416,0.0,0.0,0.0,14555.875,4710.0,0.0071902430488255,1910.0,1455825.447190795,-0.375,3916463.6400000006,0.0800733227265042,0.0,0.0064616680707667,0.1328678687949357,2038948.5
2025-06-27,2034806.2916666667,151.7020249,2038948.5,151.1270078,32.104166666666664,151.7020249,-0.0003059535492866,1.6,151.1270078,31.7125,874647.599594833,72.324,-0.1563901759174086,11.65745593810004,0.0,71.2666666666667,-109786.5,-0.0931843500000013,0.286815377558951,2.561359121453603,1.8284621090452011,593242.5202057557,0.1176746530409216,11.356122577700395,1317486.2855823208,0.0,0.0,-148560.0,-86894.08124999981,0.2557173948581728,0.6072817455006286,-0.0147563563746997,-23511.75,0.0014621688508638,0.01,-0.1531779715366781,-0.0113880991838813,88535.26031787257,-0.003883495145631,98299.57764760069,-0.1812499999999985,0.2327161727423243,156.440558,3245279.172970861,3384707.799999997,-0.0040513279817858,0.0,0.0,0.0,2129.25,2960.0,0.0010442882691741,-9020.0,1658509.0596870831,-0.125,4499527.530000001,0.0571460670915304,0.0,0.0044997889404811,0.0965713520994699,2041077.75
2025-06-30,2024950.25,151.7020249,2041077.75,151.1270078,32.0,151.7020249,-0.0002768151160239,1.6,151.1270078,31.8375,721304.3836259791,71.846,-0.1414958734490881,11.895952164333588,0.0,71.87000000000002,-90573.5,-0.0465921750000006,0.2083665410384931,1.8607842614226209,1.8045360243456976,811085.2989867862,0.1471647173444294,12.186655169088873,2128962.239691739,0.0,0.0,-149960.0,-117485.7687499998,0.2427361445986478,0.6003699517336005,-0.0133509891009189,-29568.125,-0.0284854613164968,0.0050000000000001,-0.3082324504379485,-0.0146059240855019,82501.56531189028,-0.0173410404624277,88535.26031786398,-0.3250000000000028,0.2411480018726025,156.440558,6693829.537449822,7200465.75,0.003571938848407,0.0,0.0,0.0,-46253.25,-57750.0,-0.0226611896582576,5080.0,2363999.085134536,-0.5625,8761960.57,0.1101144443134554,0.0,0.0072374525516658,0.1152952778503764,1994824.5
2025-07-01,2022331.7916666667,151.68617204000003,1994824.5,151.1270078,32.3125,151.7020249,-0.0719657708192755,1.6,151.1270078,32.2375,688799.1912269763,71.52,-0.2148717902634587,12.456875453098512,-0.0959939999999903,71.88666666666668,-103895.0,-0.0911943000000121,0.0214649109364804,0.4715968434866077,1.823957236341765,885847.9672234665,0.116527096026374,14.749122890951252,2522040.7134643337,-0.0792643000000055,0.2999999999999998,-157780.0,-68822.2250000001,0.2242294416441648,0.625156230471422,0.2593491050991683,-7855.375,0.0117181153533711,0.2850000000000001,0.7389801638894724,-0.0038526598391278,74362.04771636266,0.027237354085603,82501.56531188062,0.7531249999999972,0.2453357706321653,156.440558,5342943.43864508,6154102.400000006,0.0074701862521775,0.1874999999999997,-0.0005224999471975,-0.0006351875908707,36268.625,23080.0,0.0181813613177499,-27290.0,2756733.0266787754,0.875,7519983.82,0.1187743447628382,-0.0792643000000055,0.0129076258556668,0.1011413271731599,2031093.125
2025-07-02,2029648.0833333333,151.67031917999998,2031093.125,151.1270078,32.458333333333336,151.7020249,-0.0651118878841146,1.6,151.1270078,32.3,731408.3778602764,71.684,-0.1944078102383741,16.56148018910176,-0.0959939999999903,71.7966666666667,-52940.0,-0.0863945999999771,0.0295463297740909,0.649150415634079,1.7064375788553985,915785.7476405852,0.1064795068561882,18.24081896677589,2763393.61421545,-0.0792643000000055,0.2999999999999998,-50990.0,-29725.493749999907,0.261186740421191,0.5828818349801863,0.2346491903278189,21948.875,0.0192755485075375,0.2699999999999998,0.2162201482809536,0.0107535712444075,70368.68209028125,0.0058027079303675,74362.04771635149,0.2906249999999986,0.196691373878022,156.440558,4189157.492107451,5138086.900000006,0.023549459684123,0.1874999999999997,-0.0005224999471975,-0.0006351875908707,31933.5,38410.0,0.0157223219393252,40590.0,3006776.130148634,0.1875,6813530.640000001,0.1094464957921921,-0.0792643000000055,0.0434292590332858,0.0915021287361667,2063026.625
2025-07-03,2057426.8333333333,151.65446631999998,2063026.625,151.0310138,32.729166666666664,151.7020249,-0.0589107557046872,1.9,151.1270078,32.425,894056.3534408528,71.638,-0.1758927806918677,19.029379300973755,-0.0959939999999903,71.25000000000001,-27792.0,-0.0815948999999989,0.0351671665696589,0.772643538767076,1.7109403385591275,943492.3653710228,0.0845036918667315,20.62599516577768,2999940.8361876686,-0.0792643000000055,0.2999999999999998,5880.0,-7267.506250000093,0.2594938834703262,0.535451650844382,0.212301648391836,83336.25,0.0157255463814995,0.2549999999999999,0.3652706103494338,0.0417762314429164,63174.57853726924,0.011605415860735,70368.68209026914,0.5093749999999986,0.1958496238660469,154.3315128,3611220.9690496023,4632528.700000003,-0.0035814931821687,0.1874999999999997,-0.0005224999471975,-0.0006351875908707,15134.125,31940.0,0.0073358844799202,17310.0,3185575.599223667,0.375,6973034.590000004,0.0941734411175989,-0.0792643000000055,0.0659600347523892,0.0795639593933801,2078160.75
2025-07-04,2073294.7916666667,151.63861346,2078160.75,151.0310138,32.333333333333336,151.6227606,-0.0533002075423212,1.9,151.0310138,32.375,1078992.277735306,71.518,-0.1591410872926246,22.360608285467546,-0.0959939999999903,71.26333333333336,-23495.0,-0.0767951999999922,0.0393951063682735,0.8655338875101136,1.6561225323353366,937964.1437856476,0.084180080707138,23.98803969524771,3218241.134649545,-0.0792643000000055,0.2999999999999998,22360.0,-4320.34375,0.2576459499347455,0.5301265210180593,0.1920824437830897,47603.875,0.0040425975385718,0.2399999999999997,-0.461183733493371,0.0234375639472463,62423.59931295728,-0.0414312617702448,63174.57853725542,-0.3718750000000028,0.1942808496362967,154.3315128,3165065.2100925,4230960.650000006,0.0105222834414631,0.1874999999999997,-0.0005224999471975,-0.0006351875908707,536.25,8340.0,0.0002580406737062,-2380.0,3324574.531953731,-1.375,7723374.450000003,0.0905633487927712,0.0,0.0723596010967244,0.0753897663482959,2078697.0
2025-07-07,2068930.625,151.6227606,2078697.0,151.0310138,32.125,151.6227606,-0.0482239973001981,1.9,151.0310138,32.375,1076906.5985006148,71.49199999999999,-0.1439847932647637,27.046039091292137,-0.0959939999999903,71.55000000000003,-30909.0,-0.0719954999999856,0.0426464536252144,0.9369679180246676,1.6474665558472312,925503.8245675124,0.0926445475006552,29.18983662347186,3318491.447860205,-0.0792643000000055,0.2999999999999998,15710.0,-29372.125,0.2596847268975462,0.5346158852242227,0.1737888777085097,-13092.5,-0.0176742928593153,0.2249999999999998,-0.360713854113051,-0.0063462583765733,62054.33750516242,0.02,62423.59931294318,-0.2937500000000028,0.1921210705558763,154.3315128,1720728.8567503542,2761470.200000003,0.0145907100166959,0.1874999999999997,-0.0005224999471975,-0.0006351875908707,-28762.875,-36610.0,-0.0138369733539809,-11290.0,3376535.5733685084,0.625,5798283.8500000015,0.0511074514608509,0.0,0.0776044477568469,0.0733169572511374,2049934.125
2025-07-08,2086138.875,151.6227606,2049934.125,151.0310138,32.041666666666664,151.6227606,-0.0436312356525547,1.9,151.0310138,32.2625,1145876.1594180416,71.516,-0.1302719558109686,30.64665550570893,-0.0959939999999903,71.68333333333337,25638.0,-0.067195799999979,0.0451327642368387,0.991593639015416,1.6543448377254537,904653.962547876,0.0954389447351924,32.546807665425966,3352743.795364056,-0.0792643000000055,0.2999999999999998,59870.0,51828.89999999991,0.2551674908472888,0.5304851304998544,0.1572375560219849,51624.75,0.0036073050384319,0.2099999999999999,0.1825684177072375,0.0248415576129035,60556.12851724193,0.0463709677419355,62054.33750514804,0.2749999999999986,0.2228431106626979,154.3315128,1420571.060869366,2334316.049999997,6.359704909697506e-05,0.1874999999999997,-0.0005224999471975,-0.0006351875908707,79851.375,7340.0,0.0389531419698669,54440.0,3351205.727385491,1.4375,5136528.859999999,0.0475877656326104,0.0,0.0697278911564625,0.0813568080461486,2129785.5
2025-07-10,2082818.5416666667,151.6227606,2129785.5,151.0310138,31.89583333333333,151.6227606,-0.0394758798761074,1.9,151.0310138,32.0375,2078092.178311904,71.46799999999999,-0.1178651028765784,33.73238039490626,-0.0959939999999903,71.71333333333335,22527.5,-0.0623961000000008,0.0469756703871158,1.032083381812456,1.4205043581709362,901807.6908504076,0.099260465850857,35.32373058023394,3321156.9790793634,-0.0792643000000055,0.2999999999999998,64890.0,-7097.550000000047,0.258095834525129,0.539363355211128,0.1422625506865578,-9961.0,0.0057440869692964,0.1949999999999998,-0.7961285744553592,-0.0047919441842654,60071.79816689883,-0.0252427184466019,60556.12851722712,-0.78125,0.219714542849063,154.3315128,354891.10269132257,1022972.700000003,0.0025198728139905,0.1874999999999997,-0.0005224999471975,-0.0006351875908707,-61049.5,11730.0,-0.0286646237379304,-4460.0,3199701.4938599025,-0.8125,3935620.909999997,0.0203661757897455,0.0,0.0721226186529291,0.072907230135209,2068736.0
2025-07-11,2068651.375,151.6227606,2068736.0,151.0310138,31.52083333333333,151.6227606,-0.0357162722688713,1.9,151.0310138,31.65,2670996.859939544,71.352,-0.1066398549835696,36.20297944632277,-0.0959939999999903,71.0166666666667,-31060.0,-0.0575963999999942,0.0482489544839092,1.0600581897425645,1.4450018211620443,828978.8536321862,0.1381927119540177,37.62775938823127,3221512.660757837,-0.0792643000000055,0.2999999999999998,1920.0,-58639.19375000009,0.2244317350188232,0.6191419545351927,0.1287137363354569,-42501.5,-0.0231080469172229,0.1799999999999999,-1.2857829959358045,-0.0207331052650289,53924.83507053824,-0.0409356725146199,60071.79816688379,-1.3218749999999986,0.2207323089056523,154.3315128,351014.2357683331,781584.650000006,0.0003250949515132,0.1874999999999997,-0.0005224999471975,-0.0006351875908707,-61303.375,-47460.0,-0.0296332518987439,-61060.0,3030368.160659388,-1.3125,1090088.240000002,-0.0028665510265168,0.0,0.0560070981944804,0.0719168778133087,2007432.625
2025-07-14,2046731.2083333333,151.6227606,2007432.625,151.0310138,30.39583333333333,151.6227606,-0.0323147225289801,1.9,151.0310138,31.1,3008171.611786226,71.076,-0.0964836783184637,38.40919036131751,-0.0959939999999903,70.53000000000003,-26022.0,-0.0527966999999875,0.0489970449014258,1.076494180577106,1.505385420137208,823288.4636059944,0.1920947766705455,40.12658539579444,3123800.31026562,-0.0792643000000055,0.2999999999999998,9000.0,3315.556249999907,0.2158998161588194,0.9130079246052454,0.1164552852558895,-65760.5,-0.0116827903128535,0.1649999999999998,-2.69011318679906,-0.0308765835808347,47909.87906532633,-0.0935672514619883,53924.8350705209,-2.8531249999999986,0.2192101902640834,154.3315128,554639.1656951606,826134.099999994,0.0036382948366335,0.1874999999999997,-0.0005224999471975,-0.0006351875908707,56592.375,-23440.0,0.028191419375781,-1940.0,2935230.3376432816,-3.0,-359322.7599999979,0.0025238264684372,0.0,0.0641604262793846,0.0707047490143047,2064025.0
2025-07-15,2048843.125,151.6227606,2064025.0,151.0310138,29.604166666666668,151.6227606,-0.0292371299071589,1.9,151.0310138,30.525,3036304.9687988274,70.262,-0.08729475657384,40.92630262211812,-0.0959939999999903,69.54000000000002,-3558.0,-0.0479969999999809,0.049243882961896,1.081917359386433,1.6798884674768613,798952.3839807961,0.1686542212439596,41.8375056208972,2985675.1553394743,-0.0792643000000055,0.2999999999999998,19880.0,19992.268750000047,0.1516796737576551,1.1115608099459833,0.1053643057077096,6335.75,0.029698476496901,0.1499999999999999,-2.490459549961056,0.0030626189131914,37742.11890503844,-0.0901960784313725,47909.87906530645,-2.7437499999999986,0.2236018839534457,154.3315128,432631.959438473,549623.150000006,0.0085533538150484,0.1874999999999997,-0.0005224999471975,-0.0006351875908707,11046.75,58890.0,0.0053520427320405,15960.0,2836669.988680178,-2.875,-4155835.530000001,-0.0498104660368122,0.0,0.0694425834114966,0.0836578878625797,2075071.75
2025-07-16,2055456.9583333333,151.6227606,2075071.75,151.0310138,29.39583333333333,151.6227606,-0.0264526413445764,1.9,151.0310138,30.0625,3072970.501174636,69.65,-0.0789809702334594,41.77097900584412,0.0,68.84666666666669,-5323.5,-0.0431973000000027,0.0489970449013816,1.0764941805770694,1.7634937661250332,695004.6295813546,0.1902718826180996,42.41257612337052,2829719.823454485,0.0,0.0,39490.0,-22811.25,0.1291885119545225,1.1641753632133929,0.095329609926023,19841.5,-0.0120333819827408,0.135,-1.235415783298098,0.0098840179007253,34139.14140953355,-0.0871212121212121,37742.11890501273,-1.5187500000000007,0.2430173348746593,154.3315128,-1131676.2271747142,-1313165.799999997,-0.0133750978856694,0.0,0.0,0.0,-47797.625,-24570.0,-0.0230342035160953,-7680.0,2628207.6288298587,-2.875,-3880088.040000007,-0.0614547370777659,0.0,0.0473150457190358,0.0780342744748719,2027274.125
2025-07-17,2056160.0416666667,151.6227606,2027274.125,151.0310138,29.729166666666668,151.6227606,-0.0239333421689025,1.9,151.0310138,29.8,3268053.571755316,69.03,-0.0714589730683599,42.266854065958,0.0,68.30333333333336,-2472.0,-0.0383975999999677,0.0482489544838193,1.0600581897424903,1.6063987182855162,682503.9292082479,0.1865669638599247,42.588733634979256,2654427.9098173226,0.0,0.0,-840.0,16364.175000000048,0.1212658283756857,1.2041765312520836,0.0862505994568778,2109.25,0.0049671582600074,0.1200000000000001,-1.1743047563173263,0.0010219110718134,33950.40982476654,-0.0749999999999999,34139.14140950462,-1.46875,0.1367035197410397,154.3315128,-947869.4912533016,-1414671.25,0.0050241285160961,0.0,0.0,0.0,38860.125,10020.0,0.0191686583086043,260.0,2380425.370799784,-2.4375,-3034318.9399999976,-0.0519846535812483,0.0,0.0283595786669699,0.0857088020954367,2066134.25
2025-07-18,2056231.5416666667,151.6227606,2066134.25,151.0310138,30.375,151.6227606,-0.0216539762480465,1.9,151.0310138,29.8375,3268644.696054385,68.53,-0.0646533565856657,41.15549912416702,0.0,68.13000000000002,37319.5,-0.0335978999999895,0.0469756703869773,1.0320833818123418,1.755809604833389,670957.1957429252,0.1855489715792172,40.666054572251056,2492556.8179451064,0.0,0.0,23090.0,24301.024999999907,0.1181664615418093,1.196451716753988,0.0780362566514609,214.5,0.019168635652873,0.1049999999999999,-0.2707995414299589,0.0001033699196184,34427.68761875911,-0.0535372848948374,33950.40982473742,-0.5249999999999986,0.1282094209877871,154.3315128,-1140692.587324411,-1856474.849999994,0.013883514313919,0.0,0.0,0.0,9152.0,38860.0,0.004429528236125,41240.0,2197785.978394181,-1.75,-3798659.329999998,-0.0535652121686955,0.0,0.0463844423434289,0.0855032990829104,2075286.0
2025-07-21,2061295.1666666667,151.6227606,2075286.0,151.0310138,30.875,151.6227606,-0.0195916927958421,1.9,151.0310138,30.35,3261814.4149001287,68.736,-0.0584958940536921,39.5420371383931,0.0,69.00666666666669,14788.0,-0.0287981999999829,0.0451327642366465,0.9915936390152577,1.7549457181600647,587977.9504513999,0.185287060623598,38.81502821750768,2262492.987099779,0.0,0.0,4270.0,-7438.543749999953,0.0936258277067965,1.1268761767649578,0.0706042322084645,15190.875,-0.0122015555652355,0.0899999999999998,0.3770147006109887,0.007493251560146,34333.71835741611,-0.005893909626719,34427.678331182266,0.2406250000000014,0.1288354288340158,154.3315128,-1047339.3409125656,-1994612.400000006,0.0016902549402959,0.0,0.0,0.0,-32821.25,-25210.0,-0.0158152881319384,-21200.0,2006771.0916506716,-0.1875,-4270167.420000002,-0.0524283829620175,0.0,0.0372389763112686,0.0900105399734435,2042465.0
2025-07-22,2042744.4166666667,151.6227606,2042465.0,151.0310138,32.020833333333336,151.6227606,-0.0177258172914775,1.9,151.0310138,31.25,3257185.499349734,68.31800000000001,-0.0529248565247542,36.87639710111781,0.0,68.35333333333335,-16206.5,-0.0239984999999762,0.0426464536249622,0.936967918024458,1.772172247183801,543813.012823156,0.1839785355136802,35.94123746148351,2076942.6694243904,0.0,0.0,-15420.0,-41089.85000000009,0.1306803485898136,1.221126226016651,0.0638800196171822,-55652.25,-0.0222497697116986,0.0749999999999999,2.037537110076609,-0.0269354472004904,31286.14001470813,0.0509803921568627,34333.70862988102,2.0031250000000007,0.2098536597277479,154.3315128,-1252176.3084447086,-2359441.650000006,-0.0154199066874027,0.0,0.0,0.0,-31983.0,-45410.0,-0.0156590198608054,-30980.0,1967547.98775408,1.625,-3287573.469999999,-0.041390602113317,0.0,0.00655844568812,0.0894052197137594,2010482.0
2025-07-23,2045541.3333333333,151.6227606,2010482.0,151.0310138,32.625,151.6227606,-0.0160376442160838,1.9,151.0310138,31.775,3223373.7261975333,68.19800000000001,-0.0478843939985722,34.01175342903144,0.0,68.29333333333335,7017.0,-0.019198799999998,0.039395106367949,0.865533887509842,1.7852138306256171,504807.9840542826,0.1887264111787151,32.62746774292123,1915043.5101101564,0.0,0.0,-45940.0,31150.774999999907,0.0984077320263376,1.246091752080283,0.0577962082250695,8390.75,0.0075018416344694,0.06,1.1649145281645517,0.0040431771761606,31987.40985513378,0.0096339113680155,31286.130041248667,1.1656249999999986,0.1328380489527543,154.3315128,-669180.2790690213,-1895429.549999997,-0.005133591855754,0.0,0.0,0.0,73195.0,14970.0,0.0364066925244792,23920.0,1905362.5295404363,0.3125,-3003411.850000001,-0.0329459047132731,0.0,0.0013275039745628,0.0941317103832145,2083677.0
2025-07-24,2076415.0,151.6227606,2083677.0,151.0310138,33.291666666666664,151.6227606,-0.0145102495288256,1.9,151.0310138,32.4875,3178826.3524066173,68.23400000000001,-0.0433239755225258,30.375855041054123,0.0,67.4666666666667,52558.0,-0.0143991000000198,0.0351671665692374,0.7726435387667182,1.823606605777676,459817.8602844192,0.209197881063737,29.78568187904323,1752072.841722402,0.0,0.0,7690.0,77025.10624999995,0.1065572115929689,1.3218650848815183,0.0522918074417295,92621.0,0.0280579762046875,0.0450000000000001,1.845636954053642,0.0453476558961842,36166.762315412496,0.0717131474103585,31987.40049290421,1.96875,0.1344457693242181,154.3315128,-145457.0143957883,-1412315.599999994,0.0018496907920326,0.0,0.0,0.0,51409.0,56410.0,0.0246722500656291,49170.0,1882123.256173166,2.25,-1675061.0799999982,-0.0133686818357832,0.0,0.0006581190481853,0.0913466658725468,2135086.0
2025-07-25,2138620.333333333,151.6227606,2135086.0,151.0310138,33.270833333333336,151.6227606,-0.0131283210022559,1.9,151.0310138,32.9875,3126821.3471293547,68.672,-0.0391978826156105,28.422390525065836,0.0,68.72000000000003,118260.5,-0.0095993999999848,0.0295463297735184,0.6491504156335888,1.8062627890653984,461233.0196825527,0.2064170468408056,27.425630823231447,1791012.828267854,0.0,0.0,141630.0,131129.6312500001,0.0941624733053052,1.378643498056726,0.0473116353044218,186616.0,0.0330109488168213,0.03,1.5002191489056749,0.0928215224010957,47333.15814144431,0.0873983739837398,36166.75604864075,1.7124999999999986,0.1286515873933721,154.3315128,173540.5584038049,-1027908.549999997,0.0124801901743265,0.0,0.0,0.0,62012.0,68230.0,0.0290442633224141,72880.0,1897355.195692343,2.6875,-1825164.0600000024,-0.0094020065937134,0.0,0.012817260895068,0.0868754342291771,2197098.0
2025-07-28,2181918.0,151.6227606,2197098.0,151.0310138,33.229166666666664,151.6227606,-0.0118780047163227,1.9,151.0310138,33.1875,3097143.461666528,69.114,-0.0354647509379333,25.51522340220879,0.0,70.53333333333336,129309.0,-0.0047997000000066,0.0214649109355979,0.4715968434858417,1.892694820676308,435006.8185870518,0.2114219238455358,23.463419210596037,1828441.4486962704,0.0,0.0,163230.0,138977.01875000005,0.0924796248942241,1.3915680938659325,0.0428057652754292,129893.0,0.0289679268612537,0.0149999999999996,0.6222220871051363,0.0623383566646846,57237.79997041682,0.1225806451612903,47333.15555122883,0.8718749999999993,0.1281590350255417,154.3315128,999820.3147463052,-103457.20000000298,0.0074975542946584,0.0,0.0,0.0,16472.0,61850.0,0.0074971621657295,19660.0,1896685.4866141467,3.5625,-969052.4200000018,-0.0006818658361584,0.0,0.016711815948885,0.0852110366434188,2213570.0
2025-07-29,2238336.6666666665,151.6227606,2213570.0,151.0310138,33.791666666666664,151.6227606,-0.0107467661719056,1.9,151.0310138,33.55,3100065.826908376,69.704,-0.0320871556104975,22.480985761103717,0.0,70.80333333333336,195963.5,0.0,0.0,0.0,1.808874031866883,393714.701108757,0.1635764923457292,19.826023196521145,1634991.6771706648,0.0,0.0,226230.0,214273.14375000005,0.09749752462686,1.6035527989263745,0.0387290257253882,169256.0,0.0080656540599097,0.0,2.9945104597617918,0.0792736217651186,73941.19143971158,0.2176724137931034,57237.79981105874,3.3874999999999997,0.1594022831462258,154.3315128,1490071.665722847,711874.299999997,0.0072553269169521,0.0,0.0,0.0,90772.0,17720.0,0.0410070609919721,78960.0,1667111.7738074502,6.3125,-893076.3299999982,0.0087163789708548,0.0,0.0154032889584965,0.0715016751293411,2304342.0
2025-07-30,2277110.6666666665,151.6227606,2304342.0,151.0310138,34.25,151.6227606,-0.0097232646317308,1.9,151.0310138,33.9625,3063347.848613651,69.64200000000001,-0.029031236028544,18.981382124858644,0.0,69.91000000000003,193712.5,0.0,0.0,0.0,1.869768561530741,416192.07822199335,0.1288201579093427,19.445688055372983,1504611.0034762009,0.0,0.0,245930.0,209234.7999999998,0.090731749982375,1.7148580336736725,0.0350405470848751,116322.0,0.0244142521075183,0.0,2.2569380350225714,0.052943473618382,87749.9045912072,0.1556016597510372,73941.1940702977,2.796875,0.1823202524264315,154.3315128,2820452.8880349547,2386588.700000003,-0.0019280156092144,0.0,0.0,0.0,9078.0,54070.0,0.0039395193942566,12020.0,1579832.159813604,4.6875,1293013.3400000036,0.0528776652386369,0.0,0.0271842656676615,0.0658905051333371,2306756.25
2025-07-31,2312424.1666666665,151.6227606,2306756.25,151.0310138,35.479166666666664,151.6227606,-0.0087972394287021,1.9,151.0310138,34.5,3002552.051737271,69.79599999999999,-0.0262663564067793,25.43121577492837,0.0,68.60333333333335,208603.0,0.0,0.0,0.0,1.8218429073199296,429425.6712165304,0.1049495634640756,28.05896368644749,1545315.397839185,0.0,0.0,274230.0,202501.1062500002,0.0965767313703295,1.9651674798045704,0.0317033521244107,105940.5,0.0163084680618488,0.0,3.3991344126394694,0.0478595662210816,99388.29407320626,0.2079002079002079,86922.37678445678,4.106250000000003,0.1725634582015453,154.3315128,4094952.279650673,4018660.650000006,0.0445536521477083,0.0,0.0,0.0,6090.5,37000.0,0.0026326823490763,28560.0,1734797.3272882923,6.25,3515710.469999999,0.0743285916225013,0.0,0.0675853899308982,0.0753181194403589,2319510.5
2025-08-01,2303926.4166666665,151.59857978,2319510.5,151.0310138,36.10416666666666,151.6227606,-0.1173488309116805,1.9,151.0310138,35.25,2887877.340513748,69.86800000000001,0.3545660965843353,30.20117520807548,0.418155200000001,68.99333333333335,169132.5,0.397247440000001,0.0935023452327903,0.7826184926460699,1.8055979473218824,423465.18434593285,0.0821196463217961,31.61071943435261,1567948.1079089867,-0.1209040999999899,0.0,204920.0,151804.9562499998,0.0978785153244675,2.2588368134943324,0.0286839852554192,-25493.25,-0.0198329401151897,0.0,3.867073992388093,-0.0110631364615148,105219.47073663624,0.202020202020202,98704.01543661812,4.756250000000001,0.1737741722526866,154.3315128,2851770.8720648885,3039449.950000003,0.007027510855655,0.0,-0.0007974007300852,0.0027686710793966,-40661.75,-45730.0,-0.0175303151246782,-28070.0,1793050.1304916723,6.25,4032135.61,0.0662451105174575,-0.1209040999999899,0.0603662478677082,0.0701772074214057,2278848.75
2025-08-04,2295229.4166666665,151.57439896,2278848.75,151.0310138,36.85416666666666,151.6227606,-0.1061727517772226,1.9,151.0310138,36.1375,2719498.369497915,69.67,0.320797896909653,34.01116743460408,0.418155200000001,70.58000000000003,147875.5,0.3763396800000009,0.1287054549023412,1.0772699749849275,1.8572954304025064,342133.6286721505,0.0864748199444603,34.32515910185804,1444177.7571389787,-0.1209040999999899,0.0,215870.0,149853.6062500002,0.0901326590066411,2.477605287474891,0.0259521771358555,-26091.0,0.0047831223479335,0.0,3.385685993113036,-0.0112781077365977,110389.06618371936,0.1719367588932805,104607.00528246078,4.368749999999999,0.1691515334217775,154.3315128,1656557.408058703,2027787.650000006,0.000367287872889,0.0,-0.0007974007300852,0.0027686710793966,8480.25,10810.0,0.0037212868997997,-10250.0,1781619.7566563953,5.4375,2703548.030000001,0.0528838754780713,-0.1209040999999899,0.0589657853810263,0.0700919616496722,2287329.0
2025-08-05,2304348.333333333,151.55021814000003,2287329.0,151.449169,37.583333333333336,151.6227606,-0.0960610611317633,1.9,151.0310138,36.775,2626369.2469324456,69.634,0.2902457162516043,36.43349624209262,0.418155200000001,70.53333333333336,174351.5,0.3554319200000009,0.1531901324251381,1.2822077374282472,1.739148233748918,294152.6867690724,0.0811343501371409,35.753567724066855,1431946.314678827,-0.1209040999999899,0.0,286900.0,194545.2000000002,0.088400587404373,2.786052550794168,0.0234805412181549,27356.75,0.0067243839284141,0.0,4.363834946149893,0.0117941910588461,117720.04802176885,0.1492537313432835,109838.75435320986,5.475000000000001,0.2155661293361761,150.8315365,1168646.940624535,1627153.75,-0.0078277024298185,0.0,-0.0007974007300852,0.0027686710793966,59538.25,15270.0,0.0260295960922105,40050.0,1808604.5127212056,5.0,3084396.6400000006,0.0527440582437139,-0.1209040999999899,0.0671315858060133,0.0673180846367345,2415040.75
2025-08-06,2349745.6666666665,151.52603732000003,2415040.75,151.449169,37.79166666666666,151.5018565,-0.0869123886430145,1.9,151.449169,37.375,2286904.3779828986,70.44800000000001,0.2626032670847849,36.91686641704797,0.418155200000001,70.87666666666668,232118.0,0.3345241600000008,0.1716072732038775,1.4363599666455904,1.7449128314842248,322097.8233413773,0.0889508358059698,35.96503691085863,1447983.4333096277,-0.1209040999999899,0.0,335210.0,248455.9375,0.0859987160241478,2.978962696979807,0.0212442991973782,136192.0,0.0265778987012872,0.0,3.32620780842133,0.0597635099740603,131338.62937978728,0.1545801526717556,124008.42609937012,4.518749999999997,0.2155721228945175,150.8315365,1141477.4224698246,1672220.349999994,-0.0129517381232561,0.0,-0.0007974007300852,0.0027686710793966,68173.5,60760.0,0.0290487244218862,72230.0,1842233.2705349135,5.0625,3263565.18,0.0468076082812176,0.0,0.0587455444679956,0.0704169834224418,2415040.75
2025-08-07,2370309.5,151.5018565,2415040.75,151.449169,37.958333333333336,151.5018565,-0.0786350182960688,1.9,151.449169,37.625,2263103.0355617227,70.92,0.2375934321243278,37.0265140989174,0.418155200000001,70.68666666666668,230503.5,0.3136164000000008,0.1857703225860773,1.554905275117361,1.7573170339751865,337479.89183836704,0.0895604114408383,35.661283827281665,1467314.380574939,-0.1209040999999899,0.0,299800.0,168421.4624999999,0.0877990803097187,3.088489014298831,0.0192210326071518,61691.5,-0.0007968059585745,0.0,2.783235636190732,0.0269709779397717,135243.89191359447,0.1171003717472118,136665.9018248493,3.9593750000000014,0.2134073473608206,150.8315365,11668.191758409142,500732.8499999941,-0.0019420096425654,0.0,-0.0007974007300852,0.0027686710793966,-66020.25,-1870.0,-0.0273371163612871,13760.0,1844514.84217874,3.9375,2203555.4499999955,0.0248798773899092,0.0,0.0547385103011093,0.065599174263995,2349020.5
2025-08-08,2354995.75,151.5018565,2349020.5,151.449169,38.54166666666666,151.5018565,-0.0711459689345304,1.9,151.449169,38.2375,2242172.9450071305,71.30199999999999,0.214965486207717,36.73928746123747,0.418155200000001,71.77333333333335,143419.5,0.2927086400000007,0.1966008298157114,1.6455570680890683,1.859759746793668,353957.7716393324,0.083515437032731,35.091843148026875,1466868.5888993992,-0.1209040999999899,0.0,154650.0,105652.2937500002,0.1218666252949598,3.3463621130183374,0.0173904580731372,-45941.25,-0.0320980810234541,0.0,4.949713194648759,-0.0195755639778943,131331.711231862,0.2037383177570093,140099.62802535945,6.171875,0.2106944225839368,150.8315365,-1653782.445551917,-1288076.400000006,-0.0012471076118639,0.0,-0.0007974007300852,0.0027686710793966,-48094.5,-75270.0,-0.0204742785343934,-72270.0,1867706.2504266363,6.8125,1679175.039999999,-0.0038436813869504,0.0,0.0404382703971826,0.0709802291655465,2300926.0
2025-08-11,2317749.583333333,151.5018565,2300926.0,151.449169,39.16666666666666,151.5018565,-0.0643701623693289,1.9,151.449169,38.7625,2281204.6957933703,72.02799999999999,0.1944925827593522,36.42123563254757,0.418155200000001,73.21333333333335,96769.0,0.2718008800000007,0.2046286314471743,1.7127500994110028,2.3162608252376926,353804.8348741235,0.0735360541582912,34.86359790593573,1481752.7805305582,-0.1209040999999899,0.0,101580.0,96064.6812499999,0.1167151066537614,3.351580231672706,0.0157342239709337,-111738.5,0.0028637767487762,0.0,3.969383366586975,-0.0462677493123045,129633.81876427354,0.2164750957854406,135977.93939439952,5.078125,0.2016024090321086,150.8315365,-1800156.3078803122,-1543323.049999997,0.0008123843480614,0.0,-0.0007974007300852,0.0027686710793966,2376.25,6500.0,0.001032736385264,-33410.0,1902702.6621870475,7.0625,242189.1400000006,-0.0202550462601522,0.0,0.0335345249469833,0.0728571763126639,2303302.25
2025-08-12,2305354.833333333,151.5018565,2303302.25,151.449169,41.645833333333336,151.5018565,-0.0582396707150962,1.9,151.449169,40.0625,2333080.3343378515,72.684,0.1759694796394058,36.082568830705625,0.418155200000001,73.47333333333336,105179.0,0.2508931200000006,0.2101751277503758,1.7591745026208505,2.349672989566665,342468.29860983853,0.0809113330190541,34.13866581966494,1526499.265330639,-0.1209040999999899,0.0,44570.0,92760.4562499998,0.1571277406359672,3.819125767539819,0.0142357264498924,-37184.25,0.0076486119592484,0.0,8.397894474531071,-0.0158296830530001,127725.82095441972,0.2743362831858407,134050.1636054232,9.590625000000005,0.1782137992563437,150.8315365,-1244054.230939329,-1062637.5,-0.0067643742953776,0.0,-0.0007974007300852,0.0027686710793966,8534.0,17410.0,0.0037051151232974,21950.0,1919071.0833021312,9.6875,-687610.6300000027,-0.0229444349938323,0.0,0.019149051030717,0.0643729202461658,2311836.25
2025-08-13,2300923.25,151.5018565,2311836.25,151.449169,42.72916666666666,151.5018565,-0.0526930354089074,1.9,151.449169,41.2,2375329.58182456,73.362,0.1592104815785262,34.51543838786965,0.418155200000001,74.31000000000002,63648.0,0.2299853599999721,0.2134338511929543,1.7864501524684766,2.534085270447511,384787.38099680224,0.0767021864908038,32.612928272783144,1566939.1153275128,-0.1209040999999899,0.0,3490.0,55537.60000000009,0.1275543425365059,4.011285221507762,0.012879942978474,-13294.75,-0.014461728954849,0.0,6.240952143623346,-0.0057779998139879,120194.25072741628,0.2495511669658887,131915.71538381846,7.421875,0.1807385671688146,150.8315365,-1067948.5898974836,-1030767.049999997,-0.0026485054861898,0.0,-0.0007974007300852,0.0027686710793966,-24205.0,-33170.0,-0.0104700322092449,-29060.0,1895662.04315748,8.6875,-2198313.68,-0.0421951564281427,0.0,0.018413346005548,0.0649402126250124,2287631.25
2025-08-14,2262670.0,151.5018565,2287631.25,151.449169,45.10416666666666,151.5018565,-0.0476746510842645,1.9,151.449169,43.05,2420136.4138767445,74.154,0.1440475785710475,33.055542552235025,0.418155200000001,74.23000000000002,16220.5,0.2090775999999721,0.2145090915053524,1.7954499583063788,2.7220124134455266,392420.08178549074,0.0648449956041295,31.77175483034229,1611796.6327222304,-0.1209040999999899,0.0,-61880.0,-49671.5625,0.1467270221838197,4.41724319205545,0.0116532817424288,-114759.75,-0.0429468207939056,0.0,8.643599558516357,-0.0498240081170415,114269.18622389065,0.2891566265060241,124299.00251551672,9.896875,0.1784098327439986,150.8315365,-1064335.295621544,-1161385.950000003,-0.0073368740515933,0.0,-0.0007974007300852,0.0027686710793966,-99088.75,-97080.0,-0.0433150010518522,-36810.0,1878672.0315900897,10.5,-4665635.219999999,-0.0637045582611584,0.0,-0.0321786023390515,0.0661087584670663,2188545.5
2025-08-18,2224851.9166666665,151.5018565,2188545.5,151.449169,46.0625,151.5018565,-0.0431342081238597,1.9,151.449169,44.575,2959400.785156566,75.16799999999999,0.1303287615642716,32.58267538935201,0.0,75.91333333333336,-51368.0,0.188169839999972,0.2134338511929943,1.7864501524684422,3.004195093181989,417637.1843367675,0.0697466736592161,31.603876427782325,1671282.2562258248,0.0,0.0,-95950.0,-45986.85000000009,0.123680550558319,4.816390259476069,0.0105434453860069,-113454.25,0.0012711531439084,0.0,8.781709124371943,-0.0490753832586542,108184.77965200358,0.2873949579831933,118411.93623960717,10.112499999999995,0.142101187029374,150.8315365,-968873.6008004396,-1205426.400000006,-0.0072611649965986,0.0,0.0,0.0,9839.5,2750.0,0.0044959145184524,-62140.0,1845550.3169298249,10.6875,-5351380.950000003,-0.0527557545042198,0.0,-0.0459109841111265,0.0672308639281384,2198382.0
2025-08-19,2159710.0,151.5018565,2198382.0,151.449169,49.645833333333336,151.5018565,-0.0390261883025289,1.9,151.449169,47.4875,2996434.591578946,74.564,0.1179164985581451,32.35328030227166,0.0,75.2166666666667,-80192.0,0.167262079999972,0.210175127750457,1.7591745026207808,3.0210357234083203,422907.0681214863,0.0693844616883534,31.113930726646117,1730470.0860669306,0.0,0.0,-109190.0,-154650.375,0.1438196969672857,5.845956345381156,0.0095393077301966,-195425.75,-0.0353532089338639,0.0,13.7132130172889,-0.0854271203018406,103781.09527423728,0.463743676222597,112374.5055274978,15.356250000000005,0.1396113065210848,150.8315365,-979515.686438486,-1351848.049999997,-0.0050045040536482,0.0,0.0,0.0,-106176.5,-76580.0,-0.048297566119082,-23490.0,1814309.70437496,17.1875,-3960415.170000002,-0.0419586143244253,0.0,-0.0510342700630769,0.0689443802565419,2092205.5
2025-08-20,2124179.5416666665,151.5018565,2092205.5,151.449169,51.645833333333336,151.5018565,-0.0353094084642009,1.9,151.449169,49.05,2920716.2586915684,75.004,0.1066863558383204,30.726566334131537,0.0,74.89000000000003,-147941.5,0.1463543200000003,0.2046286314472995,1.7127500994108955,2.853205538006173,437756.5338203297,0.0723119997248542,29.09539972680434,1816610.9554390376,0.0,0.0,-213310.0,-168478.2062499998,0.1128986231142377,6.469846398312716,0.0086308022320826,-106591.375,-0.0048718390474549,0.0,11.106597491832815,-0.0487042746485388,96164.70930229938,0.3717532467532467,108067.08623903197,12.953125,0.1636526573951536,150.8315365,-2005618.90677768,-2576712.900000006,0.0047743223480072,0.0,0.0,0.0,-10254.375,-10180.0,-0.0049012274367885,-64070.0,1831855.3740904157,14.3125,-4585206.620000005,-0.0532431916247774,0.0,-0.0389810312543943,0.0699215467995373,2081951.125
2025-08-21,2092439.7916666667,151.5018565,2081951.125,151.449169,52.60416666666666,151.5018565,-0.0319466076580852,1.9,151.449169,50.5,2854036.63359966,74.98599999999999,0.0965257505203851,28.05640811972428,0.0,74.0066666666667,-158680.5,0.1254465600000003,0.1966008298158851,1.6455570680889196,2.757440603932249,463760.86759723286,0.0693397660983802,26.520588521480345,1909144.6127814543,0.0,0.0,-294230.0,-148240.8687499999,0.1057989529328089,6.677463416666379,0.0078088210671223,-95219.25,-0.0026546374400061,0.0,8.18275487356302,-0.0433133322598164,94470.12789955828,0.3421487603305786,100660.28255380943,9.990625,0.1492538813449554,150.8315365,-936223.1061321944,-1616425.25,0.0082787832113977,0.0,0.0,0.0,21211.625,-5520.0,0.0101883395557615,-8690.0,1821410.0213522655,12.9375,-5006927.960000001,-0.0420332144182048,0.0,-0.0183103766299009,0.0706587110179892,2103162.75
2025-08-22,2097104.625,151.5018565,2103162.75,151.449169,51.333333333333336,151.5018565,-0.0289040735954131,1.9,151.449169,51.225,2775994.3484267374,74.744,0.0873328218993947,25.04795070410506,0.0,74.53000000000003,-135224.0,0.1045388000000002,0.1857703225863071,1.5549052751171624,2.656083929793803,533593.3732049359,0.0698936957033634,24.22757246130472,2026632.9495708316,0.0,0.0,-283730.0,-143759.3187500001,0.0924289195712051,6.789371046755585,0.0070651238226344,13994.5,0.0141282439508934,0.0,7.12070679036654,0.0066888744915354,96540.1685306076,0.3427620632279533,99010.79585971557,8.837499999999999,0.1504431835366438,150.8315365,-1143955.715071991,-1913304.549999997,0.0094176054993315,0.0,0.0,0.0,3037.25,29300.0,0.0014441345540185,24260.0,1850387.320063416,12.875,-4831754.289999999,-0.0323326402113665,0.0,-0.0071370616341617,0.0719337504366577,2106200.0
2025-08-25,2077071.5833333333,151.5018565,2106200.0,151.449169,50.270833333333336,151.5018565,-0.0261513046815764,1.9,151.449169,51.575,2659259.9484646195,75.202,0.0790154102899407,23.691801263451197,0.0,76.24333333333335,-177328.0,0.0836310400000002,0.171607273204176,1.4363599666453268,3.050560776748279,560925.0367343166,0.0887521980674131,24.057197981813683,2127539.822853263,0.0,0.0,-258770.0,-219345.0187499998,0.0998987722519345,6.7296988512329525,0.0063922548871453,-60099.125,-0.0416088172083911,0.0,5.707425191284017,-0.0288667319219609,108768.98514983384,0.2329192546583851,101034.09648154114,7.215625000000003,0.1464422904803531,150.8315365,-12464.646969899535,-791501.549999997,0.0170931763495212,0.0,0.0,0.0,-84348.0,-87510.0,-0.0400474788719019,-47310.0,1846232.108470284,9.375,-3691663.659999997,0.0060690014377811,0.0,0.0110950640128777,0.072333020470296,2021852.0
2025-08-26,2053799.0833333333,151.5018565,2021852.0,151.449169,52.125,151.5018565,-0.0236607042357093,1.9,151.449169,51.9875,2346437.352849187,75.558,0.0714901331194823,23.12630365603394,0.0,76.17000000000003,-220396.5,0.0627232800000001,0.1531901324255282,1.282207737427894,3.0722227509707705,579534.2060532058,0.0834983861970579,24.43341850286543,2258680.00384988,0.0,0.0,-277210.0,-198840.53125,0.1084966572757754,6.996224898396558,0.0057834687074171,-69817.5,-0.0108104085530722,0.0,11.21445612544744,-0.0331964323731009,118232.19974222772,0.4188976377952755,113027.9291393714,12.71875,0.1433297817832994,150.8315365,-196248.8710680008,-947521.25,0.006070660705119,0.0,0.0,0.0,11493.25,-21790.0,0.0056845159784197,-51850.0,1859642.5806189447,16.625,-3187575.719999999,0.0078379003721849,0.0,0.0164073656520105,0.0768210747185716,2033345.25
2025-08-27,2009782.625,151.5018565,2033345.25,151.449169,53.3125,151.5018565,-0.0214073038323192,1.9,151.449169,52.225,2127927.467526438,75.604,0.0646815490128744,23.29020250305276,0.0,76.32333333333337,-226572.0,0.0418155200000001,0.1287054549028718,1.0772699749844334,2.967334928677709,607794.9992109135,0.0955401317079014,23.826592281233893,2296838.039453818,0.0,0.0,-319060.0,-241525.5874999999,0.1032015275741776,7.079421246183725,0.0052326621638536,-132049.375,-0.0136820037515171,0.0,8.054150780166736,-0.0626955536036464,130085.50079250144,0.1999999999999999,122400.25200483145,9.471874999999995,0.1679768456190047,150.8315365,-250157.50239485505,-942972.849999994,0.0052428031619502,0.0,0.0,0.0,-59194.625,-27280.0,-0.0291119400406792,-19900.0,1866228.8461548032,9.0,-1075511.009999998,0.0011330187110594,0.0,0.0286946651532349,0.0835497652496893,1974150.625
2025-08-28,2001624.875,151.5018565,1974150.625,151.449169,56.1875,151.5018565,-0.01936851299115,1.9,151.449169,53.725,1681442.214092035,76.222,0.0585214014878374,22.05145492279729,0.0,75.70666666666669,-202927.0,0.02090776,0.093502345233612,0.782618492645282,2.796754651189588,585899.0990160168,0.0908044860259003,23.46324413337734,2284818.012055532,0.0,0.0,-280190.0,-202495.3999999999,0.1125425308741129,7.322196113260624,0.0047343133863437,-24473.25,0.0035493089525979,0.0,11.13232689634134,-0.0121043726247025,136618.62849135144,0.3390804597701149,134283.67750219864,12.549999999999995,0.1938928461324789,150.8315365,1031792.735928461,544212.099999994,-0.0115858233658472,0.0,0.0,0.0,23228.125,6980.0,0.0117661361325962,9810.0,1784762.8262654047,14.75,29221.75,0.0186053442700331,0.0,0.0194764795144157,0.0924896184605448,1997378.75
